#ifndef VMP_APP_ICON_DATA_H
#define VMP_APP_ICON_DATA_H

#include <cstdint>

constexpr int VMP_APP_ICON_SIZE = 128;

static const uint8_t VMP_APP_ICON_RGBA[] = {
0x00, 0x00, 0x00, 0x00, 0x00, 0x00, 0x00, 0x00, 0x00, 0x00, 0x00, 0x00, 0x00, 0x00, 0x00, 0x00,
0x00, 0x00, 0x00, 0x00, 0x00, 0x00, 0x00, 0x00, 0x00, 0x00, 0x00, 0x00, 0x00, 0x00, 0x00, 0x00,
0x00, 0x00, 0x00, 0x00, 0x00, 0x00, 0x00, 0x00, 0x00, 0x00, 0x00, 0x00, 0x00, 0x00, 0x00, 0x00,
0x00, 0x00, 0x00, 0x00, 0x00, 0x00, 0x00, 0x00, 0x00, 0x00, 0x00, 0x00, 0x00, 0x00, 0x00, 0x00,
0x00, 0x00, 0x00, 0x00, 0x00, 0x00, 0x00, 0x00, 0x00, 0x00, 0x00, 0x00, 0x00, 0x00, 0x00, 0x00,
0x00, 0x00, 0x00, 0x00, 0x00, 0x00, 0x00, 0x00, 0x00, 0x00, 0x00, 0x00, 0x00, 0x00, 0x00, 0x00,
0x00, 0x00, 0x00, 0x00, 0x00, 0x00, 0x00, 0x00, 0x00, 0x00, 0x00, 0x00, 0x00, 0x00, 0x00, 0x00,
0x00, 0x00, 0x00, 0x00, 0x00, 0x00, 0x00, 0x00, 0x00, 0x00, 0x00, 0x00, 0x00, 0x00, 0x00, 0x00,
0x00, 0x00, 0x00, 0x00, 0x00, 0x00, 0x00, 0x00, 0x00, 0x00, 0x00, 0x00, 0x00, 0x00, 0x00, 0x00,
0x00, 0x00, 0x00, 0x00, 0x00, 0x00, 0x00, 0x00, 0x00, 0x00, 0x00, 0x00, 0x00, 0x00, 0x00, 0x00,
0x00, 0x00, 0x00, 0x00, 0x00, 0x00, 0x00, 0x00, 0x00, 0x00, 0x00, 0x00, 0x00, 0x00, 0x00, 0x00,
0x00, 0x00, 0x00, 0x00, 0x00, 0x00, 0x00, 0x00, 0x00, 0x00, 0x00, 0x00, 0x00, 0x00, 0x00, 0x00,
0x00, 0x00, 0x00, 0x00, 0x00, 0x00, 0x00, 0x00, 0x00, 0x00, 0x00, 0x00, 0x00, 0x00, 0x00, 0x00,
0x00, 0x00, 0x00, 0x00, 0x00, 0x00, 0x00, 0x00, 0x00, 0x00, 0x00, 0x00, 0x00, 0x00, 0x00, 0x00,
0x00, 0x00, 0x00, 0x00, 0x00, 0x00, 0x00, 0x00, 0x00, 0x00, 0x00, 0x00, 0x00, 0x00, 0x00, 0x00,
0x00, 0x00, 0x00, 0x00, 0x00, 0x00, 0x00, 0x00, 0x00, 0x00, 0x00, 0x00, 0x00, 0x00, 0x00, 0x00,
0x00, 0x00, 0x00, 0x00, 0x00, 0x00, 0x00, 0x00, 0x00, 0x00, 0x00, 0x00, 0x00, 0x00, 0x00, 0x00,
0x00, 0x00, 0x00, 0x00, 0x00, 0x00, 0x00, 0x00, 0x00, 0x00, 0x00, 0x00, 0x00, 0x00, 0x00, 0x00,
0x00, 0x00, 0x00, 0x00, 0x00, 0x00, 0x00, 0x00, 0x00, 0x00, 0x00, 0x00, 0x00, 0x00, 0x00, 0x00,
0x00, 0x00, 0x00, 0x00, 0x00, 0x00, 0x00, 0x00, 0x00, 0x00, 0x00, 0x00, 0x00, 0x00, 0x00, 0x00,
0x00, 0x00, 0x00, 0x00, 0x00, 0x00, 0x00, 0x00, 0x00, 0x00, 0x00, 0x00, 0x00, 0x00, 0x00, 0x00,
0x00, 0x00, 0x00, 0x00, 0x00, 0x00, 0x00, 0x00, 0x00, 0x00, 0x00, 0x00, 0x00, 0x00, 0x00, 0x00,
0x00, 0x00, 0x00, 0x00, 0x00, 0x00, 0x00, 0x00, 0x00, 0x00, 0x00, 0x00, 0x00, 0x00, 0x00, 0x00,
0x00, 0x00, 0x00, 0x00, 0x00, 0x00, 0x00, 0x00, 0x00, 0x00, 0x00, 0x00, 0x00, 0x00, 0x00, 0x00,
0x00, 0x00, 0x00, 0x00, 0x00, 0x00, 0x00, 0x00, 0x00, 0x00, 0x00, 0x00, 0x00, 0x00, 0x00, 0x00,
0x00, 0x00, 0x00, 0x00, 0x00, 0x00, 0x00, 0x00, 0x00, 0x00, 0x00, 0x00, 0x00, 0x00, 0x00, 0x00,
0x00, 0x00, 0x00, 0x00, 0x00, 0x00, 0x00, 0x00, 0x00, 0x00, 0x00, 0x00, 0x00, 0x00, 0x00, 0x00,
0x00, 0x00, 0x00, 0x00, 0x00, 0x00, 0x00, 0x00, 0x00, 0x00, 0x00, 0x00, 0x00, 0x00, 0x00, 0x00,
0x00, 0x00, 0x00, 0x00, 0x00, 0x00, 0x00, 0x00, 0x00, 0x00, 0x00, 0x00, 0x00, 0x00, 0x00, 0x00,
0x00, 0x00, 0x00, 0x00, 0x00, 0x00, 0x00, 0x00, 0x00, 0x00, 0x00, 0x00, 0x00, 0x00, 0x00, 0x00,
0x00, 0x00, 0x00, 0x00, 0x00, 0x00, 0x00, 0x00, 0x00, 0x00, 0x00, 0x00, 0x00, 0x00, 0x00, 0x00,
0x00, 0x00, 0x00, 0x00, 0x00, 0x00, 0x00, 0x00, 0x00, 0x00, 0x00, 0x00, 0x00, 0x00, 0x00, 0x00,
0x00, 0x00, 0x00, 0x00, 0x00, 0x00, 0x00, 0x00, 0x00, 0x00, 0x00, 0x00, 0x00, 0x00, 0x00, 0x00,
0x00, 0x00, 0x00, 0x00, 0x00, 0x00, 0x00, 0x00, 0x00, 0x00, 0x00, 0x00, 0x00, 0x00, 0x00, 0x00,
0x00, 0x00, 0x00, 0x00, 0x00, 0x00, 0x00, 0x00, 0x00, 0x00, 0x00, 0x00, 0x00, 0x00, 0x00, 0x00,
0x00, 0x00, 0x00, 0x00, 0x00, 0x00, 0x00, 0x00, 0x00, 0x00, 0x00, 0x00, 0x00, 0x00, 0x00, 0x00,
0x00, 0x00, 0x00, 0x00, 0x00, 0x00, 0x00, 0x00, 0x00, 0x00, 0x00, 0x00, 0x00, 0x00, 0x00, 0x00,
0x00, 0x00, 0x00, 0x00, 0x00, 0x00, 0x00, 0x00, 0x00, 0x00, 0x00, 0x00, 0x00, 0x00, 0x00, 0x00,
0x00, 0x00, 0x00, 0x00, 0x00, 0x00, 0x00, 0x00, 0x00, 0x00, 0x00, 0x00, 0x00, 0x00, 0x00, 0x00,
0x00, 0x00, 0x00, 0x00, 0x00, 0x00, 0x00, 0x00, 0x00, 0x00, 0x00, 0x00, 0x00, 0x00, 0x00, 0x00,
0x00, 0x00, 0x00, 0x00, 0x00, 0x00, 0x00, 0x00, 0x00, 0x00, 0x00, 0x00, 0x00, 0x00, 0x00, 0x00,
0x00, 0x00, 0x00, 0x00, 0x00, 0x00, 0x00, 0x00, 0x00, 0x00, 0x00, 0x00, 0x00, 0x00, 0x00, 0x00,
0x00, 0x00, 0x00, 0x00, 0x00, 0x00, 0x00, 0x00, 0x00, 0x00, 0x00, 0x00, 0x00, 0x00, 0x00, 0x00,
0x00, 0x00, 0x00, 0x00, 0x00, 0x00, 0x00, 0x00, 0x00, 0x00, 0x00, 0x00, 0x00, 0x00, 0x00, 0x00,
0x00, 0x00, 0x00, 0x00, 0x00, 0x00, 0x00, 0x00, 0x00, 0x00, 0x00, 0x00, 0x00, 0x00, 0x00, 0x00,
0x00, 0x00, 0x00, 0x00, 0x00, 0x00, 0x00, 0x00, 0x00, 0x00, 0x00, 0x00, 0x00, 0x00, 0x00, 0x00,
0x00, 0x00, 0x00, 0x00, 0x00, 0x00, 0x00, 0x00, 0x00, 0x00, 0x00, 0x00, 0x00, 0x00, 0x00, 0x00,
0x00, 0x00, 0x00, 0x00, 0x00, 0x00, 0x00, 0x00, 0x00, 0x00, 0x00, 0x00, 0x00, 0x00, 0x00, 0x00,
0x00, 0x00, 0x00, 0x00, 0x00, 0x00, 0x00, 0x00, 0x00, 0x00, 0x00, 0x00, 0x00, 0x00, 0x00, 0x00,
0x00, 0x00, 0x00, 0x00, 0x00, 0x00, 0x00, 0x00, 0x00, 0x00, 0x00, 0x00, 0x00, 0x00, 0x00, 0x00,
0x00, 0x00, 0x00, 0x00, 0x00, 0x00, 0x00, 0x00, 0x00, 0x00, 0x00, 0x00, 0x00, 0x00, 0x00, 0x00,
0x00, 0x00, 0x00, 0x00, 0x00, 0x00, 0x00, 0x00, 0x00, 0x00, 0x00, 0x00, 0x00, 0x00, 0x00, 0x00,
0x00, 0x00, 0x00, 0x00, 0x00, 0x00, 0x00, 0x00, 0x00, 0x00, 0x00, 0x00, 0x00, 0x00, 0x00, 0x00,
0x00, 0x00, 0x00, 0x00, 0x00, 0x00, 0x00, 0x00, 0x00, 0x00, 0x00, 0x00, 0x00, 0x00, 0x00, 0x00,
0x00, 0x00, 0x00, 0x00, 0x00, 0x00, 0x00, 0x00, 0x00, 0x00, 0x00, 0x00, 0x00, 0x00, 0x00, 0x00,
0x00, 0x00, 0x00, 0x00, 0x00, 0x00, 0x00, 0x00, 0x00, 0x00, 0x00, 0x00, 0x00, 0x00, 0x00, 0x00,
0x00, 0x00, 0x00, 0x00, 0x00, 0x00, 0x00, 0x00, 0x00, 0x00, 0x00, 0x00, 0x00, 0x00, 0x00, 0x00,
0x00, 0x00, 0x00, 0x00, 0x00, 0x00, 0x00, 0x00, 0x00, 0x00, 0x00, 0x00, 0x00, 0x00, 0x00, 0x00,
0x00, 0x00, 0x00, 0x00, 0x00, 0x00, 0x00, 0x00, 0x00, 0x00, 0x00, 0x00, 0x00, 0x00, 0x00, 0x00,
0x00, 0x00, 0x00, 0x00, 0x00, 0x00, 0x00, 0x00, 0x00, 0x00, 0x00, 0x00, 0x00, 0x00, 0x00, 0x00,
0x00, 0x00, 0x00, 0x00, 0x00, 0x00, 0x00, 0x00, 0x00, 0x00, 0x00, 0x00, 0x00, 0x00, 0x00, 0x00,
0x00, 0x00, 0x00, 0x00, 0x00, 0x00, 0x00, 0x00, 0x00, 0x00, 0x00, 0x00, 0x00, 0x00, 0x00, 0x00,
0x00, 0x00, 0x00, 0x00, 0x00, 0x00, 0x00, 0x00, 0x00, 0x00, 0x00, 0x00, 0x00, 0x00, 0x00, 0x00,
0x00, 0x00, 0x00, 0x00, 0x00, 0x00, 0x00, 0x00, 0x00, 0x00, 0x00, 0x00, 0x00, 0x00, 0x00, 0x00,
0x00, 0x00, 0x00, 0x00, 0x00, 0x00, 0x00, 0x00, 0x00, 0x00, 0x00, 0x00, 0x00, 0x00, 0x00, 0x00,
0x00, 0x00, 0x00, 0x00, 0x00, 0x00, 0x00, 0x00, 0x00, 0x00, 0x00, 0x00, 0x00, 0x00, 0x00, 0x00,
0x00, 0x00, 0x00, 0x00, 0x00, 0x00, 0x00, 0x00, 0x00, 0x00, 0x00, 0x00, 0x00, 0x00, 0x00, 0x00,
0x00, 0x00, 0x00, 0x00, 0x00, 0x00, 0x00, 0x00, 0x00, 0x00, 0x00, 0x00, 0x00, 0x00, 0x00, 0x00,
0x00, 0x00, 0x00, 0x00, 0x00, 0x00, 0x00, 0x00, 0x00, 0x00, 0x00, 0x00, 0x00, 0x00, 0x00, 0x00,
0x00, 0x00, 0x00, 0x00, 0x00, 0x00, 0x00, 0x00, 0x00, 0x00, 0x00, 0x00, 0x00, 0x00, 0x00, 0x00,
0x00, 0x00, 0x00, 0x00, 0x00, 0x00, 0x00, 0x00, 0x00, 0x00, 0x00, 0x00, 0x00, 0x00, 0x00, 0x00,
0x00, 0x00, 0x00, 0x00, 0x00, 0x00, 0x00, 0x00, 0x00, 0x00, 0x00, 0x00, 0x00, 0x00, 0x00, 0x00,
0x00, 0x00, 0x00, 0x00, 0x00, 0x00, 0x00, 0x00, 0x00, 0x00, 0x00, 0x00, 0x00, 0x00, 0x00, 0x00,
0x00, 0x00, 0x00, 0x00, 0x00, 0x00, 0x00, 0x00, 0x00, 0x00, 0x00, 0x00, 0x00, 0x00, 0x00, 0x00,
0x00, 0x00, 0x00, 0x00, 0x00, 0x00, 0x00, 0x00, 0x00, 0x00, 0x00, 0x00, 0x00, 0x00, 0x00, 0x00,
0x00, 0x00, 0x00, 0x00, 0x00, 0x00, 0x00, 0x00, 0x00, 0x00, 0x00, 0x00, 0x00, 0x00, 0x00, 0x00,
0x00, 0x00, 0x00, 0x00, 0x00, 0x00, 0x00, 0x00, 0x00, 0x00, 0x00, 0x00, 0x00, 0x00, 0x00, 0x00,
0x00, 0x00, 0x00, 0x00, 0x00, 0x00, 0x00, 0x00, 0x00, 0x00, 0x00, 0x00, 0x00, 0x00, 0x00, 0x00,
0x00, 0x00, 0x00, 0x00, 0x00, 0x00, 0x00, 0x00, 0x00, 0x00, 0x00, 0x00, 0x00, 0x00, 0x00, 0x00,
0x00, 0x00, 0x00, 0x00, 0x00, 0x00, 0x00, 0x00, 0x00, 0x00, 0x00, 0x00, 0x00, 0x00, 0x00, 0x00,
0x00, 0x00, 0x00, 0x00, 0x00, 0x00, 0x00, 0x00, 0x00, 0x00, 0x00, 0x00, 0x00, 0x00, 0x00, 0x00,
0x00, 0x00, 0x00, 0x00, 0x00, 0x00, 0x00, 0x00, 0x00, 0x00, 0x00, 0x00, 0x00, 0x00, 0x00, 0x00,
0x00, 0x00, 0x00, 0x00, 0x00, 0x00, 0x00, 0x00, 0x00, 0x00, 0x00, 0x00, 0x00, 0x00, 0x00, 0x00,
0x00, 0x00, 0x00, 0x00, 0x00, 0x00, 0x00, 0x00, 0x00, 0x00, 0x00, 0x00, 0x00, 0x00, 0x00, 0x00,
0x00, 0x00, 0x00, 0x00, 0x00, 0x00, 0x00, 0x00, 0x00, 0x00, 0x00, 0x00, 0x00, 0x00, 0x00, 0x00,
0x00, 0x00, 0x00, 0x00, 0x00, 0x00, 0x00, 0x00, 0x00, 0x00, 0x00, 0x00, 0x00, 0x00, 0x00, 0x00,
0x00, 0x00, 0x00, 0x00, 0x00, 0x00, 0x00, 0x00, 0x00, 0x00, 0x00, 0x00, 0x00, 0x00, 0x00, 0x00,
0x00, 0x00, 0x00, 0x00, 0x00, 0x00, 0x00, 0x00, 0x00, 0x00, 0x00, 0x00, 0x00, 0x00, 0x00, 0x00,
0x00, 0x00, 0x00, 0x00, 0x00, 0x00, 0x00, 0x00, 0x00, 0x00, 0x00, 0x00, 0x00, 0x00, 0x00, 0x00,
0x00, 0x00, 0x00, 0x00, 0x00, 0x00, 0x00, 0x00, 0x00, 0x00, 0x00, 0x00, 0x00, 0x00, 0x00, 0x00,
0x00, 0x00, 0x00, 0x00, 0x00, 0x00, 0x00, 0x00, 0x00, 0x00, 0x00, 0x00, 0x00, 0x00, 0x00, 0x00,
0x00, 0x00, 0x00, 0x00, 0x00, 0x00, 0x00, 0x00, 0x00, 0x00, 0x00, 0x00, 0x00, 0x00, 0x00, 0x00,
0x00, 0x00, 0x00, 0x00, 0x00, 0x00, 0x00, 0x00, 0x00, 0x00, 0x00, 0x00, 0x00, 0x00, 0x00, 0x00,
0x00, 0x00, 0x00, 0x00, 0x00, 0x00, 0x00, 0x00, 0x00, 0x00, 0x00, 0x00, 0x00, 0x00, 0x00, 0x00,
0x00, 0x00, 0x00, 0x00, 0x00, 0x00, 0x00, 0x00, 0x00, 0x00, 0x00, 0x00, 0x00, 0x00, 0x00, 0x00,
0x00, 0x00, 0x00, 0x00, 0x00, 0x00, 0x00, 0x00, 0x00, 0x00, 0x00, 0x00, 0x00, 0x00, 0x00, 0x00,
0x00, 0x00, 0x00, 0x00, 0x00, 0x00, 0x00, 0x00, 0x00, 0x00, 0x00, 0x00, 0x00, 0x00, 0x00, 0x00,
0x00, 0x00, 0x00, 0x00, 0x00, 0x00, 0x00, 0x00, 0x00, 0x00, 0x00, 0x00, 0x00, 0x00, 0x00, 0x00,
0x00, 0x00, 0x00, 0x00, 0x00, 0x00, 0x00, 0x00, 0x00, 0x00, 0x00, 0x00, 0x00, 0x00, 0x00, 0x00,
0x00, 0x00, 0x00, 0x00, 0x00, 0x00, 0x00, 0x00, 0x00, 0x00, 0x00, 0x00, 0x00, 0x00, 0x00, 0x00,
0x00, 0x00, 0x00, 0x00, 0x00, 0x00, 0x00, 0x00, 0x00, 0x00, 0x00, 0x00, 0x00, 0x00, 0x00, 0x00,
0x00, 0x00, 0x00, 0x00, 0x00, 0x00, 0x00, 0x00, 0x00, 0x00, 0x00, 0x00, 0x00, 0x00, 0x00, 0x00,
0x00, 0x00, 0x00, 0x00, 0x00, 0x00, 0x00, 0x00, 0x00, 0x00, 0x00, 0x00, 0x00, 0x00, 0x00, 0x00,
0x00, 0x00, 0x00, 0x00, 0x00, 0x00, 0x00, 0x00, 0x00, 0x00, 0x00, 0x00, 0x00, 0x00, 0x00, 0x00,
0x00, 0x00, 0x00, 0x00, 0x00, 0x00, 0x00, 0x00, 0x00, 0x00, 0x00, 0x00, 0x00, 0x00, 0x00, 0x00,
0x00, 0x00, 0x00, 0x00, 0x00, 0x00, 0x00, 0x00, 0x00, 0x00, 0x00, 0x00, 0x00, 0x00, 0x00, 0x00,
0x00, 0x00, 0x00, 0x00, 0x00, 0x00, 0x00, 0x00, 0xb8, 0xc0, 0xff, 0x00, 0xb8, 0xc0, 0xff, 0x00,
0xb8, 0xc0, 0xff, 0x04, 0xb8, 0xc0, 0xff, 0x0c, 0xb8, 0xc0, 0xff, 0x13, 0xb8, 0xc0, 0xff, 0x1a,
0xb8, 0xc0, 0xff, 0x1e, 0xb8, 0xc0, 0xff, 0x1e, 0xb8, 0xc0, 0xff, 0x1e, 0xb8, 0xc0, 0xff, 0x1e,
0xb8, 0xc0, 0xff, 0x1e, 0xb8, 0xc0, 0xff, 0x1e, 0xb8, 0xc0, 0xff, 0x1e, 0xb8, 0xc0, 0xff, 0x1e,
0xb8, 0xc0, 0xff, 0x1e, 0xb8, 0xc0, 0xff, 0x1e, 0xb8, 0xc0, 0xff, 0x1e, 0xb8, 0xc0, 0xff, 0x1e,
0xb8, 0xc0, 0xff, 0x1e, 0xb8, 0xc0, 0xff, 0x1e, 0xb8, 0xc0, 0xff, 0x1e, 0xb8, 0xc0, 0xff, 0x1e,
0xb8, 0xc0, 0xff, 0x1e, 0xb8, 0xc0, 0xff, 0x1e, 0xb8, 0xc0, 0xff, 0x1e, 0xb8, 0xc0, 0xff, 0x1e,
0xb8, 0xc0, 0xff, 0x1e, 0xb8, 0xc0, 0xff, 0x1e, 0xb8, 0xc0, 0xff, 0x1e, 0xb8, 0xc0, 0xff, 0x1e,
0xb8, 0xc0, 0xff, 0x1e, 0xb8, 0xc0, 0xff, 0x1e, 0xb8, 0xc0, 0xff, 0x1e, 0xb8, 0xc0, 0xff, 0x1e,
0xb8, 0xc0, 0xff, 0x1e, 0xb8, 0xc0, 0xff, 0x1e, 0xb8, 0xc0, 0xff, 0x1e, 0xb8, 0xc0, 0xff, 0x1e,
0xb8, 0xc0, 0xff, 0x1e, 0xb8, 0xc0, 0xff, 0x1e, 0xb8, 0xc0, 0xff, 0x1e, 0xb8, 0xc0, 0xff, 0x1e,
0xb8, 0xc0, 0xff, 0x1e, 0xb8, 0xc0, 0xff, 0x1e, 0xb8, 0xc0, 0xff, 0x1e, 0xb8, 0xc0, 0xff, 0x1e,
0xb8, 0xc0, 0xff, 0x1e, 0xb8, 0xc0, 0xff, 0x1e, 0xb8, 0xc0, 0xff, 0x1e, 0xb8, 0xc0, 0xff, 0x1e,
0xb8, 0xc0, 0xff, 0x1e, 0xb8, 0xc0, 0xff, 0x1e, 0xb8, 0xc0, 0xff, 0x1e, 0xb8, 0xc0, 0xff, 0x1e,
0xb8, 0xc0, 0xff, 0x1b, 0xb8, 0xc0, 0xff, 0x15, 0xb8, 0xc0, 0xff, 0x0d, 0xb8, 0xc0, 0xff, 0x05,
0xb8, 0xc0, 0xff, 0x00, 0xb8, 0xc0, 0xff, 0x00, 0x00, 0x00, 0x00, 0x00, 0x00, 0x00, 0x00, 0x00,
0x00, 0x00, 0x00, 0x00, 0x00, 0x00, 0x00, 0x00, 0x00, 0x00, 0x00, 0x00, 0x00, 0x00, 0x00, 0x00,
0x00, 0x00, 0x00, 0x00, 0x00, 0x00, 0x00, 0x00, 0x00, 0x00, 0x00, 0x00, 0x00, 0x00, 0x00, 0x00,
0x00, 0x00, 0x00, 0x00, 0x00, 0x00, 0x00, 0x00, 0x00, 0x00, 0x00, 0x00, 0x00, 0x00, 0x00, 0x00,
0x00, 0x00, 0x00, 0x00, 0x00, 0x00, 0x00, 0x00, 0x00, 0x00, 0x00, 0x00, 0x00, 0x00, 0x00, 0x00,
0x00, 0x00, 0x00, 0x00, 0x00, 0x00, 0x00, 0x00, 0x00, 0x00, 0x00, 0x00, 0x00, 0x00, 0x00, 0x00,
0x00, 0x00, 0x00, 0x00, 0x00, 0x00, 0x00, 0x00, 0x00, 0x00, 0x00, 0x00, 0x00, 0x00, 0x00, 0x00,
0x00, 0x00, 0x00, 0x00, 0x00, 0x00, 0x00, 0x00, 0x00, 0x00, 0x00, 0x00, 0x00, 0x00, 0x00, 0x00,
0x00, 0x00, 0x00, 0x00, 0x00, 0x00, 0x00, 0x00, 0x00, 0x00, 0x00, 0x00, 0x00, 0x00, 0x00, 0x00,
0x00, 0x00, 0x00, 0x00, 0x00, 0x00, 0x00, 0x00, 0x00, 0x00, 0x00, 0x00, 0x00, 0x00, 0x00, 0x00,
0x00, 0x00, 0x00, 0x00, 0x00, 0x00, 0x00, 0x00, 0x00, 0x00, 0x00, 0x00, 0x00, 0x00, 0x00, 0x00,
0x00, 0x00, 0x00, 0x00, 0x00, 0x00, 0x00, 0x00, 0x00, 0x00, 0x00, 0x00, 0x00, 0x00, 0x00, 0x00,
0x00, 0x00, 0x00, 0x00, 0x00, 0x00, 0x00, 0x00, 0x00, 0x00, 0x00, 0x00, 0x00, 0x00, 0x00, 0x00,
0x00, 0x00, 0x00, 0x00, 0x00, 0x00, 0x00, 0x00, 0x00, 0x00, 0x00, 0x00, 0x00, 0x00, 0x00, 0x00,
0x00, 0x00, 0x00, 0x00, 0x00, 0x00, 0x00, 0x00, 0x00, 0x00, 0x00, 0x00, 0x00, 0x00, 0x00, 0x00,
0x00, 0x00, 0x00, 0x00, 0x00, 0x00, 0x00, 0x00, 0x00, 0x00, 0x00, 0x00, 0x00, 0x00, 0x00, 0x00,
0x00, 0x00, 0x00, 0x00, 0x00, 0x00, 0x00, 0x00, 0xb8, 0xc0, 0xff, 0x00, 0xb8, 0xc0, 0xff, 0x00,
0xb8, 0xc0, 0xff, 0x0e, 0xb8, 0xc0, 0xff, 0x32, 0xb8, 0xc0, 0xff, 0x61, 0xb8, 0xc0, 0xff, 0x8c,
0xb8, 0xc0, 0xff, 0xaf, 0xb8, 0xc0, 0xff, 0xc6, 0xb8, 0xc0, 0xff, 0xd2, 0xb8, 0xc0, 0xff, 0xdb,
0xb8, 0xc0, 0xff, 0xe1, 0xb8, 0xc0, 0xff, 0xe1, 0xb8, 0xc0, 0xff, 0xe1, 0xb8, 0xc0, 0xff, 0xe1,
0xb8, 0xc0, 0xff, 0xe1, 0xb8, 0xc0, 0xff, 0xe1, 0xb8, 0xc0, 0xff, 0xe1, 0xb8, 0xc0, 0xff, 0xe1,
0xb8, 0xc0, 0xff, 0xe1, 0xb8, 0xc0, 0xff, 0xe1, 0xb8, 0xc0, 0xff, 0xe1, 0xb8, 0xc0, 0xff, 0xe1,
0xb8, 0xc0, 0xff, 0xe1, 0xb8, 0xc0, 0xff, 0xe1, 0xb8, 0xc0, 0xff, 0xe1, 0xb8, 0xc0, 0xff, 0xe1,
0xb8, 0xc0, 0xff, 0xe1, 0xb8, 0xc0, 0xff, 0xe1, 0xb8, 0xc0, 0xff, 0xe1, 0xb8, 0xc0, 0xff, 0xe1,
0xb8, 0xc0, 0xff, 0xe1, 0xb8, 0xc0, 0xff, 0xe1, 0xb8, 0xc0, 0xff, 0xe1, 0xb8, 0xc0, 0xff, 0xe1,
0xb8, 0xc0, 0xff, 0xe1, 0xb8, 0xc0, 0xff, 0xe1, 0xb8, 0xc0, 0xff, 0xe1, 0xb8, 0xc0, 0xff, 0xe1,
0xb8, 0xc0, 0xff, 0xe1, 0xb8, 0xc0, 0xff, 0xe1, 0xb8, 0xc0, 0xff, 0xe1, 0xb8, 0xc0, 0xff, 0xe1,
0xb8, 0xc0, 0xff, 0xe1, 0xb8, 0xc0, 0xff, 0xe1, 0xb8, 0xc0, 0xff, 0xe1, 0xb8, 0xc0, 0xff, 0xe1,
0xb8, 0xc0, 0xff, 0xe1, 0xb8, 0xc0, 0xff, 0xe1, 0xb8, 0xc0, 0xff, 0xe1, 0xb8, 0xc0, 0xff, 0xe1,
0xb8, 0xc0, 0xff, 0xe1, 0xb8, 0xc0, 0xff, 0xe1, 0xb8, 0xc0, 0xff, 0xe1, 0xb8, 0xc0, 0xff, 0xe1,
0xb8, 0xc0, 0xff, 0xe1, 0xb8, 0xc0, 0xff, 0xe1, 0xb8, 0xc0, 0xff, 0xe1, 0xb8, 0xc0, 0xff, 0xe1,
0xb8, 0xc0, 0xff, 0xdd, 0xb8, 0xc0, 0xff, 0xd4, 0xb8, 0xc0, 0xff, 0xc8, 0xb8, 0xc0, 0xff, 0xb4,
0xb8, 0xc0, 0xff, 0x93, 0xb8, 0xc0, 0xff, 0x69, 0xb8, 0xc0, 0xff, 0x3a, 0xb8, 0xc0, 0xff, 0x13,
0xb8, 0xc0, 0xff, 0x01, 0xb8, 0xc0, 0xff, 0x00, 0x00, 0x00, 0x00, 0x00, 0x00, 0x00, 0x00, 0x00,
0x00, 0x00, 0x00, 0x00, 0x00, 0x00, 0x00, 0x00, 0x00, 0x00, 0x00, 0x00, 0x00, 0x00, 0x00, 0x00,
0x00, 0x00, 0x00, 0x00, 0x00, 0x00, 0x00, 0x00, 0x00, 0x00, 0x00, 0x00, 0x00, 0x00, 0x00, 0x00,
0x00, 0x00, 0x00, 0x00, 0x00, 0x00, 0x00, 0x00, 0x00, 0x00, 0x00, 0x00, 0x00, 0x00, 0x00, 0x00,
0x00, 0x00, 0x00, 0x00, 0x00, 0x00, 0x00, 0x00, 0x00, 0x00, 0x00, 0x00, 0x00, 0x00, 0x00, 0x00,
0x00, 0x00, 0x00, 0x00, 0x00, 0x00, 0x00, 0x00, 0x00, 0x00, 0x00, 0x00, 0x00, 0x00, 0x00, 0x00,
0x00, 0x00, 0x00, 0x00, 0x00, 0x00, 0x00, 0x00, 0x00, 0x00, 0x00, 0x00, 0x00, 0x00, 0x00, 0x00,
0x00, 0x00, 0x00, 0x00, 0x00, 0x00, 0x00, 0x00, 0x00, 0x00, 0x00, 0x00, 0x00, 0x00, 0x00, 0x00,
0x00, 0x00, 0x00, 0x00, 0x00, 0x00, 0x00, 0x00, 0x00, 0x00, 0x00, 0x00, 0x00, 0x00, 0x00, 0x00,
0x00, 0x00, 0x00, 0x00, 0x00, 0x00, 0x00, 0x00, 0x00, 0x00, 0x00, 0x00, 0x00, 0x00, 0x00, 0x00,
0x00, 0x00, 0x00, 0x00, 0x00, 0x00, 0x00, 0x00, 0x00, 0x00, 0x00, 0x00, 0x00, 0x00, 0x00, 0x00,
0x00, 0x00, 0x00, 0x00, 0x00, 0x00, 0x00, 0x00, 0x00, 0x00, 0x00, 0x00, 0x00, 0x00, 0x00, 0x00,
0x00, 0x00, 0x00, 0x00, 0x00, 0x00, 0x00, 0x00, 0x00, 0x00, 0x00, 0x00, 0x00, 0x00, 0x00, 0x00,
0x00, 0x00, 0x00, 0x00, 0x00, 0x00, 0x00, 0x00, 0x00, 0x00, 0x00, 0x00, 0x00, 0x00, 0x00, 0x00,
0x00, 0x00, 0x00, 0x00, 0x00, 0x00, 0x00, 0x00, 0x00, 0x00, 0x00, 0x00, 0xb8, 0xc0, 0xff, 0x00,
0xb8, 0xc0, 0xff, 0x00, 0xb8, 0xc0, 0xff, 0x08, 0xb8, 0xc0, 0xff, 0x37, 0xb8, 0xc0, 0xff, 0x82,
0xb8, 0xc0, 0xff, 0xc5, 0xb8, 0xc0, 0xff, 0xee, 0xb8, 0xc0, 0xff, 0xfe, 0xb8, 0xc0, 0xff, 0xff,
0xb8, 0xc0, 0xff, 0xff, 0xb8, 0xc0, 0xff, 0xff, 0xb8, 0xc0, 0xff, 0xff, 0xb8, 0xc0, 0xff, 0xff,
0xb8, 0xc0, 0xff, 0xff, 0xb8, 0xc0, 0xff, 0xff, 0xb8, 0xc0, 0xff, 0xff, 0xb8, 0xc0, 0xff, 0xff,
0xb8, 0xc0, 0xff, 0xff, 0xb8, 0xc0, 0xff, 0xff, 0xb8, 0xc0, 0xff, 0xff, 0xb8, 0xc0, 0xff, 0xff,
0xb8, 0xc0, 0xff, 0xff, 0xb8, 0xc0, 0xff, 0xff, 0xb8, 0xc0, 0xff, 0xff, 0xb8, 0xc0, 0xff, 0xff,
0xb8, 0xc0, 0xff, 0xff, 0xb8, 0xc0, 0xff, 0xff, 0xb8, 0xc0, 0xff, 0xff, 0xb8, 0xc0, 0xff, 0xff,
0xb8, 0xc0, 0xff, 0xff, 0xb8, 0xc0, 0xff, 0xff, 0xb8, 0xc0, 0xff, 0xff, 0xb8, 0xc0, 0xff, 0xff,
0xb8, 0xc0, 0xff, 0xff, 0xb8, 0xc0, 0xff, 0xff, 0xb8, 0xc0, 0xff, 0xff, 0xb8, 0xc0, 0xff, 0xff,
0xb8, 0xc0, 0xff, 0xff, 0xb8, 0xc0, 0xff, 0xff, 0xb8, 0xc0, 0xff, 0xff, 0xb8, 0xc0, 0xff, 0xff,
0xb8, 0xc0, 0xff, 0xff, 0xb8, 0xc0, 0xff, 0xff, 0xb8, 0xc0, 0xff, 0xff, 0xb8, 0xc0, 0xff, 0xff,
0xb8, 0xc0, 0xff, 0xff, 0xb8, 0xc0, 0xff, 0xff, 0xb8, 0xc0, 0xff, 0xff, 0xb8, 0xc0, 0xff, 0xff,
0xb8, 0xc0, 0xff, 0xff, 0xb8, 0xc0, 0xff, 0xff, 0xb8, 0xc0, 0xff, 0xff, 0xb8, 0xc0, 0xff, 0xff,
0xb8, 0xc0, 0xff, 0xff, 0xb8, 0xc0, 0xff, 0xff, 0xb8, 0xc0, 0xff, 0xff, 0xb8, 0xc0, 0xff, 0xff,
0xb8, 0xc0, 0xff, 0xff, 0xb8, 0xc0, 0xff, 0xff, 0xb8, 0xc0, 0xff, 0xff, 0xb8, 0xc0, 0xff, 0xff,
0xb8, 0xc0, 0xff, 0xff, 0xb8, 0xc0, 0xff, 0xff, 0xb8, 0xc0, 0xff, 0xff, 0xb8, 0xc0, 0xff, 0xff,
0xb8, 0xc0, 0xff, 0xff, 0xb8, 0xc0, 0xff, 0xff, 0xb8, 0xc0, 0xff, 0xf2, 0xb8, 0xc0, 0xff, 0xce,
0xb8, 0xc0, 0xff, 0x8f, 0xb8, 0xc0, 0xff, 0x42, 0xb8, 0xc0, 0xff, 0x0c, 0xb8, 0xc0, 0xff, 0x00,
0xb8, 0xc0, 0xff, 0x00, 0x00, 0x00, 0x00, 0x00, 0x00, 0x00, 0x00, 0x00, 0x00, 0x00, 0x00, 0x00,
0x00, 0x00, 0x00, 0x00, 0x00, 0x00, 0x00, 0x00, 0x00, 0x00, 0x00, 0x00, 0x00, 0x00, 0x00, 0x00,
0x00, 0x00, 0x00, 0x00, 0x00, 0x00, 0x00, 0x00, 0x00, 0x00, 0x00, 0x00, 0x00, 0x00, 0x00, 0x00,
0x00, 0x00, 0x00, 0x00, 0x00, 0x00, 0x00, 0x00, 0x00, 0x00, 0x00, 0x00, 0x00, 0x00, 0x00, 0x00,
0x00, 0x00, 0x00, 0x00, 0x00, 0x00, 0x00, 0x00, 0x00, 0x00, 0x00, 0x00, 0x00, 0x00, 0x00, 0x00,
0x00, 0x00, 0x00, 0x00, 0x00, 0x00, 0x00, 0x00, 0x00, 0x00, 0x00, 0x00, 0x00, 0x00, 0x00, 0x00,
0x00, 0x00, 0x00, 0x00, 0x00, 0x00, 0x00, 0x00, 0x00, 0x00, 0x00, 0x00, 0x00, 0x00, 0x00, 0x00,
0x00, 0x00, 0x00, 0x00, 0x00, 0x00, 0x00, 0x00, 0x00, 0x00, 0x00, 0x00, 0x00, 0x00, 0x00, 0x00,
0x00, 0x00, 0x00, 0x00, 0x00, 0x00, 0x00, 0x00, 0x00, 0x00, 0x00, 0x00, 0x00, 0x00, 0x00, 0x00,
0x00, 0x00, 0x00, 0x00, 0x00, 0x00, 0x00, 0x00, 0x00, 0x00, 0x00, 0x00, 0x00, 0x00, 0x00, 0x00,
0x00, 0x00, 0x00, 0x00, 0x00, 0x00, 0x00, 0x00, 0x00, 0x00, 0x00, 0x00, 0x00, 0x00, 0x00, 0x00,
0x00, 0x00, 0x00, 0x00, 0x00, 0x00, 0x00, 0x00, 0x00, 0x00, 0x00, 0x00, 0x00, 0x00, 0x00, 0x00,
0x00, 0x00, 0x00, 0x00, 0x00, 0x00, 0x00, 0x00, 0x00, 0x00, 0x00, 0x00, 0x00, 0x00, 0x00, 0x00,
0x00, 0x00, 0x00, 0x00, 0xb8, 0xc0, 0xff, 0x00, 0xb8, 0xc0, 0xff, 0x00, 0xb8, 0xc0, 0xff, 0x09,
0xb8, 0xc0, 0xff, 0x4c, 0xb8, 0xc0, 0xff, 0xad, 0xb8, 0xc0, 0xff, 0xee, 0xb8, 0xc0, 0xff, 0xff,
0xb8, 0xc0, 0xff, 0xff, 0xb8, 0xc0, 0xff, 0xff, 0xb8, 0xc0, 0xff, 0xff, 0xb8, 0xc0, 0xff, 0xff,
0xb8, 0xc0, 0xff, 0xff, 0xb8, 0xc0, 0xff, 0xff, 0xb8, 0xc0, 0xff, 0xff, 0xb8, 0xc0, 0xff, 0xff,
0xb8, 0xc0, 0xff, 0xff, 0xb8, 0xc0, 0xff, 0xff, 0xb8, 0xc0, 0xff, 0xff, 0xb8, 0xc0, 0xff, 0xff,
0xb8, 0xc0, 0xff, 0xff, 0xb8, 0xc0, 0xff, 0xff, 0xb8, 0xc0, 0xff, 0xff, 0xb8, 0xc0, 0xff, 0xff,
0xb8, 0xc0, 0xff, 0xff, 0xb8, 0xc0, 0xff, 0xff, 0xb8, 0xc0, 0xff, 0xff, 0xb8, 0xc0, 0xff, 0xff,
0xb8, 0xc0, 0xff, 0xff, 0xb8, 0xc0, 0xff, 0xff, 0xb8, 0xc0, 0xff, 0xff, 0xb8, 0xc0, 0xff, 0xff,
0xb8, 0xc0, 0xff, 0xff, 0xb8, 0xc0, 0xff, 0xff, 0xb8, 0xc0, 0xff, 0xff, 0xb8, 0xc0, 0xff, 0xff,
0xb8, 0xc0, 0xff, 0xff, 0xb8, 0xc0, 0xff, 0xff, 0xb8, 0xc0, 0xff, 0xff, 0xb8, 0xc0, 0xff, 0xff,
0xb8, 0xc0, 0xff, 0xff, 0xb8, 0xc0, 0xff, 0xff, 0xb8, 0xc0, 0xff, 0xff, 0xb8, 0xc0, 0xff, 0xff,
0xb8, 0xc0, 0xff, 0xff, 0xb8, 0xc0, 0xff, 0xff, 0xb8, 0xc0, 0xff, 0xff, 0xb8, 0xc0, 0xff, 0xff,
0xb8, 0xc0, 0xff, 0xff, 0xb8, 0xc0, 0xff, 0xff, 0xb8, 0xc0, 0xff, 0xff, 0xb8, 0xc0, 0xff, 0xff,
0xb8, 0xc0, 0xff, 0xff, 0xb8, 0xc0, 0xff, 0xff, 0xb8, 0xc0, 0xff, 0xff, 0xb8, 0xc0, 0xff, 0xff,
0xb8, 0xc0, 0xff, 0xff, 0xb8, 0xc0, 0xff, 0xff, 0xb8, 0xc0, 0xff, 0xff, 0xb8, 0xc0, 0xff, 0xff,
0xb8, 0xc0, 0xff, 0xff, 0xb8, 0xc0, 0xff, 0xff, 0xb8, 0xc0, 0xff, 0xff, 0xb8, 0xc0, 0xff, 0xff,
0xb8, 0xc0, 0xff, 0xff, 0xb8, 0xc0, 0xff, 0xff, 0xb8, 0xc0, 0xff, 0xff, 0xb8, 0xc0, 0xff, 0xff,
0xb8, 0xc0, 0xff, 0xff, 0xb8, 0xc0, 0xff, 0xff, 0xb8, 0xc0, 0xff, 0xff, 0xb8, 0xc0, 0xff, 0xff,
0xb8, 0xc0, 0xff, 0xff, 0xb8, 0xc0, 0xff, 0xf4, 0xb8, 0xc0, 0xff, 0xbc, 0xb8, 0xc0, 0xff, 0x5c,
0xb8, 0xc0, 0xff, 0x10, 0xb8, 0xc0, 0xff, 0x00, 0xb8, 0xc0, 0xff, 0x00, 0x00, 0x00, 0x00, 0x00,
0x00, 0x00, 0x00, 0x00, 0x00, 0x00, 0x00, 0x00, 0x00, 0x00, 0x00, 0x00, 0x00, 0x00, 0x00, 0x00,
0x00, 0x00, 0x00, 0x00, 0x00, 0x00, 0x00, 0x00, 0x00, 0x00, 0x00, 0x00, 0x00, 0x00, 0x00, 0x00,
0x00, 0x00, 0x00, 0x00, 0x00, 0x00, 0x00, 0x00, 0x00, 0x00, 0x00, 0x00, 0x00, 0x00, 0x00, 0x00,
0x00, 0x00, 0x00, 0x00, 0x00, 0x00, 0x00, 0x00, 0x00, 0x00, 0x00, 0x00, 0x00, 0x00, 0x00, 0x00,
0x00, 0x00, 0x00, 0x00, 0x00, 0x00, 0x00, 0x00, 0x00, 0x00, 0x00, 0x00, 0x00, 0x00, 0x00, 0x00,
0x00, 0x00, 0x00, 0x00, 0x00, 0x00, 0x00, 0x00, 0x00, 0x00, 0x00, 0x00, 0x00, 0x00, 0x00, 0x00,
0x00, 0x00, 0x00, 0x00, 0x00, 0x00, 0x00, 0x00, 0x00, 0x00, 0x00, 0x00, 0x00, 0x00, 0x00, 0x00,
0x00, 0x00, 0x00, 0x00, 0x00, 0x00, 0x00, 0x00, 0x00, 0x00, 0x00, 0x00, 0x00, 0x00, 0x00, 0x00,
0x00, 0x00, 0x00, 0x00, 0x00, 0x00, 0x00, 0x00, 0x00, 0x00, 0x00, 0x00, 0x00, 0x00, 0x00, 0x00,
0x00, 0x00, 0x00, 0x00, 0x00, 0x00, 0x00, 0x00, 0x00, 0x00, 0x00, 0x00, 0x00, 0x00, 0x00, 0x00,
0x00, 0x00, 0x00, 0x00, 0x00, 0x00, 0x00, 0x00, 0x00, 0x00, 0x00, 0x00, 0x00, 0x00, 0x00, 0x00,
0x00, 0x00, 0x00, 0x00, 0x00, 0x00, 0x00, 0x00, 0x00, 0x00, 0x00, 0x00, 0x00, 0x00, 0x00, 0x00,
0xb8, 0xc0, 0xff, 0x00, 0xb8, 0xc0, 0xff, 0x02, 0xb8, 0xc0, 0xff, 0x3b, 0xb8, 0xc0, 0xff, 0xad,
0xb8, 0xc0, 0xff, 0xf5, 0xb8, 0xc0, 0xff, 0xff, 0xb8, 0xc0, 0xff, 0xff, 0xb8, 0xc0, 0xff, 0xff,
0xb8, 0xc0, 0xff, 0xff, 0xb8, 0xc0, 0xff, 0xff, 0xb8, 0xc0, 0xff, 0xff, 0xb8, 0xc0, 0xff, 0xff,
0xb8, 0xc0, 0xff, 0xff, 0xb8, 0xc0, 0xff, 0xff, 0xb8, 0xc0, 0xff, 0xff, 0xb8, 0xc0, 0xff, 0xff,
0xb8, 0xc0, 0xff, 0xff, 0xb8, 0xc0, 0xff, 0xff, 0xb8, 0xc0, 0xff, 0xff, 0xb8, 0xc0, 0xff, 0xff,
0xb8, 0xc0, 0xff, 0xff, 0xb8, 0xc0, 0xff, 0xff, 0xb8, 0xc0, 0xff, 0xff, 0xb8, 0xc0, 0xff, 0xff,
0xb8, 0xc0, 0xff, 0xff, 0xb8, 0xc0, 0xff, 0xff, 0xb8, 0xc0, 0xff, 0xff, 0xb8, 0xc0, 0xff, 0xff,
0xb8, 0xc0, 0xff, 0xff, 0xb8, 0xc0, 0xff, 0xff, 0xb8, 0xc0, 0xff, 0xff, 0xb8, 0xc0, 0xff, 0xff,
0xb8, 0xc0, 0xff, 0xff, 0xb8, 0xc0, 0xff, 0xff, 0xb8, 0xc0, 0xff, 0xff, 0xb8, 0xc0, 0xff, 0xff,
0xb8, 0xc0, 0xff, 0xff, 0xb8, 0xc0, 0xff, 0xff, 0xb8, 0xc0, 0xff, 0xff, 0xb8, 0xc0, 0xff, 0xff,
0xb8, 0xc0, 0xff, 0xff, 0xb8, 0xc0, 0xff, 0xff, 0xb8, 0xc0, 0xff, 0xff, 0xb8, 0xc0, 0xff, 0xff,
0xb8, 0xc0, 0xff, 0xff, 0xb8, 0xc0, 0xff, 0xff, 0xb8, 0xc0, 0xff, 0xff, 0xb8, 0xc0, 0xff, 0xff,
0xb8, 0xc0, 0xff, 0xff, 0xb8, 0xc0, 0xff, 0xff, 0xb8, 0xc0, 0xff, 0xff, 0xb8, 0xc0, 0xff, 0xff,
0xb8, 0xc0, 0xff, 0xff, 0xb8, 0xc0, 0xff, 0xff, 0xb8, 0xc0, 0xff, 0xff, 0xb8, 0xc0, 0xff, 0xff,
0xb8, 0xc0, 0xff, 0xff, 0xb8, 0xc0, 0xff, 0xff, 0xb8, 0xc0, 0xff, 0xff, 0xb8, 0xc0, 0xff, 0xff,
0xb8, 0xc0, 0xff, 0xff, 0xb8, 0xc0, 0xff, 0xff, 0xb8, 0xc0, 0xff, 0xff, 0xb8, 0xc0, 0xff, 0xff,
0xb8, 0xc0, 0xff, 0xff, 0xb8, 0xc0, 0xff, 0xff, 0xb8, 0xc0, 0xff, 0xff, 0xb8, 0xc0, 0xff, 0xff,
0xb8, 0xc0, 0xff, 0xff, 0xb8, 0xc0, 0xff, 0xff, 0xb8, 0xc0, 0xff, 0xff, 0xb8, 0xc0, 0xff, 0xff,
0xb8, 0xc0, 0xff, 0xff, 0xb8, 0xc0, 0xff, 0xff, 0xb8, 0xc0, 0xff, 0xff, 0xb8, 0xc0, 0xff, 0xfa,
0xb8, 0xc0, 0xff, 0xbe, 0xb8, 0xc0, 0xff, 0x4c, 0xb8, 0xc0, 0xff, 0x06, 0xb8, 0xc0, 0xff, 0x00,
0x00, 0x00, 0x00, 0x00, 0x00, 0x00, 0x00, 0x00, 0x00, 0x00, 0x00, 0x00, 0x00, 0x00, 0x00, 0x00,
0x00, 0x00, 0x00, 0x00, 0x00, 0x00, 0x00, 0x00, 0x00, 0x00, 0x00, 0x00, 0x00, 0x00, 0x00, 0x00,
0x00, 0x00, 0x00, 0x00, 0x00, 0x00, 0x00, 0x00, 0x00, 0x00, 0x00, 0x00, 0x00, 0x00, 0x00, 0x00,
0x00, 0x00, 0x00, 0x00, 0x00, 0x00, 0x00, 0x00, 0x00, 0x00, 0x00, 0x00, 0x00, 0x00, 0x00, 0x00,
0x00, 0x00, 0x00, 0x00, 0x00, 0x00, 0x00, 0x00, 0x00, 0x00, 0x00, 0x00, 0x00, 0x00, 0x00, 0x00,
0x00, 0x00, 0x00, 0x00, 0x00, 0x00, 0x00, 0x00, 0x00, 0x00, 0x00, 0x00, 0x00, 0x00, 0x00, 0x00,
0x00, 0x00, 0x00, 0x00, 0x00, 0x00, 0x00, 0x00, 0x00, 0x00, 0x00, 0x00, 0x00, 0x00, 0x00, 0x00,
0x00, 0x00, 0x00, 0x00, 0x00, 0x00, 0x00, 0x00, 0x00, 0x00, 0x00, 0x00, 0x00, 0x00, 0x00, 0x00,
0x00, 0x00, 0x00, 0x00, 0x00, 0x00, 0x00, 0x00, 0x00, 0x00, 0x00, 0x00, 0x00, 0x00, 0x00, 0x00,
0x00, 0x00, 0x00, 0x00, 0x00, 0x00, 0x00, 0x00, 0x00, 0x00, 0x00, 0x00, 0x00, 0x00, 0x00, 0x00,
0x00, 0x00, 0x00, 0x00, 0x00, 0x00, 0x00, 0x00, 0x00, 0x00, 0x00, 0x00, 0x00, 0x00, 0x00, 0x00,
0x00, 0x00, 0x00, 0x00, 0x00, 0x00, 0x00, 0x00, 0xb8, 0xc0, 0xff, 0x00, 0xb8, 0xc0, 0xff, 0x00,
0xb8, 0xc0, 0xff, 0x12, 0xb8, 0xc0, 0xff, 0x7f, 0xb8, 0xc0, 0xff, 0xe9, 0xb8, 0xc0, 0xff, 0xff,
0xb8, 0xc0, 0xff, 0xff, 0xb8, 0xc0, 0xff, 0xff, 0xb8, 0xc0, 0xff, 0xff, 0xb8, 0xc0, 0xff, 0xff,
0xb8, 0xc0, 0xff, 0xff, 0xb8, 0xc0, 0xff, 0xff, 0xb8, 0xc0, 0xff, 0xff, 0xb8, 0xc0, 0xff, 0xff,
0xb8, 0xc0, 0xff, 0xff, 0xb8, 0xc0, 0xff, 0xff, 0xb8, 0xc0, 0xff, 0xff, 0xb8, 0xc0, 0xff, 0xff,
0xb8, 0xc0, 0xff, 0xff, 0xb8, 0xc0, 0xff, 0xff, 0xb8, 0xc0, 0xff, 0xff, 0xb8, 0xc0, 0xff, 0xff,
0xb8, 0xc0, 0xff, 0xff, 0xb8, 0xc0, 0xff, 0xff, 0xb8, 0xc0, 0xff, 0xff, 0xb8, 0xc0, 0xff, 0xff,
0xb8, 0xc0, 0xff, 0xff, 0xb8, 0xc0, 0xff, 0xff, 0xb8, 0xc0, 0xff, 0xff, 0xb8, 0xc0, 0xff, 0xff,
0xb8, 0xc0, 0xff, 0xff, 0xb8, 0xc0, 0xff, 0xff, 0xb8, 0xc0, 0xff, 0xff, 0xb8, 0xc0, 0xff, 0xff,
0xb8, 0xc0, 0xff, 0xff, 0xb8, 0xc0, 0xff, 0xff, 0xb8, 0xc0, 0xff, 0xff, 0xb8, 0xc0, 0xff, 0xff,
0xb8, 0xc0, 0xff, 0xff, 0xb8, 0xc0, 0xff, 0xff, 0xb8, 0xc0, 0xff, 0xff, 0xb8, 0xc0, 0xff, 0xff,
0xb8, 0xc0, 0xff, 0xff, 0xb8, 0xc0, 0xff, 0xff, 0xb8, 0xc0, 0xff, 0xff, 0xb8, 0xc0, 0xff, 0xff,
0xb8, 0xc0, 0xff, 0xff, 0xb8, 0xc0, 0xff, 0xff, 0xb8, 0xc0, 0xff, 0xff, 0xb8, 0xc0, 0xff, 0xff,
0xb8, 0xc0, 0xff, 0xff, 0xb8, 0xc0, 0xff, 0xff, 0xb8, 0xc0, 0xff, 0xff, 0xb8, 0xc0, 0xff, 0xff,
0xb8, 0xc0, 0xff, 0xff, 0xb8, 0xc0, 0xff, 0xff, 0xb8, 0xc0, 0xff, 0xff, 0xb8, 0xc0, 0xff, 0xff,
0xb8, 0xc0, 0xff, 0xff, 0xb8, 0xc0, 0xff, 0xff, 0xb8, 0xc0, 0xff, 0xff, 0xb8, 0xc0, 0xff, 0xff,
0xb8, 0xc0, 0xff, 0xff, 0xb8, 0xc0, 0xff, 0xff, 0xb8, 0xc0, 0xff, 0xff, 0xb8, 0xc0, 0xff, 0xff,
0xb8, 0xc0, 0xff, 0xff, 0xb8, 0xc0, 0xff, 0xff, 0xb8, 0xc0, 0xff, 0xff, 0xb8, 0xc0, 0xff, 0xff,
0xb8, 0xc0, 0xff, 0xff, 0xb8, 0xc0, 0xff, 0xff, 0xb8, 0xc0, 0xff, 0xff, 0xb8, 0xc0, 0xff, 0xff,
0xb8, 0xc0, 0xff, 0xff, 0xb8, 0xc0, 0xff, 0xff, 0xb8, 0xc0, 0xff, 0xff, 0xb8, 0xc0, 0xff, 0xff,
0xb8, 0xc0, 0xff, 0xff, 0xb8, 0xc0, 0xff, 0xf2, 0xb8, 0xc0, 0xff, 0x95, 0xb8, 0xc0, 0xff, 0x1e,
0xb8, 0xc0, 0xff, 0x00, 0xb8, 0xc0, 0xff, 0x00, 0x00, 0x00, 0x00, 0x00, 0x00, 0x00, 0x00, 0x00,
0x00, 0x00, 0x00, 0x00, 0x00, 0x00, 0x00, 0x00, 0x00, 0x00, 0x00, 0x00, 0x00, 0x00, 0x00, 0x00,
0x00, 0x00, 0x00, 0x00, 0x00, 0x00, 0x00, 0x00, 0x00, 0x00, 0x00, 0x00, 0x00, 0x00, 0x00, 0x00,
0x00, 0x00, 0x00, 0x00, 0x00, 0x00, 0x00, 0x00, 0x00, 0x00, 0x00, 0x00, 0x00, 0x00, 0x00, 0x00,
0x00, 0x00, 0x00, 0x00, 0x00, 0x00, 0x00, 0x00, 0x00, 0x00, 0x00, 0x00, 0x00, 0x00, 0x00, 0x00,
0x00, 0x00, 0x00, 0x00, 0x00, 0x00, 0x00, 0x00, 0x00, 0x00, 0x00, 0x00, 0x00, 0x00, 0x00, 0x00,
0x00, 0x00, 0x00, 0x00, 0x00, 0x00, 0x00, 0x00, 0x00, 0x00, 0x00, 0x00, 0x00, 0x00, 0x00, 0x00,
0x00, 0x00, 0x00, 0x00, 0x00, 0x00, 0x00, 0x00, 0x00, 0x00, 0x00, 0x00, 0x00, 0x00, 0x00, 0x00,
0x00, 0x00, 0x00, 0x00, 0x00, 0x00, 0x00, 0x00, 0x00, 0x00, 0x00, 0x00, 0x00, 0x00, 0x00, 0x00,
0x00, 0x00, 0x00, 0x00, 0x00, 0x00, 0x00, 0x00, 0x00, 0x00, 0x00, 0x00, 0x00, 0x00, 0x00, 0x00,
0x00, 0x00, 0x00, 0x00, 0x00, 0x00, 0x00, 0x00, 0x00, 0x00, 0x00, 0x00, 0x00, 0x00, 0x00, 0x00,
0x00, 0x00, 0x00, 0x00, 0xb8, 0xc0, 0xff, 0x00, 0xb8, 0xc0, 0xff, 0x00, 0xb8, 0xc0, 0xff, 0x2b,
0xb8, 0xc0, 0xff, 0xb5, 0xb8, 0xc0, 0xff, 0xfd, 0xb8, 0xc0, 0xff, 0xff, 0xb8, 0xc0, 0xff, 0xff,
0xb8, 0xc0, 0xff, 0xff, 0xb8, 0xc0, 0xff, 0xff, 0xb8, 0xc0, 0xff, 0xff, 0xb8, 0xc0, 0xff, 0xff,
0xb8, 0xc0, 0xff, 0xff, 0xb8, 0xc0, 0xff, 0xff, 0xb8, 0xc0, 0xff, 0xff, 0xb8, 0xc0, 0xff, 0xff,
0xb8, 0xc0, 0xff, 0xff, 0xb8, 0xc0, 0xff, 0xff, 0xb8, 0xc0, 0xff, 0xff, 0xb8, 0xc0, 0xff, 0xff,
0xb8, 0xc0, 0xff, 0xff, 0xb8, 0xc0, 0xff, 0xff, 0xb8, 0xc0, 0xff, 0xff, 0xb8, 0xc0, 0xff, 0xff,
0xb8, 0xc0, 0xff, 0xff, 0xb8, 0xc0, 0xff, 0xff, 0xb8, 0xc0, 0xff, 0xff, 0xb8, 0xc0, 0xff, 0xff,
0xb8, 0xc0, 0xff, 0xff, 0xb8, 0xc0, 0xff, 0xff, 0xb8, 0xc0, 0xff, 0xff, 0xb8, 0xc0, 0xff, 0xff,
0xb8, 0xc0, 0xff, 0xff, 0xb8, 0xc0, 0xff, 0xff, 0xb8, 0xc0, 0xff, 0xff, 0xb8, 0xc0, 0xff, 0xff,
0xb8, 0xc0, 0xff, 0xff, 0xb8, 0xc0, 0xff, 0xff, 0xb8, 0xc0, 0xff, 0xff, 0xb8, 0xc0, 0xff, 0xff,
0xb8, 0xc0, 0xff, 0xff, 0xb8, 0xc0, 0xff, 0xff, 0xb8, 0xc0, 0xff, 0xff, 0xb8, 0xc0, 0xff, 0xff,
0xb8, 0xc0, 0xff, 0xff, 0xb8, 0xc0, 0xff, 0xff, 0xb8, 0xc0, 0xff, 0xff, 0xb8, 0xc0, 0xff, 0xff,
0xb8, 0xc0, 0xff, 0xff, 0xb8, 0xc0, 0xff, 0xff, 0xb8, 0xc0, 0xff, 0xff, 0xb8, 0xc0, 0xff, 0xff,
0xb8, 0xc0, 0xff, 0xff, 0xb8, 0xc0, 0xff, 0xff, 0xb8, 0xc0, 0xff, 0xff, 0xb8, 0xc0, 0xff, 0xff,
0xb8, 0xc0, 0xff, 0xff, 0xb8, 0xc0, 0xff, 0xff, 0xb8, 0xc0, 0xff, 0xff, 0xb8, 0xc0, 0xff, 0xff,
0xb8, 0xc0, 0xff, 0xff, 0xb8, 0xc0, 0xff, 0xff, 0xb8, 0xc0, 0xff, 0xff, 0xb8, 0xc0, 0xff, 0xff,
0xb8, 0xc0, 0xff, 0xff, 0xb8, 0xc0, 0xff, 0xff, 0xb8, 0xc0, 0xff, 0xff, 0xb8, 0xc0, 0xff, 0xff,
0xb8, 0xc0, 0xff, 0xff, 0xb8, 0xc0, 0xff, 0xff, 0xb8, 0xc0, 0xff, 0xff, 0xb8, 0xc0, 0xff, 0xff,
0xb8, 0xc0, 0xff, 0xff, 0xb8, 0xc0, 0xff, 0xff, 0xb8, 0xc0, 0xff, 0xff, 0xb8, 0xc0, 0xff, 0xff,
0xb8, 0xc0, 0xff, 0xff, 0xb8, 0xc0, 0xff, 0xff, 0xb8, 0xc0, 0xff, 0xff, 0xb8, 0xc0, 0xff, 0xff,
0xb8, 0xc0, 0xff, 0xff, 0xb8, 0xc0, 0xff, 0xff, 0xb8, 0xc0, 0xff, 0xff, 0xb8, 0xc0, 0xff, 0xc9,
0xb8, 0xc0, 0xff, 0x3e, 0xb8, 0xc0, 0xff, 0x00, 0xb8, 0xc0, 0xff, 0x00, 0x00, 0x00, 0x00, 0x00,
0x00, 0x00, 0x00, 0x00, 0x00, 0x00, 0x00, 0x00, 0x00, 0x00, 0x00, 0x00, 0x00, 0x00, 0x00, 0x00,
0x00, 0x00, 0x00, 0x00, 0x00, 0x00, 0x00, 0x00, 0x00, 0x00, 0x00, 0x00, 0x00, 0x00, 0x00, 0x00,
0x00, 0x00, 0x00, 0x00, 0x00, 0x00, 0x00, 0x00, 0x00, 0x00, 0x00, 0x00, 0x00, 0x00, 0x00, 0x00,
0x00, 0x00, 0x00, 0x00, 0x00, 0x00, 0x00, 0x00, 0x00, 0x00, 0x00, 0x00, 0x00, 0x00, 0x00, 0x00,
0x00, 0x00, 0x00, 0x00, 0x00, 0x00, 0x00, 0x00, 0x00, 0x00, 0x00, 0x00, 0x00, 0x00, 0x00, 0x00,
0x00, 0x00, 0x00, 0x00, 0x00, 0x00, 0x00, 0x00, 0x00, 0x00, 0x00, 0x00, 0x00, 0x00, 0x00, 0x00,
0x00, 0x00, 0x00, 0x00, 0x00, 0x00, 0x00, 0x00, 0x00, 0x00, 0x00, 0x00, 0x00, 0x00, 0x00, 0x00,
0x00, 0x00, 0x00, 0x00, 0x00, 0x00, 0x00, 0x00, 0x00, 0x00, 0x00, 0x00, 0x00, 0x00, 0x00, 0x00,
0x00, 0x00, 0x00, 0x00, 0x00, 0x00, 0x00, 0x00, 0x00, 0x00, 0x00, 0x00, 0x00, 0x00, 0x00, 0x00,
0x00, 0x00, 0x00, 0x00, 0x00, 0x00, 0x00, 0x00, 0x00, 0x00, 0x00, 0x00, 0x00, 0x00, 0x00, 0x00,
0xb8, 0xc0, 0xff, 0x00, 0xb8, 0xc0, 0xff, 0x00, 0xb8, 0xc0, 0xff, 0x40, 0xb8, 0xc0, 0xff, 0xd3,
0xb8, 0xc0, 0xff, 0xff, 0xb8, 0xc0, 0xff, 0xff, 0xb8, 0xc0, 0xff, 0xff, 0xb8, 0xc0, 0xff, 0xff,
0xb8, 0xc0, 0xff, 0xff, 0xb8, 0xc0, 0xff, 0xff, 0xb8, 0xc0, 0xff, 0xff, 0xb8, 0xc0, 0xff, 0xff,
0xb8, 0xc0, 0xff, 0xff, 0xb8, 0xc0, 0xff, 0xff, 0xb8, 0xc0, 0xff, 0xff, 0xb8, 0xc0, 0xff, 0xff,
0xb8, 0xc0, 0xff, 0xff, 0xb8, 0xc0, 0xff, 0xff, 0xb8, 0xc0, 0xff, 0xff, 0xb8, 0xc0, 0xff, 0xff,
0xb8, 0xc0, 0xff, 0xff, 0xb8, 0xc0, 0xff, 0xff, 0xb8, 0xc0, 0xff, 0xff, 0xb8, 0xc0, 0xff, 0xff,
0xb8, 0xc0, 0xff, 0xff, 0xb8, 0xc0, 0xff, 0xff, 0xb8, 0xc0, 0xff, 0xff, 0xb8, 0xc0, 0xff, 0xff,
0xb8, 0xc0, 0xff, 0xff, 0xb8, 0xc0, 0xff, 0xff, 0xb8, 0xc0, 0xff, 0xff, 0xb8, 0xc0, 0xff, 0xff,
0xb8, 0xc0, 0xff, 0xff, 0xb8, 0xc0, 0xff, 0xff, 0xb8, 0xc0, 0xff, 0xff, 0xb8, 0xc0, 0xff, 0xff,
0xb8, 0xc0, 0xff, 0xff, 0xb8, 0xc0, 0xff, 0xff, 0xb8, 0xc0, 0xff, 0xff, 0xb8, 0xc0, 0xff, 0xff,
0xb8, 0xc0, 0xff, 0xff, 0xb8, 0xc0, 0xff, 0xff, 0xb8, 0xc0, 0xff, 0xff, 0xb8, 0xc0, 0xff, 0xff,
0xb8, 0xc0, 0xff, 0xff, 0xb8, 0xc0, 0xff, 0xff, 0xb8, 0xc0, 0xff, 0xff, 0xb8, 0xc0, 0xff, 0xff,
0xb8, 0xc0, 0xff, 0xff, 0xb8, 0xc0, 0xff, 0xff, 0xb8, 0xc0, 0xff, 0xff, 0xb8, 0xc0, 0xff, 0xff,
0xb8, 0xc0, 0xff, 0xff, 0xb8, 0xc0, 0xff, 0xff, 0xb8, 0xc0, 0xff, 0xff, 0xb8, 0xc0, 0xff, 0xff,
0xb8, 0xc0, 0xff, 0xff, 0xb8, 0xc0, 0xff, 0xff, 0xb8, 0xc0, 0xff, 0xff, 0xb8, 0xc0, 0xff, 0xff,
0xb8, 0xc0, 0xff, 0xff, 0xb8, 0xc0, 0xff, 0xff, 0xb8, 0xc0, 0xff, 0xff, 0xb8, 0xc0, 0xff, 0xff,
0xb8, 0xc0, 0xff, 0xff, 0xb8, 0xc0, 0xff, 0xff, 0xb8, 0xc0, 0xff, 0xff, 0xb8, 0xc0, 0xff, 0xff,
0xb8, 0xc0, 0xff, 0xff, 0xb8, 0xc0, 0xff, 0xff, 0xb8, 0xc0, 0xff, 0xff, 0xb8, 0xc0, 0xff, 0xff,
0xb8, 0xc0, 0xff, 0xff, 0xb8, 0xc0, 0xff, 0xff, 0xb8, 0xc0, 0xff, 0xff, 0xb8, 0xc0, 0xff, 0xff,
0xb8, 0xc0, 0xff, 0xff, 0xb8, 0xc0, 0xff, 0xff, 0xb8, 0xc0, 0xff, 0xff, 0xb8, 0xc0, 0xff, 0xff,
0xb8, 0xc0, 0xff, 0xff, 0xb8, 0xc0, 0xff, 0xff, 0xb8, 0xc0, 0xff, 0xff, 0xb8, 0xc0, 0xff, 0xff,
0xb8, 0xc0, 0xff, 0xe3, 0xb8, 0xc0, 0xff, 0x59, 0xb8, 0xc0, 0xff, 0x01, 0xb8, 0xc0, 0xff, 0x00,
0x00, 0x00, 0x00, 0x00, 0x00, 0x00, 0x00, 0x00, 0x00, 0x00, 0x00, 0x00, 0x00, 0x00, 0x00, 0x00,
0x00, 0x00, 0x00, 0x00, 0x00, 0x00, 0x00, 0x00, 0x00, 0x00, 0x00, 0x00, 0x00, 0x00, 0x00, 0x00,
0x00, 0x00, 0x00, 0x00, 0x00, 0x00, 0x00, 0x00, 0x00, 0x00, 0x00, 0x00, 0x00, 0x00, 0x00, 0x00,
0x00, 0x00, 0x00, 0x00, 0x00, 0x00, 0x00, 0x00, 0x00, 0x00, 0x00, 0x00, 0x00, 0x00, 0x00, 0x00,
0x00, 0x00, 0x00, 0x00, 0x00, 0x00, 0x00, 0x00, 0x00, 0x00, 0x00, 0x00, 0x00, 0x00, 0x00, 0x00,
0x00, 0x00, 0x00, 0x00, 0x00, 0x00, 0x00, 0x00, 0x00, 0x00, 0x00, 0x00, 0x00, 0x00, 0x00, 0x00,
0x00, 0x00, 0x00, 0x00, 0x00, 0x00, 0x00, 0x00, 0x00, 0x00, 0x00, 0x00, 0x00, 0x00, 0x00, 0x00,
0x00, 0x00, 0x00, 0x00, 0x00, 0x00, 0x00, 0x00, 0x00, 0x00, 0x00, 0x00, 0x00, 0x00, 0x00, 0x00,
0x00, 0x00, 0x00, 0x00, 0x00, 0x00, 0x00, 0x00, 0x00, 0x00, 0x00, 0x00, 0x00, 0x00, 0x00, 0x00,
0x00, 0x00, 0x00, 0x00, 0x00, 0x00, 0x00, 0x00, 0x00, 0x00, 0x00, 0x00, 0xb8, 0xc0, 0xff, 0x00,
0xb8, 0xc0, 0xff, 0x00, 0xb8, 0xc0, 0xff, 0x47, 0xb8, 0xc0, 0xff, 0xde, 0xb8, 0xc0, 0xff, 0xff,
0xb8, 0xc0, 0xff, 0xff, 0xb8, 0xc0, 0xff, 0xff, 0xb8, 0xc0, 0xff, 0xff, 0xb8, 0xc0, 0xff, 0xff,
0xb8, 0xc0, 0xff, 0xff, 0xb8, 0xc0, 0xff, 0xff, 0xb8, 0xc0, 0xff, 0xff, 0xb8, 0xc0, 0xff, 0xff,
0xb8, 0xc0, 0xff, 0xff, 0xb8, 0xc0, 0xff, 0xff, 0xb8, 0xc0, 0xff, 0xff, 0xb8, 0xc0, 0xff, 0xff,
0xb8, 0xc0, 0xff, 0xff, 0xb8, 0xc0, 0xff, 0xff, 0xb8, 0xc0, 0xff, 0xff, 0xb8, 0xc0, 0xff, 0xff,
0xb8, 0xc0, 0xff, 0xff, 0xb8, 0xc0, 0xff, 0xff, 0xb8, 0xc0, 0xff, 0xff, 0xb8, 0xc0, 0xff, 0xff,
0xb8, 0xc0, 0xff, 0xff, 0xb8, 0xc0, 0xff, 0xff, 0xb8, 0xc0, 0xff, 0xff, 0xb8, 0xc0, 0xff, 0xff,
0xb8, 0xc0, 0xff, 0xff, 0xb8, 0xc0, 0xff, 0xff, 0xb8, 0xc0, 0xff, 0xff, 0xb8, 0xc0, 0xff, 0xff,
0xb8, 0xc0, 0xff, 0xff, 0xb8, 0xc0, 0xff, 0xff, 0xb8, 0xc0, 0xff, 0xff, 0xb8, 0xc0, 0xff, 0xff,
0xb8, 0xc0, 0xff, 0xff, 0xb8, 0xc0, 0xff, 0xff, 0xb8, 0xc0, 0xff, 0xff, 0xb8, 0xc0, 0xff, 0xff,
0xb8, 0xc0, 0xff, 0xff, 0xb8, 0xc0, 0xff, 0xff, 0xb8, 0xc0, 0xff, 0xff, 0xb8, 0xc0, 0xff, 0xff,
0xb8, 0xc0, 0xff, 0xff, 0xb8, 0xc0, 0xff, 0xff, 0xb8, 0xc0, 0xff, 0xff, 0xb8, 0xc0, 0xff, 0xff,
0xb8, 0xc0, 0xff, 0xff, 0xb8, 0xc0, 0xff, 0xff, 0xb8, 0xc0, 0xff, 0xff, 0xb8, 0xc0, 0xff, 0xff,
0xb8, 0xc0, 0xff, 0xff, 0xb8, 0xc0, 0xff, 0xff, 0xb8, 0xc0, 0xff, 0xff, 0xb8, 0xc0, 0xff, 0xff,
0xb8, 0xc0, 0xff, 0xff, 0xb8, 0xc0, 0xff, 0xff, 0xb8, 0xc0, 0xff, 0xff, 0xb8, 0xc0, 0xff, 0xff,
0xb8, 0xc0, 0xff, 0xff, 0xb8, 0xc0, 0xff, 0xff, 0xb8, 0xc0, 0xff, 0xff, 0xb8, 0xc0, 0xff, 0xff,
0xb8, 0xc0, 0xff, 0xff, 0xb8, 0xc0, 0xff, 0xff, 0xb8, 0xc0, 0xff, 0xff, 0xb8, 0xc0, 0xff, 0xff,
0xb8, 0xc0, 0xff, 0xff, 0xb8, 0xc0, 0xff, 0xff, 0xb8, 0xc0, 0xff, 0xff, 0xb8, 0xc0, 0xff, 0xff,
0xb8, 0xc0, 0xff, 0xff, 0xb8, 0xc0, 0xff, 0xff, 0xb8, 0xc0, 0xff, 0xff, 0xb8, 0xc0, 0xff, 0xff,
0xb8, 0xc0, 0xff, 0xff, 0xb8, 0xc0, 0xff, 0xff, 0xb8, 0xc0, 0xff, 0xff, 0xb8, 0xc0, 0xff, 0xff,
0xb8, 0xc0, 0xff, 0xff, 0xb8, 0xc0, 0xff, 0xff, 0xb8, 0xc0, 0xff, 0xff, 0xb8, 0xc0, 0xff, 0xff,
0xb8, 0xc0, 0xff, 0xff, 0xb8, 0xc0, 0xff, 0xec, 0xb8, 0xc0, 0xff, 0x61, 0xb8, 0xc0, 0xff, 0x02,
0xb8, 0xc0, 0xff, 0x00, 0x00, 0x00, 0x00, 0x00, 0x00, 0x00, 0x00, 0x00, 0x00, 0x00, 0x00, 0x00,
0x00, 0x00, 0x00, 0x00, 0x00, 0x00, 0x00, 0x00, 0x00, 0x00, 0x00, 0x00, 0x00, 0x00, 0x00, 0x00,
0x00, 0x00, 0x00, 0x00, 0x00, 0x00, 0x00, 0x00, 0x00, 0x00, 0x00, 0x00, 0x00, 0x00, 0x00, 0x00,
0x00, 0x00, 0x00, 0x00, 0x00, 0x00, 0x00, 0x00, 0x00, 0x00, 0x00, 0x00, 0x00, 0x00, 0x00, 0x00,
0x00, 0x00, 0x00, 0x00, 0x00, 0x00, 0x00, 0x00, 0x00, 0x00, 0x00, 0x00, 0x00, 0x00, 0x00, 0x00,
0x00, 0x00, 0x00, 0x00, 0x00, 0x00, 0x00, 0x00, 0x00, 0x00, 0x00, 0x00, 0x00, 0x00, 0x00, 0x00,
0x00, 0x00, 0x00, 0x00, 0x00, 0x00, 0x00, 0x00, 0x00, 0x00, 0x00, 0x00, 0x00, 0x00, 0x00, 0x00,
0x00, 0x00, 0x00, 0x00, 0x00, 0x00, 0x00, 0x00, 0x00, 0x00, 0x00, 0x00, 0x00, 0x00, 0x00, 0x00,
0x00, 0x00, 0x00, 0x00, 0x00, 0x00, 0x00, 0x00, 0x00, 0x00, 0x00, 0x00, 0x00, 0x00, 0x00, 0x00,
0x00, 0x00, 0x00, 0x00, 0x00, 0x00, 0x00, 0x00, 0xb8, 0xc0, 0xff, 0x00, 0xb8, 0xc0, 0xff, 0x00,
0xb8, 0xc0, 0xff, 0x41, 0xb8, 0xc0, 0xff, 0xde, 0xb8, 0xc0, 0xff, 0xff, 0xb8, 0xc0, 0xff, 0xff,
0xb8, 0xc0, 0xff, 0xff, 0xb8, 0xc0, 0xff, 0xff, 0xb8, 0xc0, 0xff, 0xff, 0xb8, 0xc0, 0xff, 0xff,
0xb8, 0xc0, 0xff, 0xff, 0xb8, 0xc0, 0xff, 0xff, 0xb8, 0xc0, 0xff, 0xff, 0xb8, 0xc0, 0xff, 0xff,
0xb8, 0xc0, 0xff, 0xff, 0xb8, 0xc0, 0xff, 0xff, 0xb8, 0xc0, 0xff, 0xff, 0xb8, 0xc0, 0xff, 0xff,
0xb8, 0xc0, 0xff, 0xff, 0xb8, 0xc0, 0xff, 0xff, 0xb8, 0xc0, 0xff, 0xff, 0xb8, 0xc0, 0xff, 0xff,
0xb8, 0xc0, 0xff, 0xff, 0xb8, 0xc0, 0xff, 0xff, 0xb8, 0xc0, 0xff, 0xff, 0xb8, 0xc0, 0xff, 0xff,
0xb8, 0xc0, 0xff, 0xff, 0xb8, 0xc0, 0xff, 0xff, 0xb8, 0xc0, 0xff, 0xff, 0xb8, 0xc0, 0xff, 0xff,
0xb8, 0xc0, 0xff, 0xff, 0xb8, 0xc0, 0xff, 0xff, 0xb8, 0xc0, 0xff, 0xff, 0xb8, 0xc0, 0xff, 0xff,
0xb8, 0xc0, 0xff, 0xff, 0xb8, 0xc0, 0xff, 0xff, 0xb8, 0xc0, 0xff, 0xff, 0xb8, 0xc0, 0xff, 0xff,
0xb8, 0xc0, 0xff, 0xff, 0xb8, 0xc0, 0xff, 0xff, 0xb8, 0xc0, 0xff, 0xff, 0xb8, 0xc0, 0xff, 0xff,
0xb8, 0xc0, 0xff, 0xff, 0xb8, 0xc0, 0xff, 0xff, 0xb8, 0xc0, 0xff, 0xff, 0xb8, 0xc0, 0xff, 0xff,
0xb8, 0xc0, 0xff, 0xff, 0xb8, 0xc0, 0xff, 0xff, 0xb8, 0xc0, 0xff, 0xff, 0xb8, 0xc0, 0xff, 0xff,
0xb8, 0xc0, 0xff, 0xff, 0xb8, 0xc0, 0xff, 0xff, 0xb8, 0xc0, 0xff, 0xff, 0xb8, 0xc0, 0xff, 0xff,
0xb8, 0xc0, 0xff, 0xff, 0xb8, 0xc0, 0xff, 0xff, 0xb8, 0xc0, 0xff, 0xff, 0xb8, 0xc0, 0xff, 0xff,
0xb8, 0xc0, 0xff, 0xff, 0xb8, 0xc0, 0xff, 0xff, 0xb8, 0xc0, 0xff, 0xff, 0xb8, 0xc0, 0xff, 0xff,
0xb8, 0xc0, 0xff, 0xff, 0xb8, 0xc0, 0xff, 0xff, 0xb8, 0xc0, 0xff, 0xff, 0xb8, 0xc0, 0xff, 0xff,
0xb8, 0xc0, 0xff, 0xff, 0xb8, 0xc0, 0xff, 0xff, 0xb8, 0xc0, 0xff, 0xff, 0xb8, 0xc0, 0xff, 0xff,
0xb8, 0xc0, 0xff, 0xff, 0xb8, 0xc0, 0xff, 0xff, 0xb8, 0xc0, 0xff, 0xff, 0xb8, 0xc0, 0xff, 0xff,
0xb8, 0xc0, 0xff, 0xff, 0xb8, 0xc0, 0xff, 0xff, 0xb8, 0xc0, 0xff, 0xff, 0xb8, 0xc0, 0xff, 0xff,
0xb8, 0xc0, 0xff, 0xff, 0xb8, 0xc0, 0xff, 0xff, 0xb8, 0xc0, 0xff, 0xff, 0xb8, 0xc0, 0xff, 0xff,
0xb8, 0xc0, 0xff, 0xff, 0xb8, 0xc0, 0xff, 0xff, 0xb8, 0xc0, 0xff, 0xff, 0xb8, 0xc0, 0xff, 0xff,
0xb8, 0xc0, 0xff, 0xff, 0xb8, 0xc0, 0xff, 0xff, 0xb8, 0xc0, 0xff, 0xed, 0xb8, 0xc0, 0xff, 0x5b,
0xb8, 0xc0, 0xff, 0x00, 0xb8, 0xc0, 0xff, 0x00, 0x00, 0x00, 0x00, 0x00, 0x00, 0x00, 0x00, 0x00,
0x00, 0x00, 0x00, 0x00, 0x00, 0x00, 0x00, 0x00, 0x00, 0x00, 0x00, 0x00, 0x00, 0x00, 0x00, 0x00,
0x00, 0x00, 0x00, 0x00, 0x00, 0x00, 0x00, 0x00, 0x00, 0x00, 0x00, 0x00, 0x00, 0x00, 0x00, 0x00,
0x00, 0x00, 0x00, 0x00, 0x00, 0x00, 0x00, 0x00, 0x00, 0x00, 0x00, 0x00, 0x00, 0x00, 0x00, 0x00,
0x00, 0x00, 0x00, 0x00, 0x00, 0x00, 0x00, 0x00, 0x00, 0x00, 0x00, 0x00, 0x00, 0x00, 0x00, 0x00,
0x00, 0x00, 0x00, 0x00, 0x00, 0x00, 0x00, 0x00, 0x00, 0x00, 0x00, 0x00, 0x00, 0x00, 0x00, 0x00,
0x00, 0x00, 0x00, 0x00, 0x00, 0x00, 0x00, 0x00, 0x00, 0x00, 0x00, 0x00, 0x00, 0x00, 0x00, 0x00,
0x00, 0x00, 0x00, 0x00, 0x00, 0x00, 0x00, 0x00, 0x00, 0x00, 0x00, 0x00, 0x00, 0x00, 0x00, 0x00,
0x00, 0x00, 0x00, 0x00, 0x00, 0x00, 0x00, 0x00, 0x00, 0x00, 0x00, 0x00, 0x00, 0x00, 0x00, 0x00,
0x00, 0x00, 0x00, 0x00, 0xb8, 0xc0, 0xff, 0x00, 0xb8, 0xc0, 0xff, 0x00, 0xb8, 0xc0, 0xff, 0x2c,
0xb8, 0xc0, 0xff, 0xd3, 0xb8, 0xc0, 0xff, 0xff, 0xb8, 0xc0, 0xff, 0xff, 0xb8, 0xc0, 0xff, 0xff,
0xb8, 0xc0, 0xff, 0xff, 0xb8, 0xc0, 0xff, 0xff, 0xb8, 0xc0, 0xff, 0xff, 0xb8, 0xc0, 0xff, 0xff,
0xb8, 0xc0, 0xff, 0xff, 0xb8, 0xc0, 0xff, 0xff, 0xb8, 0xc0, 0xff, 0xff, 0xb8, 0xc0, 0xff, 0xff,
0xb8, 0xc0, 0xff, 0xff, 0xb8, 0xc0, 0xff, 0xff, 0xb8, 0xc0, 0xff, 0xff, 0xb8, 0xc0, 0xff, 0xff,
0xb8, 0xc0, 0xff, 0xff, 0xb8, 0xc0, 0xff, 0xff, 0xb8, 0xc0, 0xff, 0xff, 0xb8, 0xc0, 0xff, 0xff,
0xb8, 0xc0, 0xff, 0xff, 0xb8, 0xc0, 0xff, 0xff, 0xb8, 0xc0, 0xff, 0xff, 0xb8, 0xc0, 0xff, 0xff,
0xb8, 0xc0, 0xff, 0xff, 0xb8, 0xc0, 0xff, 0xff, 0xb8, 0xc0, 0xff, 0xff, 0xb8, 0xc0, 0xff, 0xff,
0xb8, 0xc0, 0xff, 0xff, 0xb8, 0xc0, 0xff, 0xff, 0xb8, 0xc0, 0xff, 0xff, 0xb8, 0xc0, 0xff, 0xff,
0xb8, 0xc0, 0xff, 0xff, 0xb8, 0xc0, 0xff, 0xff, 0xb8, 0xc0, 0xff, 0xff, 0xb8, 0xc0, 0xff, 0xff,
0xb8, 0xc0, 0xff, 0xff, 0xb8, 0xc0, 0xff, 0xff, 0xb8, 0xc0, 0xff, 0xff, 0xb8, 0xc0, 0xff, 0xff,
0xb8, 0xc0, 0xff, 0xff, 0xb8, 0xc0, 0xff, 0xff, 0xb8, 0xc0, 0xff, 0xff, 0xb8, 0xc0, 0xff, 0xff,
0xb8, 0xc0, 0xff, 0xff, 0xb8, 0xc0, 0xff, 0xff, 0xb8, 0xc0, 0xff, 0xff, 0xb8, 0xc0, 0xff, 0xff,
0xb8, 0xc0, 0xff, 0xff, 0xb8, 0xc0, 0xff, 0xff, 0xb8, 0xc0, 0xff, 0xff, 0xb8, 0xc0, 0xff, 0xff,
0xb8, 0xc0, 0xff, 0xff, 0xb8, 0xc0, 0xff, 0xff, 0xb8, 0xc0, 0xff, 0xff, 0xb8, 0xc0, 0xff, 0xff,
0xb8, 0xc0, 0xff, 0xff, 0xb8, 0xc0, 0xff, 0xff, 0xb8, 0xc0, 0xff, 0xff, 0xb8, 0xc0, 0xff, 0xff,
0xb8, 0xc0, 0xff, 0xff, 0xb8, 0xc0, 0xff, 0xff, 0xb8, 0xc0, 0xff, 0xff, 0xb8, 0xc0, 0xff, 0xff,
0xb8, 0xc0, 0xff, 0xff, 0xb8, 0xc0, 0xff, 0xff, 0xb8, 0xc0, 0xff, 0xff, 0xb8, 0xc0, 0xff, 0xff,
0xb8, 0xc0, 0xff, 0xff, 0xb8, 0xc0, 0xff, 0xff, 0xb8, 0xc0, 0xff, 0xff, 0xb8, 0xc0, 0xff, 0xff,
0xb8, 0xc0, 0xff, 0xff, 0xb8, 0xc0, 0xff, 0xff, 0xb8, 0xc0, 0xff, 0xff, 0xb8, 0xc0, 0xff, 0xff,
0xb8, 0xc0, 0xff, 0xff, 0xb8, 0xc0, 0xff, 0xff, 0xb8, 0xc0, 0xff, 0xff, 0xb8, 0xc0, 0xff, 0xff,
0xb8, 0xc0, 0xff, 0xff, 0xb8, 0xc0, 0xff, 0xff, 0xb8, 0xc0, 0xff, 0xff, 0xb8, 0xc0, 0xff, 0xff,
0xb8, 0xc0, 0xff, 0xff, 0xb8, 0xc0, 0xff, 0xff, 0xb8, 0xc0, 0xff, 0xff, 0xb8, 0xc0, 0xff, 0xe5,
0xb8, 0xc0, 0xff, 0x44, 0xb8, 0xc0, 0xff, 0x00, 0xb8, 0xc0, 0xff, 0x00, 0x00, 0x00, 0x00, 0x00,
0x00, 0x00, 0x00, 0x00, 0x00, 0x00, 0x00, 0x00, 0x00, 0x00, 0x00, 0x00, 0x00, 0x00, 0x00, 0x00,
0x00, 0x00, 0x00, 0x00, 0x00, 0x00, 0x00, 0x00, 0x00, 0x00, 0x00, 0x00, 0x00, 0x00, 0x00, 0x00,
0x00, 0x00, 0x00, 0x00, 0x00, 0x00, 0x00, 0x00, 0x00, 0x00, 0x00, 0x00, 0x00, 0x00, 0x00, 0x00,
0x00, 0x00, 0x00, 0x00, 0x00, 0x00, 0x00, 0x00, 0x00, 0x00, 0x00, 0x00, 0x00, 0x00, 0x00, 0x00,
0x00, 0x00, 0x00, 0x00, 0x00, 0x00, 0x00, 0x00, 0x00, 0x00, 0x00, 0x00, 0x00, 0x00, 0x00, 0x00,
0x00, 0x00, 0x00, 0x00, 0x00, 0x00, 0x00, 0x00, 0x00, 0x00, 0x00, 0x00, 0x00, 0x00, 0x00, 0x00,
0x00, 0x00, 0x00, 0x00, 0x00, 0x00, 0x00, 0x00, 0x00, 0x00, 0x00, 0x00, 0x00, 0x00, 0x00, 0x00,
0x00, 0x00, 0x00, 0x00, 0x00, 0x00, 0x00, 0x00, 0x00, 0x00, 0x00, 0x00, 0x00, 0x00, 0x00, 0x00,
0x00, 0x00, 0x00, 0x00, 0xb8, 0xc0, 0xff, 0x00, 0xb8, 0xc0, 0xff, 0x12, 0xb8, 0xc0, 0xff, 0xb4,
0xb8, 0xc0, 0xff, 0xff, 0xb8, 0xc0, 0xff, 0xff, 0xb8, 0xc0, 0xff, 0xff, 0xb8, 0xc0, 0xff, 0xff,
0xb8, 0xc0, 0xff, 0xff, 0xb8, 0xc0, 0xff, 0xff, 0xb8, 0xc0, 0xff, 0xff, 0xb8, 0xc0, 0xff, 0xff,
0xb8, 0xc0, 0xff, 0xff, 0xb8, 0xc0, 0xff, 0xff, 0xb8, 0xc0, 0xff, 0xff, 0xb8, 0xc0, 0xff, 0xff,
0xb8, 0xc0, 0xff, 0xff, 0xb8, 0xc0, 0xff, 0xff, 0xb8, 0xc0, 0xff, 0xff, 0xb8, 0xc0, 0xff, 0xff,
0xb8, 0xc0, 0xff, 0xff, 0xb8, 0xc0, 0xff, 0xff, 0xb8, 0xc0, 0xff, 0xff, 0xb8, 0xc0, 0xff, 0xff,
0xb8, 0xc0, 0xff, 0xff, 0xb8, 0xc0, 0xff, 0xff, 0xb8, 0xc0, 0xff, 0xff, 0xb8, 0xc0, 0xff, 0xff,
0xb8, 0xc0, 0xff, 0xff, 0xb8, 0xc0, 0xff, 0xff, 0xb8, 0xc0, 0xff, 0xff, 0xb8, 0xc0, 0xff, 0xff,
0xb8, 0xc0, 0xff, 0xff, 0xb8, 0xc0, 0xff, 0xff, 0xb8, 0xc0, 0xff, 0xff, 0xb8, 0xc0, 0xff, 0xff,
0xb8, 0xc0, 0xff, 0xff, 0xb8, 0xc0, 0xff, 0xff, 0xb8, 0xc0, 0xff, 0xff, 0xb8, 0xc0, 0xff, 0xff,
0xb8, 0xc0, 0xff, 0xff, 0xb8, 0xc0, 0xff, 0xff, 0xb8, 0xc0, 0xff, 0xff, 0xb8, 0xc0, 0xff, 0xff,
0xb8, 0xc0, 0xff, 0xff, 0xb8, 0xc0, 0xff, 0xff, 0xb8, 0xc0, 0xff, 0xff, 0xb8, 0xc0, 0xff, 0xff,
0xb8, 0xc0, 0xff, 0xff, 0xb8, 0xc0, 0xff, 0xff, 0xb8, 0xc0, 0xff, 0xff, 0xb8, 0xc0, 0xff, 0xff,
0xb8, 0xc0, 0xff, 0xff, 0xb8, 0xc0, 0xff, 0xff, 0xb8, 0xc0, 0xff, 0xff, 0xb8, 0xc0, 0xff, 0xff,
0xb8, 0xc0, 0xff, 0xff, 0xb8, 0xc0, 0xff, 0xff, 0xb8, 0xc0, 0xff, 0xff, 0xb8, 0xc0, 0xff, 0xff,
0xb8, 0xc0, 0xff, 0xff, 0xb8, 0xc0, 0xff, 0xff, 0xb8, 0xc0, 0xff, 0xff, 0xb8, 0xc0, 0xff, 0xff,
0xb8, 0xc0, 0xff, 0xff, 0xb8, 0xc0, 0xff, 0xff, 0xb8, 0xc0, 0xff, 0xff, 0xb8, 0xc0, 0xff, 0xff,
0xb8, 0xc0, 0xff, 0xff, 0xb8, 0xc0, 0xff, 0xff, 0xb8, 0xc0, 0xff, 0xff, 0xb8, 0xc0, 0xff, 0xff,
0xb8, 0xc0, 0xff, 0xff, 0xb8, 0xc0, 0xff, 0xff, 0xb8, 0xc0, 0xff, 0xff, 0xb8, 0xc0, 0xff, 0xff,
0xb8, 0xc0, 0xff, 0xff, 0xb8, 0xc0, 0xff, 0xff, 0xb8, 0xc0, 0xff, 0xff, 0xb8, 0xc0, 0xff, 0xff,
0xb8, 0xc0, 0xff, 0xff, 0xb8, 0xc0, 0xff, 0xff, 0xb8, 0xc0, 0xff, 0xff, 0xb8, 0xc0, 0xff, 0xff,
0xb8, 0xc0, 0xff, 0xff, 0xb8, 0xc0, 0xff, 0xff, 0xb8, 0xc0, 0xff, 0xff, 0xb8, 0xc0, 0xff, 0xff,
0xb8, 0xc0, 0xff, 0xff, 0xb8, 0xc0, 0xff, 0xff, 0xb8, 0xc0, 0xff, 0xff, 0xb8, 0xc0, 0xff, 0xff,
0xb8, 0xc0, 0xff, 0xcf, 0xb8, 0xc0, 0xff, 0x23, 0xb8, 0xc0, 0xff, 0x00, 0xb8, 0xc0, 0xff, 0x00,
0x00, 0x00, 0x00, 0x00, 0x00, 0x00, 0x00, 0x00, 0x00, 0x00, 0x00, 0x00, 0x00, 0x00, 0x00, 0x00,
0x00, 0x00, 0x00, 0x00, 0x00, 0x00, 0x00, 0x00, 0x00, 0x00, 0x00, 0x00, 0x00, 0x00, 0x00, 0x00,
0x00, 0x00, 0x00, 0x00, 0x00, 0x00, 0x00, 0x00, 0x00, 0x00, 0x00, 0x00, 0x00, 0x00, 0x00, 0x00,
0x00, 0x00, 0x00, 0x00, 0x00, 0x00, 0x00, 0x00, 0x00, 0x00, 0x00, 0x00, 0x00, 0x00, 0x00, 0x00,
0x00, 0x00, 0x00, 0x00, 0x00, 0x00, 0x00, 0x00, 0x00, 0x00, 0x00, 0x00, 0x00, 0x00, 0x00, 0x00,
0x00, 0x00, 0x00, 0x00, 0x00, 0x00, 0x00, 0x00, 0x00, 0x00, 0x00, 0x00, 0x00, 0x00, 0x00, 0x00,
0x00, 0x00, 0x00, 0x00, 0x00, 0x00, 0x00, 0x00, 0x00, 0x00, 0x00, 0x00, 0x00, 0x00, 0x00, 0x00,
0x00, 0x00, 0x00, 0x00, 0x00, 0x00, 0x00, 0x00, 0x00, 0x00, 0x00, 0x00, 0x00, 0x00, 0x00, 0x00,
0xb8, 0xc0, 0xff, 0x00, 0xb8, 0xc0, 0xff, 0x01, 0xb8, 0xc0, 0xff, 0x7f, 0xb8, 0xc0, 0xff, 0xfe,
0xb8, 0xc0, 0xff, 0xff, 0xb8, 0xc0, 0xff, 0xff, 0xb8, 0xc0, 0xff, 0xff, 0xb8, 0xc0, 0xff, 0xff,
0xb8, 0xc0, 0xff, 0xff, 0xb8, 0xc0, 0xff, 0xff, 0xb8, 0xc0, 0xff, 0xff, 0xb8, 0xc0, 0xff, 0xff,
0xb8, 0xc0, 0xff, 0xff, 0xb8, 0xc0, 0xff, 0xff, 0xb8, 0xc0, 0xff, 0xff, 0xb8, 0xc0, 0xff, 0xff,
0xb8, 0xc0, 0xff, 0xff, 0xb8, 0xc0, 0xff, 0xff, 0xb8, 0xc0, 0xff, 0xff, 0xb8, 0xc0, 0xff, 0xff,
0xb8, 0xc0, 0xff, 0xff, 0xb8, 0xc0, 0xff, 0xff, 0xb8, 0xc0, 0xff, 0xff, 0xb8, 0xc0, 0xff, 0xff,
0xb8, 0xc0, 0xff, 0xff, 0xb8, 0xc0, 0xff, 0xff, 0xb8, 0xc0, 0xff, 0xff, 0xb8, 0xc0, 0xff, 0xff,
0xb8, 0xc0, 0xff, 0xff, 0xb8, 0xc0, 0xff, 0xff, 0xb8, 0xc0, 0xff, 0xff, 0xb8, 0xc0, 0xff, 0xff,
0xb8, 0xc0, 0xff, 0xff, 0xb8, 0xc0, 0xff, 0xff, 0xb8, 0xc0, 0xff, 0xff, 0xb8, 0xc0, 0xff, 0xff,
0xb8, 0xc0, 0xff, 0xff, 0xb8, 0xc0, 0xff, 0xff, 0xb8, 0xc0, 0xff, 0xff, 0xb8, 0xc0, 0xff, 0xff,
0xb8, 0xc0, 0xff, 0xff, 0xb8, 0xc0, 0xff, 0xff, 0xb8, 0xc0, 0xff, 0xff, 0xb8, 0xc0, 0xff, 0xff,
0xb8, 0xc0, 0xff, 0xff, 0xb8, 0xc0, 0xff, 0xff, 0xb8, 0xc0, 0xff, 0xff, 0xb8, 0xc0, 0xff, 0xff,
0xb8, 0xc0, 0xff, 0xff, 0xb8, 0xc0, 0xff, 0xff, 0xb8, 0xc0, 0xff, 0xff, 0xb8, 0xc0, 0xff, 0xff,
0xb8, 0xc0, 0xff, 0xff, 0xb8, 0xc0, 0xff, 0xff, 0xb8, 0xc0, 0xff, 0xff, 0xb8, 0xc0, 0xff, 0xff,
0xb8, 0xc0, 0xff, 0xff, 0xb8, 0xc0, 0xff, 0xff, 0xb8, 0xc0, 0xff, 0xff, 0xb8, 0xc0, 0xff, 0xff,
0xb8, 0xc0, 0xff, 0xff, 0xb8, 0xc0, 0xff, 0xff, 0xb8, 0xc0, 0xff, 0xff, 0xb8, 0xc0, 0xff, 0xff,
0xb8, 0xc0, 0xff, 0xff, 0xb8, 0xc0, 0xff, 0xff, 0xb8, 0xc0, 0xff, 0xff, 0xb8, 0xc0, 0xff, 0xff,
0xb8, 0xc0, 0xff, 0xff, 0xb8, 0xc0, 0xff, 0xff, 0xb8, 0xc0, 0xff, 0xff, 0xb8, 0xc0, 0xff, 0xff,
0xb8, 0xc0, 0xff, 0xff, 0xb8, 0xc0, 0xff, 0xff, 0xb8, 0xc0, 0xff, 0xff, 0xb8, 0xc0, 0xff, 0xff,
0xb8, 0xc0, 0xff, 0xff, 0xb8, 0xc0, 0xff, 0xff, 0xb8, 0xc0, 0xff, 0xff, 0xb8, 0xc0, 0xff, 0xff,
0xb8, 0xc0, 0xff, 0xff, 0xb8, 0xc0, 0xff, 0xff, 0xb8, 0xc0, 0xff, 0xff, 0xb8, 0xc0, 0xff, 0xff,
0xb8, 0xc0, 0xff, 0xff, 0xb8, 0xc0, 0xff, 0xff, 0xb8, 0xc0, 0xff, 0xff, 0xb8, 0xc0, 0xff, 0xff,
0xb8, 0xc0, 0xff, 0xff, 0xb8, 0xc0, 0xff, 0xff, 0xb8, 0xc0, 0xff, 0xff, 0xb8, 0xc0, 0xff, 0xff,
0xb8, 0xc0, 0xff, 0xff, 0xb8, 0xc0, 0xff, 0xa0, 0xb8, 0xc0, 0xff, 0x08, 0xb8, 0xc0, 0xff, 0x00,
0x00, 0x00, 0x00, 0x00, 0x00, 0x00, 0x00, 0x00, 0x00, 0x00, 0x00, 0x00, 0x00, 0x00, 0x00, 0x00,
0x00, 0x00, 0x00, 0x00, 0x00, 0x00, 0x00, 0x00, 0x00, 0x00, 0x00, 0x00, 0x00, 0x00, 0x00, 0x00,
0x00, 0x00, 0x00, 0x00, 0x00, 0x00, 0x00, 0x00, 0x00, 0x00, 0x00, 0x00, 0x00, 0x00, 0x00, 0x00,
0x00, 0x00, 0x00, 0x00, 0x00, 0x00, 0x00, 0x00, 0x00, 0x00, 0x00, 0x00, 0x00, 0x00, 0x00, 0x00,
0x00, 0x00, 0x00, 0x00, 0x00, 0x00, 0x00, 0x00, 0x00, 0x00, 0x00, 0x00, 0x00, 0x00, 0x00, 0x00,
0x00, 0x00, 0x00, 0x00, 0x00, 0x00, 0x00, 0x00, 0x00, 0x00, 0x00, 0x00, 0x00, 0x00, 0x00, 0x00,
0x00, 0x00, 0x00, 0x00, 0x00, 0x00, 0x00, 0x00, 0x00, 0x00, 0x00, 0x00, 0x00, 0x00, 0x00, 0x00,
0x00, 0x00, 0x00, 0x00, 0x00, 0x00, 0x00, 0x00, 0x00, 0x00, 0x00, 0x00, 0xb8, 0xc0, 0xff, 0x00,
0xb8, 0xc0, 0xff, 0x00, 0xb8, 0xc0, 0xff, 0x3c, 0xb8, 0xc0, 0xff, 0xe9, 0xb8, 0xc0, 0xff, 0xff,
0xb8, 0xc0, 0xff, 0xff, 0xb8, 0xc0, 0xff, 0xff, 0xb8, 0xc0, 0xff, 0xff, 0xb8, 0xc0, 0xff, 0xff,
0xb8, 0xc0, 0xff, 0xff, 0xb8, 0xc0, 0xff, 0xff, 0xb8, 0xc0, 0xff, 0xff, 0xb8, 0xc0, 0xff, 0xff,
0xb8, 0xc0, 0xff, 0xff, 0xb8, 0xc0, 0xff, 0xff, 0xb8, 0xc0, 0xff, 0xff, 0xb8, 0xc0, 0xff, 0xff,
0xb8, 0xc0, 0xff, 0xff, 0xb8, 0xc0, 0xff, 0xff, 0xb8, 0xc0, 0xff, 0xff, 0xb8, 0xc0, 0xff, 0xff,
0xb8, 0xc0, 0xff, 0xff, 0xb8, 0xc0, 0xff, 0xff, 0xb8, 0xc0, 0xff, 0xff, 0xb8, 0xc0, 0xff, 0xff,
0xb8, 0xc0, 0xff, 0xff, 0xb8, 0xc0, 0xff, 0xff, 0xb8, 0xc0, 0xff, 0xff, 0xb8, 0xc0, 0xff, 0xff,
0xb8, 0xc0, 0xff, 0xff, 0xb8, 0xc0, 0xff, 0xff, 0xb8, 0xc0, 0xff, 0xff, 0xb8, 0xc0, 0xff, 0xff,
0xb8, 0xc0, 0xff, 0xff, 0xb8, 0xc0, 0xff, 0xff, 0xb8, 0xc0, 0xff, 0xff, 0xb8, 0xc0, 0xff, 0xff,
0xb8, 0xc0, 0xff, 0xff, 0xb8, 0xc0, 0xff, 0xff, 0xb8, 0xc0, 0xff, 0xff, 0xb8, 0xc0, 0xff, 0xff,
0xb8, 0xc0, 0xff, 0xff, 0xb8, 0xc0, 0xff, 0xff, 0xb8, 0xc0, 0xff, 0xff, 0xb8, 0xc0, 0xff, 0xff,
0xb8, 0xc0, 0xff, 0xff, 0xb8, 0xc0, 0xff, 0xff, 0xb8, 0xc0, 0xff, 0xff, 0xb8, 0xc0, 0xff, 0xff,
0xb8, 0xc0, 0xff, 0xff, 0xb8, 0xc0, 0xff, 0xff, 0xb8, 0xc0, 0xff, 0xff, 0xb8, 0xc0, 0xff, 0xff,
0xb8, 0xc0, 0xff, 0xff, 0xb8, 0xc0, 0xff, 0xff, 0xb8, 0xc0, 0xff, 0xff, 0xb8, 0xc0, 0xff, 0xff,
0xb8, 0xc0, 0xff, 0xff, 0xb8, 0xc0, 0xff, 0xff, 0xb8, 0xc0, 0xff, 0xff, 0xb8, 0xc0, 0xff, 0xff,
0xb8, 0xc0, 0xff, 0xff, 0xb8, 0xc0, 0xff, 0xff, 0xb8, 0xc0, 0xff, 0xff, 0xb8, 0xc0, 0xff, 0xff,
0xb8, 0xc0, 0xff, 0xff, 0xb8, 0xc0, 0xff, 0xff, 0xb8, 0xc0, 0xff, 0xff, 0xb8, 0xc0, 0xff, 0xff,
0xb8, 0xc0, 0xff, 0xff, 0xb8, 0xc0, 0xff, 0xff, 0xb8, 0xc0, 0xff, 0xff, 0xb8, 0xc0, 0xff, 0xff,
0xb8, 0xc0, 0xff, 0xff, 0xb8, 0xc0, 0xff, 0xff, 0xb8, 0xc0, 0xff, 0xff, 0xb8, 0xc0, 0xff, 0xff,
0xb8, 0xc0, 0xff, 0xff, 0xb8, 0xc0, 0xff, 0xff, 0xb8, 0xc0, 0xff, 0xff, 0xb8, 0xc0, 0xff, 0xff,
0xb8, 0xc0, 0xff, 0xff, 0xb8, 0xc0, 0xff, 0xff, 0xb8, 0xc0, 0xff, 0xff, 0xb8, 0xc0, 0xff, 0xff,
0xb8, 0xc0, 0xff, 0xff, 0xb8, 0xc0, 0xff, 0xff, 0xb8, 0xc0, 0xff, 0xff, 0xb8, 0xc0, 0xff, 0xff,
0xb8, 0xc0, 0xff, 0xff, 0xb8, 0xc0, 0xff, 0xff, 0xb8, 0xc0, 0xff, 0xff, 0xb8, 0xc0, 0xff, 0xff,
0xb8, 0xc0, 0xff, 0xff, 0xb8, 0xc0, 0xff, 0xf6, 0xb8, 0xc0, 0xff, 0x59, 0xb8, 0xc0, 0xff, 0x00,
0xb8, 0xc0, 0xff, 0x00, 0x00, 0x00, 0x00, 0x00, 0x00, 0x00, 0x00, 0x00, 0x00, 0x00, 0x00, 0x00,
0x00, 0x00, 0x00, 0x00, 0x00, 0x00, 0x00, 0x00, 0x00, 0x00, 0x00, 0x00, 0x00, 0x00, 0x00, 0x00,
0x00, 0x00, 0x00, 0x00, 0x00, 0x00, 0x00, 0x00, 0x00, 0x00, 0x00, 0x00, 0x00, 0x00, 0x00, 0x00,
0x00, 0x00, 0x00, 0x00, 0x00, 0x00, 0x00, 0x00, 0x00, 0x00, 0x00, 0x00, 0x00, 0x00, 0x00, 0x00,
0x00, 0x00, 0x00, 0x00, 0x00, 0x00, 0x00, 0x00, 0x00, 0x00, 0x00, 0x00, 0x00, 0x00, 0x00, 0x00,
0x00, 0x00, 0x00, 0x00, 0x00, 0x00, 0x00, 0x00, 0x00, 0x00, 0x00, 0x00, 0x00, 0x00, 0x00, 0x00,
0x00, 0x00, 0x00, 0x00, 0x00, 0x00, 0x00, 0x00, 0x00, 0x00, 0x00, 0x00, 0x00, 0x00, 0x00, 0x00,
0x00, 0x00, 0x00, 0x00, 0x00, 0x00, 0x00, 0x00, 0x00, 0x00, 0x00, 0x00, 0xb8, 0xc0, 0xff, 0x00,
0xb8, 0xc0, 0xff, 0x09, 0xb8, 0xc0, 0xff, 0xac, 0xb8, 0xc0, 0xff, 0xff, 0xb8, 0xc0, 0xff, 0xff,
0xb8, 0xc0, 0xff, 0xff, 0xb8, 0xc0, 0xff, 0xff, 0xb8, 0xc0, 0xff, 0xff, 0xb8, 0xc0, 0xff, 0xff,
0xb8, 0xc0, 0xff, 0xff, 0xb8, 0xc0, 0xff, 0xff, 0xb8, 0xc0, 0xff, 0xff, 0xb8, 0xc0, 0xff, 0xff,
0xb8, 0xc0, 0xff, 0xff, 0xb8, 0xc0, 0xff, 0xff, 0xb8, 0xc0, 0xff, 0xff, 0xb8, 0xc0, 0xff, 0xff,
0xb8, 0xc0, 0xff, 0xff, 0xb8, 0xc0, 0xff, 0xff, 0xb8, 0xc0, 0xff, 0xff, 0xb8, 0xc0, 0xff, 0xff,
0xb8, 0xc0, 0xff, 0xff, 0xb8, 0xc0, 0xff, 0xff, 0xb8, 0xc0, 0xff, 0xff, 0xb8, 0xc0, 0xff, 0xff,
0xb8, 0xc0, 0xff, 0xff, 0xb8, 0xc0, 0xff, 0xff, 0xb8, 0xc0, 0xff, 0xff, 0xb8, 0xc0, 0xff, 0xff,
0xb8, 0xc0, 0xff, 0xff, 0xb8, 0xc0, 0xff, 0xff, 0xb8, 0xc0, 0xff, 0xff, 0xb8, 0xc0, 0xff, 0xff,
0xb8, 0xc0, 0xff, 0xff, 0xb8, 0xc0, 0xff, 0xff, 0xb8, 0xc0, 0xff, 0xff, 0xb8, 0xc0, 0xff, 0xff,
0xb8, 0xc0, 0xff, 0xff, 0xb8, 0xc0, 0xff, 0xff, 0xb8, 0xc0, 0xff, 0xff, 0xb8, 0xc0, 0xff, 0xff,
0xb8, 0xc0, 0xff, 0xff, 0xb8, 0xc0, 0xff, 0xff, 0xb8, 0xc0, 0xff, 0xff, 0xb8, 0xc0, 0xff, 0xff,
0xb8, 0xc0, 0xff, 0xff, 0xb8, 0xc0, 0xff, 0xff, 0xb8, 0xc0, 0xff, 0xff, 0xb8, 0xc0, 0xff, 0xff,
0xb8, 0xc0, 0xff, 0xff, 0xb8, 0xc0, 0xff, 0xff, 0xb8, 0xc0, 0xff, 0xff, 0xb8, 0xc0, 0xff, 0xff,
0xb8, 0xc0, 0xff, 0xff, 0xb8, 0xc0, 0xff, 0xff, 0xb8, 0xc0, 0xff, 0xff, 0xb8, 0xc0, 0xff, 0xff,
0xb8, 0xc0, 0xff, 0xff, 0xb8, 0xc0, 0xff, 0xff, 0xb8, 0xc0, 0xff, 0xff, 0xb8, 0xc0, 0xff, 0xff,
0xb8, 0xc0, 0xff, 0xff, 0xb8, 0xc0, 0xff, 0xff, 0xb8, 0xc0, 0xff, 0xff, 0xb8, 0xc0, 0xff, 0xff,
0xb8, 0xc0, 0xff, 0xff, 0xb8, 0xc0, 0xff, 0xff, 0xb8, 0xc0, 0xff, 0xff, 0xb8, 0xc0, 0xff, 0xff,
0xb8, 0xc0, 0xff, 0xff, 0xb8, 0xc0, 0xff, 0xff, 0xb8, 0xc0, 0xff, 0xff, 0xb8, 0xc0, 0xff, 0xff,
0xb8, 0xc0, 0xff, 0xff, 0xb8, 0xc0, 0xff, 0xff, 0xb8, 0xc0, 0xff, 0xff, 0xb8, 0xc0, 0xff, 0xff,
0xb8, 0xc0, 0xff, 0xff, 0xb8, 0xc0, 0xff, 0xff, 0xb8, 0xc0, 0xff, 0xff, 0xb8, 0xc0, 0xff, 0xff,
0xb8, 0xc0, 0xff, 0xff, 0xb8, 0xc0, 0xff, 0xff, 0xb8, 0xc0, 0xff, 0xff, 0xb8, 0xc0, 0xff, 0xff,
0xb8, 0xc0, 0xff, 0xff, 0xb8, 0xc0, 0xff, 0xff, 0xb8, 0xc0, 0xff, 0xff, 0xb8, 0xc0, 0xff, 0xff,
0xb8, 0xc0, 0xff, 0xff, 0xb8, 0xc0, 0xff, 0xff, 0xb8, 0xc0, 0xff, 0xff, 0xb8, 0xc0, 0xff, 0xff,
0xb8, 0xc0, 0xff, 0xff, 0xb8, 0xc0, 0xff, 0xff, 0xb8, 0xc0, 0xff, 0xc9, 0xb8, 0xc0, 0xff, 0x18,
0xb8, 0xc0, 0xff, 0x00, 0x00, 0x00, 0x00, 0x00, 0x00, 0x00, 0x00, 0x00, 0x00, 0x00, 0x00, 0x00,
0x00, 0x00, 0x00, 0x00, 0x00, 0x00, 0x00, 0x00, 0x00, 0x00, 0x00, 0x00, 0x00, 0x00, 0x00, 0x00,
0x00, 0x00, 0x00, 0x00, 0x00, 0x00, 0x00, 0x00, 0x00, 0x00, 0x00, 0x00, 0x00, 0x00, 0x00, 0x00,
0x00, 0x00, 0x00, 0x00, 0x00, 0x00, 0x00, 0x00, 0x00, 0x00, 0x00, 0x00, 0x00, 0x00, 0x00, 0x00,
0x00, 0x00, 0x00, 0x00, 0x00, 0x00, 0x00, 0x00, 0x00, 0x00, 0x00, 0x00, 0x00, 0x00, 0x00, 0x00,
0x00, 0x00, 0x00, 0x00, 0x00, 0x00, 0x00, 0x00, 0x00, 0x00, 0x00, 0x00, 0x00, 0x00, 0x00, 0x00,
0x00, 0x00, 0x00, 0x00, 0x00, 0x00, 0x00, 0x00, 0x00, 0x00, 0x00, 0x00, 0x00, 0x00, 0x00, 0x00,
0x00, 0x00, 0x00, 0x00, 0x00, 0x00, 0x00, 0x00, 0xb8, 0xc0, 0xff, 0x00, 0xb8, 0xc0, 0xff, 0x00,
0xb8, 0xc0, 0xff, 0x4d, 0xb8, 0xc0, 0xff, 0xf5, 0xb8, 0xc0, 0xff, 0xff, 0xb8, 0xc0, 0xff, 0xff,
0xb8, 0xc0, 0xff, 0xff, 0xb8, 0xc0, 0xff, 0xff, 0xb8, 0xc0, 0xff, 0xff, 0xb8, 0xc0, 0xff, 0xff,
0xb8, 0xc0, 0xff, 0xff, 0xb8, 0xc0, 0xff, 0xff, 0xb8, 0xc0, 0xff, 0xff, 0xb8, 0xc0, 0xff, 0xff,
0xb8, 0xc0, 0xff, 0xff, 0xb8, 0xc0, 0xff, 0xff, 0xb8, 0xc0, 0xff, 0xff, 0xb8, 0xc0, 0xff, 0xff,
0xb8, 0xc0, 0xff, 0xff, 0xb8, 0xc0, 0xff, 0xff, 0xb8, 0xc0, 0xff, 0xff, 0xb8, 0xc0, 0xff, 0xff,
0xb8, 0xc0, 0xff, 0xff, 0xb8, 0xc0, 0xff, 0xff, 0xb8, 0xc0, 0xff, 0xff, 0xb8, 0xc0, 0xff, 0xff,
0xb8, 0xc0, 0xff, 0xff, 0xb8, 0xc0, 0xff, 0xff, 0xb8, 0xc0, 0xff, 0xff, 0xb8, 0xc0, 0xff, 0xff,
0xb8, 0xc0, 0xff, 0xff, 0xb8, 0xc0, 0xff, 0xff, 0xb8, 0xc0, 0xff, 0xff, 0xb8, 0xc0, 0xff, 0xff,
0xb8, 0xc0, 0xff, 0xff, 0xb8, 0xc0, 0xff, 0xff, 0xb8, 0xc0, 0xff, 0xff, 0xb8, 0xc0, 0xff, 0xff,
0xb8, 0xc0, 0xff, 0xff, 0xb8, 0xc0, 0xff, 0xff, 0xb8, 0xc0, 0xff, 0xff, 0xb8, 0xc0, 0xff, 0xff,
0xb8, 0xc0, 0xff, 0xff, 0xb8, 0xc0, 0xff, 0xff, 0xb8, 0xc0, 0xff, 0xff, 0xb8, 0xc0, 0xff, 0xff,
0xb8, 0xc0, 0xff, 0xff, 0xb8, 0xc0, 0xff, 0xff, 0xb8, 0xc0, 0xff, 0xff, 0xb8, 0xc0, 0xff, 0xff,
0xb8, 0xc0, 0xff, 0xff, 0xb8, 0xc0, 0xff, 0xff, 0xb8, 0xc0, 0xff, 0xff, 0xb8, 0xc0, 0xff, 0xff,
0xb8, 0xc0, 0xff, 0xff, 0xb8, 0xc0, 0xff, 0xff, 0xb8, 0xc0, 0xff, 0xff, 0xb8, 0xc0, 0xff, 0xff,
0xb8, 0xc0, 0xff, 0xff, 0xb8, 0xc0, 0xff, 0xff, 0xb8, 0xc0, 0xff, 0xff, 0xb8, 0xc0, 0xff, 0xff,
0xb8, 0xc0, 0xff, 0xff, 0xb8, 0xc0, 0xff, 0xff, 0xb8, 0xc0, 0xff, 0xff, 0xb8, 0xc0, 0xff, 0xff,
0xb8, 0xc0, 0xff, 0xff, 0xb8, 0xc0, 0xff, 0xff, 0xb8, 0xc0, 0xff, 0xff, 0xb8, 0xc0, 0xff, 0xff,
0xb8, 0xc0, 0xff, 0xff, 0xb8, 0xc0, 0xff, 0xff, 0xb8, 0xc0, 0xff, 0xff, 0xb8, 0xc0, 0xff, 0xff,
0xb8, 0xc0, 0xff, 0xff, 0xb8, 0xc0, 0xff, 0xff, 0xb8, 0xc0, 0xff, 0xff, 0xb8, 0xc0, 0xff, 0xff,
0xb8, 0xc0, 0xff, 0xff, 0xb8, 0xc0, 0xff, 0xff, 0xb8, 0xc0, 0xff, 0xff, 0xb8, 0xc0, 0xff, 0xff,
0xb8, 0xc0, 0xff, 0xff, 0xb8, 0xc0, 0xff, 0xff, 0xb8, 0xc0, 0xff, 0xff, 0xb8, 0xc0, 0xff, 0xff,
0xb8, 0xc0, 0xff, 0xff, 0xb8, 0xc0, 0xff, 0xff, 0xb8, 0xc0, 0xff, 0xff, 0xb8, 0xc0, 0xff, 0xff,
0xb8, 0xc0, 0xff, 0xff, 0xb8, 0xc0, 0xff, 0xff, 0xb8, 0xc0, 0xff, 0xff, 0xb8, 0xc0, 0xff, 0xff,
0xb8, 0xc0, 0xff, 0xff, 0xb8, 0xc0, 0xff, 0xff, 0xb8, 0xc0, 0xff, 0xfe, 0xb8, 0xc0, 0xff, 0x6e,
0xb8, 0xc0, 0xff, 0x00, 0xb8, 0xc0, 0xff, 0x00, 0x00, 0x00, 0x00, 0x00, 0x00, 0x00, 0x00, 0x00,
0x00, 0x00, 0x00, 0x00, 0x00, 0x00, 0x00, 0x00, 0x00, 0x00, 0x00, 0x00, 0x00, 0x00, 0x00, 0x00,
0x00, 0x00, 0x00, 0x00, 0x00, 0x00, 0x00, 0x00, 0x00, 0x00, 0x00, 0x00, 0x00, 0x00, 0x00, 0x00,
0x00, 0x00, 0x00, 0x00, 0x00, 0x00, 0x00, 0x00, 0x00, 0x00, 0x00, 0x00, 0x00, 0x00, 0x00, 0x00,
0x00, 0x00, 0x00, 0x00, 0x00, 0x00, 0x00, 0x00, 0x00, 0x00, 0x00, 0x00, 0x00, 0x00, 0x00, 0x00,
0x00, 0x00, 0x00, 0x00, 0x00, 0x00, 0x00, 0x00, 0x00, 0x00, 0x00, 0x00, 0x00, 0x00, 0x00, 0x00,
0x00, 0x00, 0x00, 0x00, 0x00, 0x00, 0x00, 0x00, 0x00, 0x00, 0x00, 0x00, 0x00, 0x00, 0x00, 0x00,
0x00, 0x00, 0x00, 0x00, 0x00, 0x00, 0x00, 0x00, 0xb8, 0xc0, 0xff, 0x00, 0xb8, 0xc0, 0xff, 0x07,
0xb8, 0xc0, 0xff, 0xac, 0xb8, 0xc0, 0xff, 0xff, 0xb8, 0xc0, 0xff, 0xff, 0xb8, 0xc0, 0xff, 0xff,
0xb8, 0xc0, 0xff, 0xff, 0xb8, 0xc0, 0xff, 0xff, 0xb8, 0xc0, 0xff, 0xff, 0xb8, 0xc0, 0xff, 0xff,
0xb8, 0xc0, 0xff, 0xff, 0xb8, 0xc0, 0xff, 0xff, 0xb8, 0xc0, 0xff, 0xff, 0xb8, 0xc0, 0xff, 0xff,
0xb8, 0xc0, 0xff, 0xff, 0xb8, 0xc0, 0xff, 0xff, 0xb8, 0xc0, 0xff, 0xff, 0xb8, 0xc0, 0xff, 0xff,
0xb8, 0xc0, 0xff, 0xff, 0xb8, 0xc0, 0xff, 0xff, 0xb8, 0xc0, 0xff, 0xff, 0xb8, 0xc0, 0xff, 0xff,
0xb8, 0xc0, 0xff, 0xff, 0xb8, 0xc0, 0xff, 0xff, 0xb8, 0xc0, 0xff, 0xff, 0xb8, 0xc0, 0xff, 0xff,
0xb8, 0xc0, 0xff, 0xff, 0xb8, 0xc0, 0xff, 0xff, 0xb8, 0xc0, 0xff, 0xff, 0xb8, 0xc0, 0xff, 0xff,
0xb8, 0xc0, 0xff, 0xff, 0xb8, 0xc0, 0xff, 0xff, 0xb8, 0xc0, 0xff, 0xff, 0xb8, 0xc0, 0xff, 0xff,
0xb8, 0xc0, 0xff, 0xff, 0xb8, 0xc0, 0xff, 0xff, 0xb8, 0xc0, 0xff, 0xff, 0xb8, 0xc0, 0xff, 0xff,
0xb8, 0xc0, 0xff, 0xff, 0xb8, 0xc0, 0xff, 0xff, 0xb8, 0xc0, 0xff, 0xff, 0xb8, 0xc0, 0xff, 0xff,
0xb8, 0xc0, 0xff, 0xff, 0xb8, 0xc0, 0xff, 0xff, 0xb8, 0xc0, 0xff, 0xff, 0xb8, 0xc0, 0xff, 0xff,
0xb8, 0xc0, 0xff, 0xff, 0xb8, 0xc0, 0xff, 0xff, 0xb8, 0xc0, 0xff, 0xff, 0xb8, 0xc0, 0xff, 0xff,
0xb8, 0xc0, 0xff, 0xff, 0xb8, 0xc0, 0xff, 0xff, 0xb8, 0xc0, 0xff, 0xff, 0xb8, 0xc0, 0xff, 0xff,
0xb8, 0xc0, 0xff, 0xff, 0xb8, 0xc0, 0xff, 0xff, 0xb8, 0xc0, 0xff, 0xff, 0xb8, 0xc0, 0xff, 0xff,
0xb8, 0xc0, 0xff, 0xff, 0xb8, 0xc0, 0xff, 0xff, 0xb8, 0xc0, 0xff, 0xff, 0xb8, 0xc0, 0xff, 0xff,
0xb8, 0xc0, 0xff, 0xff, 0xb8, 0xc0, 0xff, 0xff, 0xb8, 0xc0, 0xff, 0xff, 0xb8, 0xc0, 0xff, 0xff,
0xb8, 0xc0, 0xff, 0xff, 0xb8, 0xc0, 0xff, 0xff, 0xb8, 0xc0, 0xff, 0xff, 0xb8, 0xc0, 0xff, 0xff,
0xb8, 0xc0, 0xff, 0xff, 0xb8, 0xc0, 0xff, 0xff, 0xb8, 0xc0, 0xff, 0xff, 0xb8, 0xc0, 0xff, 0xff,
0xb8, 0xc0, 0xff, 0xff, 0xb8, 0xc0, 0xff, 0xff, 0xb8, 0xc0, 0xff, 0xff, 0xb8, 0xc0, 0xff, 0xff,
0xb8, 0xc0, 0xff, 0xff, 0xb8, 0xc0, 0xff, 0xff, 0xb8, 0xc0, 0xff, 0xff, 0xb8, 0xc0, 0xff, 0xff,
0xb8, 0xc0, 0xff, 0xff, 0xb8, 0xc0, 0xff, 0xff, 0xb8, 0xc0, 0xff, 0xff, 0xb8, 0xc0, 0xff, 0xff,
0xb8, 0xc0, 0xff, 0xff, 0xb8, 0xc0, 0xff, 0xff, 0xb8, 0xc0, 0xff, 0xff, 0xb8, 0xc0, 0xff, 0xff,
0xb8, 0xc0, 0xff, 0xff, 0xb8, 0xc0, 0xff, 0xff, 0xb8, 0xc0, 0xff, 0xff, 0xb8, 0xc0, 0xff, 0xff,
0xb8, 0xc0, 0xff, 0xff, 0xb8, 0xc0, 0xff, 0xff, 0xb8, 0xc0, 0xff, 0xff, 0xb8, 0xc0, 0xff, 0xcb,
0xb8, 0xc0, 0xff, 0x15, 0xb8, 0xc0, 0xff, 0x00, 0x00, 0x00, 0x00, 0x00, 0x00, 0x00, 0x00, 0x00,
0x00, 0x00, 0x00, 0x00, 0x00, 0x00, 0x00, 0x00, 0x00, 0x00, 0x00, 0x00, 0x00, 0x00, 0x00, 0x00,
0x00, 0x00, 0x00, 0x00, 0x00, 0x00, 0x00, 0x00, 0x00, 0x00, 0x00, 0x00, 0x00, 0x00, 0x00, 0x00,
0x00, 0x00, 0x00, 0x00, 0x00, 0x00, 0x00, 0x00, 0x00, 0x00, 0x00, 0x00, 0x00, 0x00, 0x00, 0x00,
0x00, 0x00, 0x00, 0x00, 0x00, 0x00, 0x00, 0x00, 0x00, 0x00, 0x00, 0x00, 0x00, 0x00, 0x00, 0x00,
0x00, 0x00, 0x00, 0x00, 0x00, 0x00, 0x00, 0x00, 0x00, 0x00, 0x00, 0x00, 0x00, 0x00, 0x00, 0x00,
0x00, 0x00, 0x00, 0x00, 0x00, 0x00, 0x00, 0x00, 0x00, 0x00, 0x00, 0x00, 0x00, 0x00, 0x00, 0x00,
0x00, 0x00, 0x00, 0x00, 0x00, 0x00, 0x00, 0x00, 0xb8, 0xc0, 0xff, 0x00, 0xb8, 0xc0, 0xff, 0x37,
0xb8, 0xc0, 0xff, 0xed, 0xb8, 0xc0, 0xff, 0xff, 0xb8, 0xc0, 0xff, 0xff, 0xb8, 0xc0, 0xff, 0xff,
0xb8, 0xc0, 0xff, 0xff, 0xb8, 0xc0, 0xff, 0xff, 0xb8, 0xc0, 0xff, 0xff, 0xb8, 0xc0, 0xff, 0xff,
0xb8, 0xc0, 0xff, 0xff, 0xb8, 0xc0, 0xff, 0xff, 0xb8, 0xc0, 0xff, 0xff, 0xb8, 0xc0, 0xff, 0xff,
0xb8, 0xc0, 0xff, 0xff, 0xb8, 0xc0, 0xff, 0xff, 0xb8, 0xc0, 0xff, 0xff, 0xb8, 0xc0, 0xff, 0xff,
0xb8, 0xc0, 0xff, 0xff, 0xb8, 0xc0, 0xff, 0xff, 0xb8, 0xc0, 0xff, 0xff, 0xb8, 0xc0, 0xff, 0xff,
0xb8, 0xc0, 0xff, 0xff, 0xb8, 0xc0, 0xff, 0xff, 0xb8, 0xc0, 0xff, 0xff, 0xb8, 0xc0, 0xff, 0xff,
0xb8, 0xc0, 0xff, 0xff, 0xb8, 0xc0, 0xff, 0xff, 0xb8, 0xc0, 0xff, 0xff, 0xb8, 0xc0, 0xff, 0xff,
0xb8, 0xc0, 0xff, 0xff, 0xb8, 0xc0, 0xff, 0xff, 0xb8, 0xc0, 0xff, 0xff, 0xb8, 0xc0, 0xff, 0xff,
0xb8, 0xc0, 0xff, 0xff, 0xb8, 0xc0, 0xff, 0xff, 0xb8, 0xc0, 0xff, 0xff, 0xb8, 0xc0, 0xff, 0xff,
0xb8, 0xc0, 0xff, 0xff, 0xb8, 0xc0, 0xff, 0xff, 0xb8, 0xc0, 0xff, 0xff, 0xb8, 0xc0, 0xff, 0xff,
0xb8, 0xc0, 0xff, 0xff, 0xb8, 0xc0, 0xff, 0xff, 0xb8, 0xc0, 0xff, 0xff, 0xb8, 0xc0, 0xff, 0xff,
0xb8, 0xc0, 0xff, 0xff, 0xb8, 0xc0, 0xff, 0xff, 0xb8, 0xc0, 0xff, 0xff, 0xb8, 0xc0, 0xff, 0xff,
0xb8, 0xc0, 0xff, 0xff, 0xb8, 0xc0, 0xff, 0xff, 0xb8, 0xc0, 0xff, 0xff, 0xb8, 0xc0, 0xff, 0xff,
0xb8, 0xc0, 0xff, 0xff, 0xb8, 0xc0, 0xff, 0xff, 0xb8, 0xc0, 0xff, 0xff, 0xb8, 0xc0, 0xff, 0xff,
0xb8, 0xc0, 0xff, 0xff, 0xb8, 0xc0, 0xff, 0xff, 0xb8, 0xc0, 0xff, 0xff, 0xb8, 0xc0, 0xff, 0xff,
0xb8, 0xc0, 0xff, 0xff, 0xb8, 0xc0, 0xff, 0xff, 0xb8, 0xc0, 0xff, 0xff, 0xb8, 0xc0, 0xff, 0xff,
0xb8, 0xc0, 0xff, 0xff, 0xb8, 0xc0, 0xff, 0xff, 0xb8, 0xc0, 0xff, 0xff, 0xb8, 0xc0, 0xff, 0xff,
0xb8, 0xc0, 0xff, 0xff, 0xb8, 0xc0, 0xff, 0xff, 0xb8, 0xc0, 0xff, 0xff, 0xb8, 0xc0, 0xff, 0xff,
0xb8, 0xc0, 0xff, 0xff, 0xb8, 0xc0, 0xff, 0xff, 0xb8, 0xc0, 0xff, 0xff, 0xb8, 0xc0, 0xff, 0xff,
0xb8, 0xc0, 0xff, 0xff, 0xb8, 0xc0, 0xff, 0xff, 0xb8, 0xc0, 0xff, 0xff, 0xb8, 0xc0, 0xff, 0xff,
0xb8, 0xc0, 0xff, 0xff, 0xb8, 0xc0, 0xff, 0xff, 0xb8, 0xc0, 0xff, 0xff, 0xb8, 0xc0, 0xff, 0xff,
0xb8, 0xc0, 0xff, 0xff, 0xb8, 0xc0, 0xff, 0xff, 0xb8, 0xc0, 0xff, 0xff, 0xb8, 0xc0, 0xff, 0xff,
0xb8, 0xc0, 0xff, 0xff, 0xb8, 0xc0, 0xff, 0xff, 0xb8, 0xc0, 0xff, 0xff, 0xb8, 0xc0, 0xff, 0xff,
0xb8, 0xc0, 0xff, 0xff, 0xb8, 0xc0, 0xff, 0xff, 0xb8, 0xc0, 0xff, 0xff, 0xb8, 0xc0, 0xff, 0xfa,
0xb8, 0xc0, 0xff, 0x56, 0xb8, 0xc0, 0xff, 0x00, 0xb8, 0xc0, 0xff, 0x00, 0x00, 0x00, 0x00, 0x00,
0x00, 0x00, 0x00, 0x00, 0x00, 0x00, 0x00, 0x00, 0x00, 0x00, 0x00, 0x00, 0x00, 0x00, 0x00, 0x00,
0x00, 0x00, 0x00, 0x00, 0x00, 0x00, 0x00, 0x00, 0x00, 0x00, 0x00, 0x00, 0x00, 0x00, 0x00, 0x00,
0x00, 0x00, 0x00, 0x00, 0x00, 0x00, 0x00, 0x00, 0x00, 0x00, 0x00, 0x00, 0x00, 0x00, 0x00, 0x00,
0x00, 0x00, 0x00, 0x00, 0x00, 0x00, 0x00, 0x00, 0x00, 0x00, 0x00, 0x00, 0x00, 0x00, 0x00, 0x00,
0x00, 0x00, 0x00, 0x00, 0x00, 0x00, 0x00, 0x00, 0x00, 0x00, 0x00, 0x00, 0x00, 0x00, 0x00, 0x00,
0x00, 0x00, 0x00, 0x00, 0x00, 0x00, 0x00, 0x00, 0x00, 0x00, 0x00, 0x00, 0x00, 0x00, 0x00, 0x00,
0x00, 0x00, 0x00, 0x00, 0xb8, 0xc0, 0xff, 0x00, 0xb8, 0xc0, 0xff, 0x00, 0xb8, 0xc0, 0xff, 0x82,
0xb8, 0xc0, 0xff, 0xff, 0xb8, 0xc0, 0xff, 0xff, 0xb8, 0xc0, 0xff, 0xff, 0xb8, 0xc0, 0xff, 0xff,
0xb8, 0xc0, 0xff, 0xff, 0xb8, 0xc0, 0xff, 0xff, 0xb8, 0xc0, 0xff, 0xff, 0xb8, 0xc0, 0xff, 0xff,
0xb8, 0xc0, 0xff, 0xff, 0xb8, 0xc0, 0xff, 0xff, 0xb8, 0xc0, 0xff, 0xff, 0xb8, 0xc0, 0xff, 0xff,
0xb8, 0xc0, 0xff, 0xff, 0xb8, 0xc0, 0xff, 0xff, 0xb8, 0xc0, 0xff, 0xff, 0xb8, 0xc0, 0xff, 0xff,
0xb8, 0xc0, 0xff, 0xff, 0xb8, 0xc0, 0xff, 0xff, 0xb8, 0xc0, 0xff, 0xff, 0xb8, 0xc0, 0xff, 0xff,
0xb8, 0xc0, 0xff, 0xff, 0xb8, 0xc0, 0xff, 0xff, 0xb8, 0xc0, 0xff, 0xff, 0xb8, 0xc0, 0xff, 0xff,
0xb8, 0xc0, 0xff, 0xff, 0xb8, 0xc0, 0xff, 0xff, 0xb8, 0xc0, 0xff, 0xff, 0xb8, 0xc0, 0xff, 0xff,
0xb8, 0xc0, 0xff, 0xff, 0xb8, 0xc0, 0xff, 0xff, 0xb8, 0xc0, 0xff, 0xff, 0xb8, 0xc0, 0xff, 0xff,
0xb8, 0xc0, 0xff, 0xff, 0xb8, 0xc0, 0xff, 0xff, 0xb8, 0xc0, 0xff, 0xff, 0xb8, 0xc0, 0xff, 0xff,
0xb8, 0xc0, 0xff, 0xff, 0xb8, 0xc0, 0xff, 0xff, 0xb8, 0xc0, 0xff, 0xff, 0xb8, 0xc0, 0xff, 0xff,
0xb8, 0xc0, 0xff, 0xff, 0xb8, 0xc0, 0xff, 0xff, 0xb8, 0xc0, 0xff, 0xff, 0xb8, 0xc0, 0xff, 0xff,
0xb8, 0xc0, 0xff, 0xff, 0xb8, 0xc0, 0xff, 0xff, 0xb8, 0xc0, 0xff, 0xff, 0xb8, 0xc0, 0xff, 0xff,
0xb8, 0xc0, 0xff, 0xff, 0xb8, 0xc0, 0xff, 0xff, 0xb8, 0xc0, 0xff, 0xff, 0xb8, 0xc0, 0xff, 0xff,
0xb8, 0xc0, 0xff, 0xff, 0xb8, 0xc0, 0xff, 0xff, 0xb8, 0xc0, 0xff, 0xff, 0xb8, 0xc0, 0xff, 0xff,
0xb8, 0xc0, 0xff, 0xff, 0xb8, 0xc0, 0xff, 0xff, 0xb8, 0xc0, 0xff, 0xff, 0xb8, 0xc0, 0xff, 0xff,
0xb8, 0xc0, 0xff, 0xff, 0xb8, 0xc0, 0xff, 0xff, 0xb8, 0xc0, 0xff, 0xff, 0xb8, 0xc0, 0xff, 0xff,
0xb8, 0xc0, 0xff, 0xff, 0xb8, 0xc0, 0xff, 0xff, 0xb8, 0xc0, 0xff, 0xff, 0xb8, 0xc0, 0xff, 0xff,
0xb8, 0xc0, 0xff, 0xff, 0xb8, 0xc0, 0xff, 0xff, 0xb8, 0xc0, 0xff, 0xff, 0xb8, 0xc0, 0xff, 0xff,
0xb8, 0xc0, 0xff, 0xff, 0xb8, 0xc0, 0xff, 0xff, 0xb8, 0xc0, 0xff, 0xff, 0xb8, 0xc0, 0xff, 0xff,
0xb8, 0xc0, 0xff, 0xff, 0xb8, 0xc0, 0xff, 0xff, 0xb8, 0xc0, 0xff, 0xff, 0xb8, 0xc0, 0xff, 0xff,
0xb8, 0xc0, 0xff, 0xff, 0xb8, 0xc0, 0xff, 0xff, 0xb8, 0xc0, 0xff, 0xff, 0xb8, 0xc0, 0xff, 0xff,
0xb8, 0xc0, 0xff, 0xff, 0xb8, 0xc0, 0xff, 0xff, 0xb8, 0xc0, 0xff, 0xff, 0xb8, 0xc0, 0xff, 0xff,
0xb8, 0xc0, 0xff, 0xff, 0xb8, 0xc0, 0xff, 0xff, 0xb8, 0xc0, 0xff, 0xff, 0xb8, 0xc0, 0xff, 0xff,
0xb8, 0xc0, 0xff, 0xff, 0xb8, 0xc0, 0xff, 0xff, 0xb8, 0xc0, 0xff, 0xff, 0xb8, 0xc0, 0xff, 0xff,
0xb8, 0xc0, 0xff, 0xa6, 0xb8, 0xc0, 0xff, 0x04, 0xb8, 0xc0, 0xff, 0x00, 0x00, 0x00, 0x00, 0x00,
0x00, 0x00, 0x00, 0x00, 0x00, 0x00, 0x00, 0x00, 0x00, 0x00, 0x00, 0x00, 0x00, 0x00, 0x00, 0x00,
0x00, 0x00, 0x00, 0x00, 0x00, 0x00, 0x00, 0x00, 0x00, 0x00, 0x00, 0x00, 0x00, 0x00, 0x00, 0x00,
0x00, 0x00, 0x00, 0x00, 0x00, 0x00, 0x00, 0x00, 0x00, 0x00, 0x00, 0x00, 0x00, 0x00, 0x00, 0x00,
0x00, 0x00, 0x00, 0x00, 0x00, 0x00, 0x00, 0x00, 0x00, 0x00, 0x00, 0x00, 0x00, 0x00, 0x00, 0x00,
0x00, 0x00, 0x00, 0x00, 0x00, 0x00, 0x00, 0x00, 0x00, 0x00, 0x00, 0x00, 0x00, 0x00, 0x00, 0x00,
0x00, 0x00, 0x00, 0x00, 0x00, 0x00, 0x00, 0x00, 0x00, 0x00, 0x00, 0x00, 0x00, 0x00, 0x00, 0x00,
0x00, 0x00, 0x00, 0x00, 0xb8, 0xc0, 0xff, 0x00, 0xb8, 0xc0, 0xff, 0x0e, 0xb8, 0xc0, 0xff, 0xc5,
0xb8, 0xc0, 0xff, 0xff, 0xb8, 0xc0, 0xff, 0xff, 0xb8, 0xc0, 0xff, 0xff, 0xb8, 0xc0, 0xff, 0xff,
0xb8, 0xc0, 0xff, 0xff, 0xb8, 0xc0, 0xff, 0xff, 0xb8, 0xc0, 0xff, 0xff, 0xb8, 0xc0, 0xff, 0xff,
0xb8, 0xc0, 0xff, 0xff, 0xb8, 0xc0, 0xff, 0xff, 0xb8, 0xc0, 0xff, 0xff, 0xb8, 0xc0, 0xff, 0xff,
0xb8, 0xc0, 0xff, 0xff, 0xb8, 0xc0, 0xff, 0xff, 0xb8, 0xc0, 0xff, 0xff, 0xb8, 0xc0, 0xff, 0xff,
0xb8, 0xc0, 0xff, 0xff, 0xb8, 0xc0, 0xff, 0xff, 0xb8, 0xc0, 0xff, 0xff, 0xb8, 0xc0, 0xff, 0xff,
0xb8, 0xc0, 0xff, 0xff, 0xb8, 0xc0, 0xff, 0xff, 0xb8, 0xc0, 0xff, 0xff, 0xb8, 0xc0, 0xff, 0xff,
0xb8, 0xc0, 0xff, 0xff, 0xb8, 0xc0, 0xff, 0xff, 0xb8, 0xc0, 0xff, 0xff, 0xb8, 0xc0, 0xff, 0xff,
0xb8, 0xc0, 0xff, 0xff, 0xb8, 0xc0, 0xff, 0xff, 0xb8, 0xc0, 0xff, 0xff, 0xb8, 0xc0, 0xff, 0xff,
0xb8, 0xc0, 0xff, 0xff, 0xb8, 0xc0, 0xff, 0xff, 0xb8, 0xc0, 0xff, 0xff, 0xb8, 0xc0, 0xff, 0xff,
0xb8, 0xc0, 0xff, 0xff, 0xb8, 0xc0, 0xff, 0xff, 0xb8, 0xc0, 0xff, 0xff, 0xb8, 0xc0, 0xff, 0xff,
0xb8, 0xc0, 0xff, 0xff, 0xb8, 0xc0, 0xff, 0xff, 0xb8, 0xc0, 0xff, 0xff, 0xb8, 0xc0, 0xff, 0xff,
0xb8, 0xc0, 0xff, 0xff, 0xb8, 0xc0, 0xff, 0xff, 0xb8, 0xc0, 0xff, 0xff, 0xb8, 0xc0, 0xff, 0xff,
0xb8, 0xc0, 0xff, 0xff, 0xb8, 0xc0, 0xff, 0xff, 0xb8, 0xc0, 0xff, 0xff, 0xb8, 0xc0, 0xff, 0xff,
0xb8, 0xc0, 0xff, 0xff, 0xb8, 0xc0, 0xff, 0xff, 0xb8, 0xc0, 0xff, 0xff, 0xb8, 0xc0, 0xff, 0xff,
0xb8, 0xc0, 0xff, 0xff, 0xb8, 0xc0, 0xff, 0xff, 0xb8, 0xc0, 0xff, 0xff, 0xb8, 0xc0, 0xff, 0xff,
0xb8, 0xc0, 0xff, 0xff, 0xb8, 0xc0, 0xff, 0xff, 0xb8, 0xc0, 0xff, 0xff, 0xb8, 0xc0, 0xff, 0xff,
0xb8, 0xc0, 0xff, 0xff, 0xb8, 0xc0, 0xff, 0xff, 0xb8, 0xc0, 0xff, 0xff, 0xb8, 0xc0, 0xff, 0xff,
0xb8, 0xc0, 0xff, 0xff, 0xb8, 0xc0, 0xff, 0xff, 0xb8, 0xc0, 0xff, 0xff, 0xb8, 0xc0, 0xff, 0xff,
0xb8, 0xc0, 0xff, 0xff, 0xb8, 0xc0, 0xff, 0xff, 0xb8, 0xc0, 0xff, 0xff, 0xb8, 0xc0, 0xff, 0xff,
0xb8, 0xc0, 0xff, 0xff, 0xb8, 0xc0, 0xff, 0xff, 0xb8, 0xc0, 0xff, 0xff, 0xb8, 0xc0, 0xff, 0xff,
0xb8, 0xc0, 0xff, 0xff, 0xb8, 0xc0, 0xff, 0xff, 0xb8, 0xc0, 0xff, 0xff, 0xb8, 0xc0, 0xff, 0xff,
0xb8, 0xc0, 0xff, 0xff, 0xb8, 0xc0, 0xff, 0xff, 0xb8, 0xc0, 0xff, 0xff, 0xb8, 0xc0, 0xff, 0xff,
0xb8, 0xc0, 0xff, 0xff, 0xb8, 0xc0, 0xff, 0xff, 0xb8, 0xc0, 0xff, 0xff, 0xb8, 0xc0, 0xff, 0xff,
0xb8, 0xc0, 0xff, 0xff, 0xb8, 0xc0, 0xff, 0xff, 0xb8, 0xc0, 0xff, 0xff, 0xb8, 0xc0, 0xff, 0xff,
0xb8, 0xc0, 0xff, 0xdf, 0xb8, 0xc0, 0xff, 0x21, 0xb8, 0xc0, 0xff, 0x00, 0x00, 0x00, 0x00, 0x00,
0x00, 0x00, 0x00, 0x00, 0x00, 0x00, 0x00, 0x00, 0x00, 0x00, 0x00, 0x00, 0x00, 0x00, 0x00, 0x00,
0x00, 0x00, 0x00, 0x00, 0x00, 0x00, 0x00, 0x00, 0x00, 0x00, 0x00, 0x00, 0x00, 0x00, 0x00, 0x00,
0x00, 0x00, 0x00, 0x00, 0x00, 0x00, 0x00, 0x00, 0x00, 0x00, 0x00, 0x00, 0x00, 0x00, 0x00, 0x00,
0x00, 0x00, 0x00, 0x00, 0x00, 0x00, 0x00, 0x00, 0x00, 0x00, 0x00, 0x00, 0x00, 0x00, 0x00, 0x00,
0x00, 0x00, 0x00, 0x00, 0x00, 0x00, 0x00, 0x00, 0x00, 0x00, 0x00, 0x00, 0x00, 0x00, 0x00, 0x00,
0x00, 0x00, 0x00, 0x00, 0x00, 0x00, 0x00, 0x00, 0x00, 0x00, 0x00, 0x00, 0x00, 0x00, 0x00, 0x00,
0x00, 0x00, 0x00, 0x00, 0xb8, 0xc0, 0xff, 0x00, 0xb8, 0xc0, 0xff, 0x33, 0xb8, 0xc0, 0xff, 0xed,
0xb8, 0xc0, 0xff, 0xff, 0xb8, 0xc0, 0xff, 0xff, 0xb8, 0xc0, 0xff, 0xff, 0xb8, 0xc0, 0xff, 0xff,
0xb8, 0xc0, 0xff, 0xff, 0xb8, 0xc0, 0xff, 0xff, 0xb8, 0xc0, 0xff, 0xff, 0xb8, 0xc0, 0xff, 0xff,
0xb8, 0xc0, 0xff, 0xff, 0xb8, 0xc0, 0xff, 0xff, 0xb8, 0xc0, 0xff, 0xff, 0xb8, 0xc0, 0xff, 0xff,
0xb8, 0xc0, 0xff, 0xff, 0xb8, 0xc0, 0xff, 0xff, 0xb8, 0xc0, 0xff, 0xff, 0xb8, 0xc0, 0xff, 0xff,
0xb8, 0xc0, 0xff, 0xff, 0xb8, 0xc0, 0xff, 0xff, 0xb8, 0xc0, 0xff, 0xff, 0xb8, 0xc0, 0xff, 0xff,
0xb8, 0xc0, 0xff, 0xff, 0xb8, 0xc0, 0xff, 0xff, 0xb8, 0xc0, 0xff, 0xff, 0xb8, 0xc0, 0xff, 0xff,
0xb8, 0xc0, 0xff, 0xff, 0xb8, 0xc0, 0xff, 0xff, 0xb8, 0xc0, 0xff, 0xff, 0xb8, 0xc0, 0xff, 0xff,
0xb8, 0xc0, 0xff, 0xff, 0xb8, 0xc0, 0xff, 0xff, 0xb8, 0xc0, 0xff, 0xff, 0xb8, 0xc0, 0xff, 0xff,
0xb8, 0xc0, 0xff, 0xff, 0xb8, 0xc0, 0xff, 0xff, 0xb8, 0xc0, 0xff, 0xff, 0xb8, 0xc0, 0xff, 0xff,
0xb8, 0xc0, 0xff, 0xff, 0xb8, 0xc0, 0xff, 0xff, 0xb8, 0xc0, 0xff, 0xff, 0xb8, 0xc0, 0xff, 0xff,
0xb8, 0xc0, 0xff, 0xff, 0xb8, 0xc0, 0xff, 0xff, 0xb8, 0xc0, 0xff, 0xff, 0xb8, 0xc0, 0xff, 0xff,
0xb8, 0xc0, 0xff, 0xff, 0xb8, 0xc0, 0xff, 0xff, 0xb8, 0xc0, 0xff, 0xff, 0xb8, 0xc0, 0xff, 0xff,
0xb8, 0xc0, 0xff, 0xff, 0xb8, 0xc0, 0xff, 0xff, 0xb8, 0xc0, 0xff, 0xff, 0xb8, 0xc0, 0xff, 0xff,
0xb8, 0xc0, 0xff, 0xff, 0xb8, 0xc0, 0xff, 0xff, 0xb8, 0xc0, 0xff, 0xff, 0xb8, 0xc0, 0xff, 0xff,
0xb8, 0xc0, 0xff, 0xff, 0xb8, 0xc0, 0xff, 0xff, 0xb8, 0xc0, 0xff, 0xff, 0xb8, 0xc0, 0xff, 0xff,
0xb8, 0xc0, 0xff, 0xff, 0xb8, 0xc0, 0xff, 0xff, 0xb8, 0xc0, 0xff, 0xff, 0xb8, 0xc0, 0xff, 0xff,
0xb8, 0xc0, 0xff, 0xff, 0xb8, 0xc0, 0xff, 0xff, 0xb8, 0xc0, 0xff, 0xff, 0xb8, 0xc0, 0xff, 0xff,
0xb8, 0xc0, 0xff, 0xff, 0xb8, 0xc0, 0xff, 0xff, 0xb8, 0xc0, 0xff, 0xff, 0xb8, 0xc0, 0xff, 0xff,
0xb8, 0xc0, 0xff, 0xff, 0xb8, 0xc0, 0xff, 0xff, 0xb8, 0xc0, 0xff, 0xff, 0xb8, 0xc0, 0xff, 0xff,
0xb8, 0xc0, 0xff, 0xff, 0xb8, 0xc0, 0xff, 0xff, 0xb8, 0xc0, 0xff, 0xff, 0xb8, 0xc0, 0xff, 0xff,
0xb8, 0xc0, 0xff, 0xff, 0xb8, 0xc0, 0xff, 0xff, 0xb8, 0xc0, 0xff, 0xff, 0xb8, 0xc0, 0xff, 0xff,
0xb8, 0xc0, 0xff, 0xff, 0xb8, 0xc0, 0xff, 0xff, 0xb8, 0xc0, 0xff, 0xff, 0xb8, 0xc0, 0xff, 0xff,
0xb8, 0xc0, 0xff, 0xff, 0xb8, 0xc0, 0xff, 0xff, 0xb8, 0xc0, 0xff, 0xff, 0xb8, 0xc0, 0xff, 0xff,
0xb8, 0xc0, 0xff, 0xff, 0xb8, 0xc0, 0xff, 0xff, 0xb8, 0xc0, 0xff, 0xff, 0xb8, 0xc0, 0xff, 0xff,
0xb8, 0xc0, 0xff, 0xfb, 0xb8, 0xc0, 0xff, 0x52, 0xb8, 0xc0, 0xff, 0x00, 0x00, 0x00, 0x00, 0x00,
0x00, 0x00, 0x00, 0x00, 0x00, 0x00, 0x00, 0x00, 0x00, 0x00, 0x00, 0x00, 0x00, 0x00, 0x00, 0x00,
0x00, 0x00, 0x00, 0x00, 0x00, 0x00, 0x00, 0x00, 0x00, 0x00, 0x00, 0x00, 0x00, 0x00, 0x00, 0x00,
0x00, 0x00, 0x00, 0x00, 0x00, 0x00, 0x00, 0x00, 0x00, 0x00, 0x00, 0x00, 0x00, 0x00, 0x00, 0x00,
0x00, 0x00, 0x00, 0x00, 0x00, 0x00, 0x00, 0x00, 0x00, 0x00, 0x00, 0x00, 0x00, 0x00, 0x00, 0x00,
0x00, 0x00, 0x00, 0x00, 0x00, 0x00, 0x00, 0x00, 0x00, 0x00, 0x00, 0x00, 0x00, 0x00, 0x00, 0x00,
0x00, 0x00, 0x00, 0x00, 0x00, 0x00, 0x00, 0x00, 0x00, 0x00, 0x00, 0x00, 0x00, 0x00, 0x00, 0x00,
0x00, 0x00, 0x00, 0x00, 0xb8, 0xc0, 0xff, 0x00, 0xb8, 0xc0, 0xff, 0x61, 0xb8, 0xc0, 0xff, 0xfe,
0xb8, 0xc0, 0xff, 0xff, 0xb8, 0xc0, 0xff, 0xff, 0xb8, 0xc0, 0xff, 0xff, 0xb8, 0xc0, 0xff, 0xff,
0xb8, 0xc0, 0xff, 0xff, 0xb8, 0xc0, 0xff, 0xff, 0xb8, 0xc0, 0xff, 0xff, 0xb8, 0xc0, 0xff, 0xff,
0xb8, 0xc0, 0xff, 0xff, 0xb8, 0xc0, 0xff, 0xff, 0xb8, 0xc0, 0xff, 0xff, 0xb8, 0xc0, 0xff, 0xff,
0xb8, 0xc0, 0xff, 0xff, 0xb8, 0xc0, 0xff, 0xff, 0xb8, 0xc0, 0xff, 0xff, 0xb8, 0xc0, 0xff, 0xff,
0xb8, 0xc0, 0xff, 0xff, 0xb8, 0xc0, 0xff, 0xff, 0xb8, 0xc0, 0xff, 0xff, 0xb8, 0xc0, 0xff, 0xff,
0xb8, 0xc0, 0xff, 0xff, 0xb8, 0xc0, 0xff, 0xff, 0xb8, 0xc0, 0xff, 0xff, 0xb8, 0xc0, 0xff, 0xff,
0xb8, 0xc0, 0xff, 0xff, 0xb8, 0xc0, 0xff, 0xff, 0xb8, 0xc0, 0xff, 0xff, 0xb8, 0xc0, 0xff, 0xff,
0xb8, 0xc0, 0xff, 0xff, 0xb8, 0xc0, 0xff, 0xff, 0xb8, 0xc0, 0xff, 0xff, 0xb8, 0xc0, 0xff, 0xff,
0xb8, 0xc0, 0xff, 0xff, 0xb8, 0xc0, 0xff, 0xff, 0xb8, 0xc0, 0xff, 0xff, 0xb8, 0xc0, 0xff, 0xff,
0xb8, 0xc0, 0xff, 0xff, 0xb8, 0xc0, 0xff, 0xff, 0xb8, 0xc0, 0xff, 0xff, 0xb8, 0xc0, 0xff, 0xff,
0xb8, 0xc0, 0xff, 0xff, 0xb8, 0xc0, 0xff, 0xff, 0xb8, 0xc0, 0xff, 0xff, 0xb8, 0xc0, 0xff, 0xff,
0xb8, 0xc0, 0xff, 0xff, 0xb8, 0xc0, 0xff, 0xff, 0xb8, 0xc0, 0xff, 0xff, 0xb8, 0xc0, 0xff, 0xff,
0xb8, 0xc0, 0xff, 0xff, 0xb8, 0xc0, 0xff, 0xff, 0xb8, 0xc0, 0xff, 0xff, 0xb8, 0xc0, 0xff, 0xff,
0xb8, 0xc0, 0xff, 0xff, 0xb8, 0xc0, 0xff, 0xff, 0xb8, 0xc0, 0xff, 0xff, 0xb8, 0xc0, 0xff, 0xff,
0xb8, 0xc0, 0xff, 0xff, 0xb8, 0xc0, 0xff, 0xff, 0xb8, 0xc0, 0xff, 0xff, 0xb8, 0xc0, 0xff, 0xff,
0xb8, 0xc0, 0xff, 0xff, 0xb8, 0xc0, 0xff, 0xff, 0xb8, 0xc0, 0xff, 0xff, 0xb8, 0xc0, 0xff, 0xff,
0xb8, 0xc0, 0xff, 0xff, 0xb8, 0xc0, 0xff, 0xff, 0xb8, 0xc0, 0xff, 0xff, 0xb8, 0xc0, 0xff, 0xff,
0xb8, 0xc0, 0xff, 0xff, 0xb8, 0xc0, 0xff, 0xff, 0xb8, 0xc0, 0xff, 0xff, 0xb8, 0xc0, 0xff, 0xff,
0xb8, 0xc0, 0xff, 0xff, 0xb8, 0xc0, 0xff, 0xff, 0xb8, 0xc0, 0xff, 0xff, 0xb8, 0xc0, 0xff, 0xff,
0xb8, 0xc0, 0xff, 0xff, 0xb8, 0xc0, 0xff, 0xff, 0xb8, 0xc0, 0xff, 0xff, 0xb8, 0xc0, 0xff, 0xff,
0xb8, 0xc0, 0xff, 0xff, 0xb8, 0xc0, 0xff, 0xff, 0xb8, 0xc0, 0xff, 0xff, 0xb8, 0xc0, 0xff, 0xff,
0xb8, 0xc0, 0xff, 0xff, 0xb8, 0xc0, 0xff, 0xff, 0xb8, 0xc0, 0xff, 0xff, 0xb8, 0xc0, 0xff, 0xff,
0xb8, 0xc0, 0xff, 0xff, 0xb8, 0xc0, 0xff, 0xff, 0xb8, 0xc0, 0xff, 0xff, 0xb8, 0xc0, 0xff, 0xff,
0xb8, 0xc0, 0xff, 0xff, 0xb8, 0xc0, 0xff, 0xff, 0xb8, 0xc0, 0xff, 0xff, 0xb8, 0xc0, 0xff, 0xff,
0xb8, 0xc0, 0xff, 0xff, 0xb8, 0xc0, 0xff, 0x86, 0xb8, 0xc0, 0xff, 0x00, 0xb8, 0xc0, 0xff, 0x00,
0x00, 0x00, 0x00, 0x00, 0x00, 0x00, 0x00, 0x00, 0x00, 0x00, 0x00, 0x00, 0x00, 0x00, 0x00, 0x00,
0x00, 0x00, 0x00, 0x00, 0x00, 0x00, 0x00, 0x00, 0x00, 0x00, 0x00, 0x00, 0x00, 0x00, 0x00, 0x00,
0x00, 0x00, 0x00, 0x00, 0x00, 0x00, 0x00, 0x00, 0x00, 0x00, 0x00, 0x00, 0x00, 0x00, 0x00, 0x00,
0x00, 0x00, 0x00, 0x00, 0x00, 0x00, 0x00, 0x00, 0x00, 0x00, 0x00, 0x00, 0x00, 0x00, 0x00, 0x00,
0x00, 0x00, 0x00, 0x00, 0x00, 0x00, 0x00, 0x00, 0x00, 0x00, 0x00, 0x00, 0x00, 0x00, 0x00, 0x00,
0x00, 0x00, 0x00, 0x00, 0x00, 0x00, 0x00, 0x00, 0x00, 0x00, 0x00, 0x00, 0xd0, 0xd9, 0xff, 0x00,
0xd1, 0xda, 0xff, 0x02, 0xd2, 0xdc, 0xff, 0x18, 0xbb, 0xc3, 0xff, 0x9f, 0xb8, 0xc0, 0xff, 0xff,
0xb8, 0xc0, 0xff, 0xff, 0xb8, 0xc0, 0xff, 0xff, 0xb8, 0xc0, 0xff, 0xff, 0xb8, 0xc0, 0xff, 0xff,
0xb8, 0xc0, 0xff, 0xff, 0xb8, 0xc0, 0xff, 0xff, 0xb8, 0xc0, 0xff, 0xff, 0xb8, 0xc0, 0xff, 0xff,
0xb8, 0xc0, 0xff, 0xff, 0xb8, 0xc0, 0xff, 0xff, 0xb8, 0xc0, 0xff, 0xff, 0xb8, 0xc0, 0xff, 0xff,
0xb8, 0xc0, 0xff, 0xff, 0xb8, 0xc0, 0xff, 0xff, 0xb8, 0xc0, 0xff, 0xff, 0xb8, 0xc0, 0xff, 0xff,
0xb8, 0xc0, 0xff, 0xff, 0xb8, 0xc0, 0xff, 0xff, 0xb8, 0xc0, 0xff, 0xff, 0xb8, 0xc0, 0xff, 0xff,
0xb8, 0xc0, 0xff, 0xff, 0xb8, 0xc0, 0xff, 0xff, 0xb8, 0xc0, 0xff, 0xff, 0xb8, 0xc0, 0xff, 0xff,
0xb8, 0xc0, 0xff, 0xff, 0xb8, 0xc0, 0xff, 0xff, 0xb8, 0xc0, 0xff, 0xff, 0xb8, 0xc0, 0xff, 0xff,
0xb8, 0xc0, 0xff, 0xff, 0xb8, 0xc0, 0xff, 0xff, 0xb8, 0xc0, 0xff, 0xff, 0xb8, 0xc0, 0xff, 0xff,
0xb8, 0xc0, 0xff, 0xff, 0xb8, 0xc0, 0xff, 0xff, 0xb8, 0xc0, 0xff, 0xff, 0xb8, 0xc0, 0xff, 0xff,
0xb8, 0xc0, 0xff, 0xff, 0xb8, 0xc0, 0xff, 0xff, 0xb8, 0xc0, 0xff, 0xff, 0xb8, 0xc0, 0xff, 0xff,
0xb8, 0xc0, 0xff, 0xff, 0xb8, 0xc0, 0xff, 0xff, 0xb8, 0xc0, 0xff, 0xff, 0xb8, 0xc0, 0xff, 0xff,
0xb8, 0xc0, 0xff, 0xff, 0xb8, 0xc0, 0xff, 0xff, 0xb8, 0xc0, 0xff, 0xff, 0xb8, 0xc0, 0xff, 0xff,
0xb8, 0xc0, 0xff, 0xff, 0xb8, 0xc0, 0xff, 0xff, 0xb8, 0xc0, 0xff, 0xff, 0xb8, 0xc0, 0xff, 0xff,
0xb8, 0xc0, 0xff, 0xff, 0xb8, 0xc0, 0xff, 0xff, 0xb8, 0xc0, 0xff, 0xff, 0xb8, 0xc0, 0xff, 0xff,
0xb8, 0xc0, 0xff, 0xff, 0xb8, 0xc0, 0xff, 0xff, 0xb8, 0xc0, 0xff, 0xff, 0xb8, 0xc0, 0xff, 0xff,
0xb8, 0xc0, 0xff, 0xff, 0xb8, 0xc0, 0xff, 0xff, 0xb8, 0xc0, 0xff, 0xff, 0xb8, 0xc0, 0xff, 0xff,
0xb8, 0xc0, 0xff, 0xff, 0xb8, 0xc0, 0xff, 0xff, 0xb8, 0xc0, 0xff, 0xff, 0xb8, 0xc0, 0xff, 0xff,
0xb8, 0xc0, 0xff, 0xff, 0xb8, 0xc0, 0xff, 0xff, 0xb8, 0xc0, 0xff, 0xff, 0xb8, 0xc0, 0xff, 0xff,
0xb8, 0xc0, 0xff, 0xff, 0xb8, 0xc0, 0xff, 0xff, 0xb8, 0xc0, 0xff, 0xff, 0xb8, 0xc0, 0xff, 0xff,
0xb8, 0xc0, 0xff, 0xff, 0xb8, 0xc0, 0xff, 0xff, 0xb8, 0xc0, 0xff, 0xff, 0xb8, 0xc0, 0xff, 0xff,
0xb8, 0xc0, 0xff, 0xff, 0xb8, 0xc0, 0xff, 0xff, 0xb8, 0xc0, 0xff, 0xff, 0xb8, 0xc0, 0xff, 0xff,
0xb8, 0xc0, 0xff, 0xff, 0xb8, 0xc0, 0xff, 0xff, 0xb8, 0xc0, 0xff, 0xff, 0xb8, 0xc0, 0xff, 0xff,
0xb8, 0xc0, 0xff, 0xff, 0xb8, 0xc0, 0xff, 0xff, 0xb8, 0xc0, 0xff, 0xff, 0xb8, 0xc0, 0xff, 0xff,
0xb8, 0xc0, 0xff, 0xff, 0xb8, 0xc0, 0xff, 0xff, 0xb8, 0xc0, 0xff, 0xff, 0xb8, 0xc0, 0xff, 0xff,
0xb8, 0xc0, 0xff, 0xff, 0xb8, 0xc0, 0xff, 0xb0, 0xb8, 0xc0, 0xff, 0x04, 0xb8, 0xc0, 0xff, 0x00,
0x00, 0x00, 0x00, 0x00, 0x00, 0x00, 0x00, 0x00, 0x00, 0x00, 0x00, 0x00, 0x00, 0x00, 0x00, 0x00,
0x00, 0x00, 0x00, 0x00, 0x00, 0x00, 0x00, 0x00, 0x00, 0x00, 0x00, 0x00, 0x00, 0x00, 0x00, 0x00,
0x00, 0x00, 0x00, 0x00, 0x00, 0x00, 0x00, 0x00, 0x00, 0x00, 0x00, 0x00, 0x00, 0x00, 0x00, 0x00,
0x00, 0x00, 0x00, 0x00, 0x00, 0x00, 0x00, 0x00, 0x00, 0x00, 0x00, 0x00, 0x00, 0x00, 0x00, 0x00,
0x00, 0x00, 0x00, 0x00, 0x00, 0x00, 0x00, 0x00, 0x00, 0x00, 0x00, 0x00, 0x00, 0x00, 0x00, 0x00,
0xd0, 0xd9, 0xff, 0x00, 0xd0, 0xd9, 0xff, 0x00, 0xd0, 0xd9, 0xff, 0x0b, 0xd0, 0xd9, 0xff, 0x44,
0xd0, 0xd9, 0xff, 0x98, 0xd0, 0xd9, 0xff, 0xd7, 0xbf, 0xc8, 0xff, 0xf9, 0xb8, 0xc0, 0xff, 0xff,
0xb8, 0xc0, 0xff, 0xff, 0xb8, 0xc0, 0xff, 0xff, 0xb8, 0xc0, 0xff, 0xff, 0xb8, 0xc0, 0xff, 0xff,
0xb8, 0xc0, 0xff, 0xff, 0xb8, 0xc0, 0xff, 0xff, 0xb8, 0xc0, 0xff, 0xff, 0xb8, 0xc0, 0xff, 0xff,
0xb8, 0xc0, 0xff, 0xff, 0xb8, 0xc0, 0xff, 0xff, 0xb8, 0xc0, 0xff, 0xff, 0xb8, 0xc0, 0xff, 0xff,
0xb8, 0xc0, 0xff, 0xff, 0xb8, 0xc0, 0xff, 0xff, 0xb8, 0xc0, 0xff, 0xff, 0xb8, 0xc0, 0xff, 0xff,
0xb8, 0xc0, 0xff, 0xff, 0xb8, 0xc0, 0xff, 0xff, 0xb8, 0xc0, 0xff, 0xff, 0xb8, 0xc0, 0xff, 0xff,
0xb8, 0xc0, 0xff, 0xff, 0xb8, 0xc0, 0xff, 0xff, 0xb8, 0xc0, 0xff, 0xff, 0xb8, 0xc0, 0xff, 0xff,
0xb8, 0xc0, 0xff, 0xff, 0xb8, 0xc0, 0xff, 0xff, 0xb8, 0xc0, 0xff, 0xff, 0xb8, 0xc0, 0xff, 0xff,
0xb8, 0xc0, 0xff, 0xff, 0xb8, 0xc0, 0xff, 0xff, 0xb8, 0xc0, 0xff, 0xff, 0xb8, 0xc0, 0xff, 0xff,
0xb8, 0xc0, 0xff, 0xff, 0xb8, 0xc0, 0xff, 0xff, 0xb8, 0xc0, 0xff, 0xff, 0xb8, 0xc0, 0xff, 0xff,
0xb8, 0xc0, 0xff, 0xff, 0xb8, 0xc0, 0xff, 0xff, 0xb8, 0xc0, 0xff, 0xff, 0xb8, 0xc0, 0xff, 0xff,
0xb8, 0xc0, 0xff, 0xff, 0xb8, 0xc0, 0xff, 0xff, 0xb8, 0xc0, 0xff, 0xff, 0xb8, 0xc0, 0xff, 0xff,
0xb8, 0xc0, 0xff, 0xff, 0xb8, 0xc0, 0xff, 0xff, 0xb8, 0xc0, 0xff, 0xff, 0xb8, 0xc0, 0xff, 0xff,
0xb8, 0xc0, 0xff, 0xff, 0xb8, 0xc0, 0xff, 0xff, 0xb8, 0xc0, 0xff, 0xff, 0xb8, 0xc0, 0xff, 0xff,
0xb8, 0xc0, 0xff, 0xff, 0xb8, 0xc0, 0xff, 0xff, 0xb8, 0xc0, 0xff, 0xff, 0xb8, 0xc0, 0xff, 0xff,
0xb8, 0xc0, 0xff, 0xff, 0xb8, 0xc0, 0xff, 0xff, 0xb8, 0xc0, 0xff, 0xff, 0xb8, 0xc0, 0xff, 0xff,
0xb8, 0xc0, 0xff, 0xff, 0xb8, 0xc0, 0xff, 0xff, 0xb8, 0xc0, 0xff, 0xff, 0xb8, 0xc0, 0xff, 0xff,
0xb8, 0xc0, 0xff, 0xff, 0xb8, 0xc0, 0xff, 0xff, 0xb8, 0xc0, 0xff, 0xff, 0xb8, 0xc0, 0xff, 0xff,
0xb8, 0xc0, 0xff, 0xff, 0xb8, 0xc0, 0xff, 0xff, 0xb8, 0xc0, 0xff, 0xff, 0xb8, 0xc0, 0xff, 0xff,
0xb8, 0xc0, 0xff, 0xff, 0xb8, 0xc0, 0xff, 0xff, 0xb8, 0xc0, 0xff, 0xff, 0xb8, 0xc0, 0xff, 0xff,
0xb8, 0xc0, 0xff, 0xff, 0xb8, 0xc0, 0xff, 0xff, 0xb8, 0xc0, 0xff, 0xff, 0xb8, 0xc0, 0xff, 0xff,
0xb8, 0xc0, 0xff, 0xff, 0xb8, 0xc0, 0xff, 0xff, 0xb8, 0xc0, 0xff, 0xff, 0xb8, 0xc0, 0xff, 0xff,
0xb8, 0xc0, 0xff, 0xff, 0xb8, 0xc0, 0xff, 0xff, 0xb8, 0xc0, 0xff, 0xff, 0xb8, 0xc0, 0xff, 0xff,
0xb8, 0xc0, 0xff, 0xff, 0xb8, 0xc0, 0xff, 0xff, 0xb8, 0xc0, 0xff, 0xff, 0xb8, 0xc0, 0xff, 0xff,
0xb8, 0xc0, 0xff, 0xff, 0xb8, 0xc0, 0xff, 0xff, 0xb8, 0xc0, 0xff, 0xff, 0xb8, 0xc0, 0xff, 0xff,
0xb8, 0xc0, 0xff, 0xff, 0xb8, 0xc0, 0xff, 0xce, 0xb8, 0xc0, 0xff, 0x11, 0xb8, 0xc0, 0xff, 0x00,
0x00, 0x00, 0x00, 0x00, 0x00, 0x00, 0x00, 0x00, 0x00, 0x00, 0x00, 0x00, 0x00, 0x00, 0x00, 0x00,
0x00, 0x00, 0x00, 0x00, 0x00, 0x00, 0x00, 0x00, 0x00, 0x00, 0x00, 0x00, 0x00, 0x00, 0x00, 0x00,
0x00, 0x00, 0x00, 0x00, 0x00, 0x00, 0x00, 0x00, 0x00, 0x00, 0x00, 0x00, 0x00, 0x00, 0x00, 0x00,
0x00, 0x00, 0x00, 0x00, 0x00, 0x00, 0x00, 0x00, 0x00, 0x00, 0x00, 0x00, 0x00, 0x00, 0x00, 0x00,
0x00, 0x00, 0x00, 0x00, 0x00, 0x00, 0x00, 0x00, 0x00, 0x00, 0x00, 0x00, 0xd0, 0xd9, 0xff, 0x00,
0xd0, 0xd9, 0xff, 0x08, 0xd0, 0xd9, 0xff, 0x4c, 0xd0, 0xd9, 0xff, 0xb6, 0xd0, 0xd9, 0xff, 0xf4,
0xd0, 0xd9, 0xff, 0xff, 0xcf, 0xd8, 0xff, 0xff, 0xbe, 0xc6, 0xff, 0xff, 0xb8, 0xc0, 0xff, 0xff,
0xb8, 0xc0, 0xff, 0xff, 0xb8, 0xc0, 0xff, 0xff, 0xb8, 0xc0, 0xff, 0xff, 0xb8, 0xc0, 0xff, 0xff,
0xb8, 0xc0, 0xff, 0xff, 0xb8, 0xc0, 0xff, 0xff, 0xb8, 0xc0, 0xff, 0xff, 0xb8, 0xc0, 0xff, 0xff,
0xb8, 0xc0, 0xff, 0xff, 0xb8, 0xc0, 0xff, 0xff, 0xb8, 0xc0, 0xff, 0xff, 0xb8, 0xc0, 0xff, 0xff,
0xb8, 0xc0, 0xff, 0xff, 0xb8, 0xc0, 0xff, 0xff, 0xb8, 0xc0, 0xff, 0xff, 0xb8, 0xc0, 0xff, 0xff,
0xb8, 0xc0, 0xff, 0xff, 0xb8, 0xc0, 0xff, 0xff, 0xb8, 0xc0, 0xff, 0xff, 0xb8, 0xc0, 0xff, 0xff,
0xb8, 0xc0, 0xff, 0xff, 0xb8, 0xc0, 0xff, 0xff, 0xb8, 0xc0, 0xff, 0xff, 0xb8, 0xc0, 0xff, 0xff,
0xb8, 0xc0, 0xff, 0xff, 0xb8, 0xc0, 0xff, 0xff, 0xb8, 0xc0, 0xff, 0xff, 0xb8, 0xc0, 0xff, 0xff,
0xb8, 0xc0, 0xff, 0xff, 0xb8, 0xc0, 0xff, 0xff, 0xb8, 0xc0, 0xff, 0xff, 0xb8, 0xc0, 0xff, 0xff,
0xb8, 0xc0, 0xff, 0xff, 0xb8, 0xc0, 0xff, 0xff, 0xb8, 0xc0, 0xff, 0xff, 0xb8, 0xc0, 0xff, 0xff,
0xb8, 0xc0, 0xff, 0xff, 0xb8, 0xc0, 0xff, 0xff, 0xb8, 0xc0, 0xff, 0xff, 0xb8, 0xc0, 0xff, 0xff,
0xb8, 0xc0, 0xff, 0xff, 0xb8, 0xc0, 0xff, 0xff, 0xb8, 0xc0, 0xff, 0xff, 0xb8, 0xc0, 0xff, 0xff,
0xb8, 0xc0, 0xff, 0xff, 0xb8, 0xc0, 0xff, 0xff, 0xb8, 0xc0, 0xff, 0xff, 0xb8, 0xc0, 0xff, 0xff,
0xb8, 0xc0, 0xff, 0xff, 0xb8, 0xc0, 0xff, 0xff, 0xb8, 0xc0, 0xff, 0xff, 0xb8, 0xc0, 0xff, 0xff,
0xb8, 0xc0, 0xff, 0xff, 0xb8, 0xc0, 0xff, 0xff, 0xb8, 0xc0, 0xff, 0xff, 0xb8, 0xc0, 0xff, 0xff,
0xb8, 0xc0, 0xff, 0xff, 0xb8, 0xc0, 0xff, 0xff, 0xb8, 0xc0, 0xff, 0xff, 0xb8, 0xc0, 0xff, 0xff,
0xb8, 0xc0, 0xff, 0xff, 0xb8, 0xc0, 0xff, 0xff, 0xb8, 0xc0, 0xff, 0xff, 0xb8, 0xc0, 0xff, 0xff,
0xb8, 0xc0, 0xff, 0xff, 0xb8, 0xc0, 0xff, 0xff, 0xb8, 0xc0, 0xff, 0xff, 0xb8, 0xc0, 0xff, 0xff,
0xb8, 0xc0, 0xff, 0xff, 0xb8, 0xc0, 0xff, 0xff, 0xb8, 0xc0, 0xff, 0xff, 0xb8, 0xc0, 0xff, 0xff,
0xb8, 0xc0, 0xff, 0xff, 0xb8, 0xc0, 0xff, 0xff, 0xb8, 0xc0, 0xff, 0xff, 0xb8, 0xc0, 0xff, 0xff,
0xb8, 0xc0, 0xff, 0xff, 0xb8, 0xc0, 0xff, 0xff, 0xb8, 0xc0, 0xff, 0xff, 0xb8, 0xc0, 0xff, 0xff,
0xb8, 0xc0, 0xff, 0xff, 0xb8, 0xc0, 0xff, 0xff, 0xb8, 0xc0, 0xff, 0xff, 0xb8, 0xc0, 0xff, 0xff,
0xb8, 0xc0, 0xff, 0xff, 0xb8, 0xc0, 0xff, 0xff, 0xb8, 0xc0, 0xff, 0xff, 0xb8, 0xc0, 0xff, 0xff,
0xb8, 0xc0, 0xff, 0xff, 0xb8, 0xc0, 0xff, 0xff, 0xb8, 0xc0, 0xff, 0xff, 0xb8, 0xc0, 0xff, 0xff,
0xb8, 0xc0, 0xff, 0xff, 0xb8, 0xc0, 0xff, 0xff, 0xb8, 0xc0, 0xff, 0xff, 0xb8, 0xc0, 0xff, 0xff,
0xb8, 0xc0, 0xff, 0xff, 0xb8, 0xc0, 0xff, 0xe1, 0xb8, 0xc0, 0xff, 0x1f, 0xb8, 0xc0, 0xff, 0x00,
0x00, 0x00, 0x00, 0x00, 0x00, 0x00, 0x00, 0x00, 0x00, 0x00, 0x00, 0x00, 0x00, 0x00, 0x00, 0x00,
0x00, 0x00, 0x00, 0x00, 0x00, 0x00, 0x00, 0x00, 0x00, 0x00, 0x00, 0x00, 0x00, 0x00, 0x00, 0x00,
0x00, 0x00, 0x00, 0x00, 0x00, 0x00, 0x00, 0x00, 0x00, 0x00, 0x00, 0x00, 0x00, 0x00, 0x00, 0x00,
0x00, 0x00, 0x00, 0x00, 0x00, 0x00, 0x00, 0x00, 0x00, 0x00, 0x00, 0x00, 0x00, 0x00, 0x00, 0x00,
0x00, 0x00, 0x00, 0x00, 0xd0, 0xd9, 0xff, 0x00, 0xd0, 0xd9, 0xff, 0x00, 0xd0, 0xd9, 0xff, 0x29,
0xd0, 0xd9, 0xff, 0xa0, 0xd0, 0xd9, 0xff, 0xf4, 0xd0, 0xd9, 0xff, 0xff, 0xd0, 0xd9, 0xff, 0xff,
0xd0, 0xd9, 0xff, 0xff, 0xce, 0xd7, 0xff, 0xff, 0xbd, 0xc5, 0xff, 0xff, 0xb8, 0xc0, 0xff, 0xff,
0xb8, 0xc0, 0xff, 0xff, 0xb8, 0xc0, 0xff, 0xff, 0xb8, 0xc0, 0xff, 0xff, 0xb8, 0xc0, 0xff, 0xff,
0xb8, 0xc0, 0xff, 0xff, 0xb8, 0xc0, 0xff, 0xff, 0xb8, 0xc0, 0xff, 0xff, 0xb8, 0xc0, 0xff, 0xff,
0xb8, 0xc0, 0xff, 0xff, 0xb8, 0xc0, 0xff, 0xff, 0xb8, 0xc0, 0xff, 0xff, 0xb8, 0xc0, 0xff, 0xff,
0xb8, 0xc0, 0xff, 0xff, 0xb8, 0xc0, 0xff, 0xff, 0xb8, 0xc0, 0xff, 0xff, 0xb8, 0xc0, 0xff, 0xff,
0xb8, 0xc0, 0xff, 0xff, 0xb8, 0xc0, 0xff, 0xff, 0xb8, 0xc0, 0xff, 0xff, 0xb8, 0xc0, 0xff, 0xff,
0xb8, 0xc0, 0xff, 0xff, 0xb8, 0xc0, 0xff, 0xff, 0xb8, 0xc0, 0xff, 0xff, 0xb8, 0xc0, 0xff, 0xff,
0xb8, 0xc0, 0xff, 0xff, 0xb8, 0xc0, 0xff, 0xff, 0xb8, 0xc0, 0xff, 0xff, 0xb8, 0xc0, 0xff, 0xff,
0xb8, 0xc0, 0xff, 0xff, 0xb8, 0xc0, 0xff, 0xff, 0xb8, 0xc0, 0xff, 0xff, 0xb8, 0xc0, 0xff, 0xff,
0xb8, 0xc0, 0xff, 0xff, 0xb8, 0xc0, 0xff, 0xff, 0xb8, 0xc0, 0xff, 0xff, 0xb8, 0xc0, 0xff, 0xff,
0xb8, 0xc0, 0xff, 0xff, 0xb8, 0xc0, 0xff, 0xff, 0xb8, 0xc0, 0xff, 0xff, 0xb8, 0xc0, 0xff, 0xff,
0xb8, 0xc0, 0xff, 0xff, 0xb8, 0xc0, 0xff, 0xff, 0xb8, 0xc0, 0xff, 0xff, 0xb8, 0xc0, 0xff, 0xff,
0xb8, 0xc0, 0xff, 0xff, 0xb8, 0xc0, 0xff, 0xff, 0xb8, 0xc0, 0xff, 0xff, 0xb8, 0xc0, 0xff, 0xff,
0xb8, 0xc0, 0xff, 0xff, 0xb8, 0xc0, 0xff, 0xff, 0xb8, 0xc0, 0xff, 0xff, 0xb8, 0xc0, 0xff, 0xff,
0xb8, 0xc0, 0xff, 0xff, 0xb8, 0xc0, 0xff, 0xff, 0xb8, 0xc0, 0xff, 0xff, 0xb8, 0xc0, 0xff, 0xff,
0xb8, 0xc0, 0xff, 0xff, 0xb8, 0xc0, 0xff, 0xff, 0xb8, 0xc0, 0xff, 0xff, 0xb8, 0xc0, 0xff, 0xff,
0xb8, 0xc0, 0xff, 0xff, 0xb8, 0xc0, 0xff, 0xff, 0xb8, 0xc0, 0xff, 0xff, 0xb8, 0xc0, 0xff, 0xff,
0xb8, 0xc0, 0xff, 0xff, 0xb8, 0xc0, 0xff, 0xff, 0xb8, 0xc0, 0xff, 0xff, 0xb8, 0xc0, 0xff, 0xff,
0xb8, 0xc0, 0xff, 0xff, 0xb8, 0xc0, 0xff, 0xff, 0xb8, 0xc0, 0xff, 0xff, 0xb8, 0xc0, 0xff, 0xff,
0xb8, 0xc0, 0xff, 0xff, 0xb8, 0xc0, 0xff, 0xff, 0xb8, 0xc0, 0xff, 0xff, 0xb8, 0xc0, 0xff, 0xff,
0xb8, 0xc0, 0xff, 0xff, 0xb8, 0xc0, 0xff, 0xff, 0xb8, 0xc0, 0xff, 0xff, 0xb8, 0xc0, 0xff, 0xff,
0xb8, 0xc0, 0xff, 0xff, 0xb8, 0xc0, 0xff, 0xff, 0xb8, 0xc0, 0xff, 0xff, 0xb8, 0xc0, 0xff, 0xff,
0xb8, 0xc0, 0xff, 0xff, 0xb8, 0xc0, 0xff, 0xff, 0xb8, 0xc0, 0xff, 0xff, 0xb8, 0xc0, 0xff, 0xff,
0xb8, 0xc0, 0xff, 0xff, 0xb8, 0xc0, 0xff, 0xff, 0xb8, 0xc0, 0xff, 0xff, 0xb8, 0xc0, 0xff, 0xff,
0xb8, 0xc0, 0xff, 0xff, 0xb8, 0xc0, 0xff, 0xff, 0xb8, 0xc0, 0xff, 0xff, 0xb8, 0xc0, 0xff, 0xff,
0xb8, 0xc0, 0xff, 0xff, 0xb8, 0xc0, 0xff, 0xe9, 0xb8, 0xc0, 0xff, 0x2a, 0xb8, 0xc0, 0xff, 0x00,
0x00, 0x00, 0x00, 0x00, 0x00, 0x00, 0x00, 0x00, 0x00, 0x00, 0x00, 0x00, 0x00, 0x00, 0x00, 0x00,
0x00, 0x00, 0x00, 0x00, 0x00, 0x00, 0x00, 0x00, 0x00, 0x00, 0x00, 0x00, 0x00, 0x00, 0x00, 0x00,
0x00, 0x00, 0x00, 0x00, 0x00, 0x00, 0x00, 0x00, 0x00, 0x00, 0x00, 0x00, 0x00, 0x00, 0x00, 0x00,
0x00, 0x00, 0x00, 0x00, 0x00, 0x00, 0x00, 0x00, 0x00, 0x00, 0x00, 0x00, 0x00, 0x00, 0x00, 0x00,
0xd0, 0xd9, 0xff, 0x00, 0xd0, 0xd9, 0xff, 0x03, 0xd0, 0xd9, 0xff, 0x54, 0xd0, 0xd9, 0xff, 0xd9,
0xd0, 0xd9, 0xff, 0xff, 0xd0, 0xd9, 0xff, 0xff, 0xd0, 0xd9, 0xff, 0xff, 0xd0, 0xd9, 0xff, 0xff,
0xd0, 0xda, 0xff, 0xff, 0xce, 0xd7, 0xff, 0xff, 0xbc, 0xc4, 0xff, 0xff, 0xb8, 0xc0, 0xff, 0xff,
0xb8, 0xc0, 0xff, 0xff, 0xb8, 0xc0, 0xff, 0xff, 0xb8, 0xc0, 0xff, 0xff, 0xb8, 0xc0, 0xff, 0xff,
0xb8, 0xc0, 0xff, 0xff, 0xb8, 0xc0, 0xff, 0xff, 0xb8, 0xc0, 0xff, 0xff, 0xb8, 0xc0, 0xff, 0xff,
0xb8, 0xc0, 0xff, 0xff, 0xb8, 0xc0, 0xff, 0xff, 0xb8, 0xc0, 0xff, 0xff, 0xb8, 0xc0, 0xff, 0xff,
0xb8, 0xc0, 0xff, 0xff, 0xb8, 0xc0, 0xff, 0xff, 0xb8, 0xc0, 0xff, 0xff, 0xb8, 0xc0, 0xff, 0xff,
0xb8, 0xc0, 0xff, 0xff, 0xb8, 0xc0, 0xff, 0xff, 0xb8, 0xc0, 0xff, 0xff, 0xb8, 0xc0, 0xff, 0xff,
0xb8, 0xc0, 0xff, 0xff, 0xb8, 0xc0, 0xff, 0xff, 0xb8, 0xc0, 0xff, 0xff, 0xb8, 0xc0, 0xff, 0xff,
0xb8, 0xc0, 0xff, 0xff, 0xb8, 0xc0, 0xff, 0xff, 0xb8, 0xc0, 0xff, 0xff, 0xb8, 0xc0, 0xff, 0xff,
0xb8, 0xc0, 0xff, 0xff, 0xb8, 0xc0, 0xff, 0xff, 0xb8, 0xc0, 0xff, 0xff, 0xb8, 0xc0, 0xff, 0xff,
0xb8, 0xc0, 0xff, 0xff, 0xb8, 0xc0, 0xff, 0xff, 0xb8, 0xc0, 0xff, 0xff, 0xb8, 0xc0, 0xff, 0xff,
0xb8, 0xc0, 0xff, 0xff, 0xb8, 0xc0, 0xff, 0xff, 0xb8, 0xc0, 0xff, 0xff, 0xb8, 0xc0, 0xff, 0xff,
0xb8, 0xc0, 0xff, 0xff, 0xb8, 0xc0, 0xff, 0xff, 0xb8, 0xc0, 0xff, 0xff, 0xb8, 0xc0, 0xff, 0xff,
0xb8, 0xc0, 0xff, 0xff, 0xb8, 0xc0, 0xff, 0xff, 0xb8, 0xc0, 0xff, 0xff, 0xb8, 0xc0, 0xff, 0xff,
0xb8, 0xc0, 0xff, 0xff, 0xb8, 0xc0, 0xff, 0xff, 0xb8, 0xc0, 0xff, 0xff, 0xb8, 0xc0, 0xff, 0xff,
0xb8, 0xc0, 0xff, 0xff, 0xb8, 0xc0, 0xff, 0xff, 0xb8, 0xc0, 0xff, 0xff, 0xb8, 0xc0, 0xff, 0xff,
0xb8, 0xc0, 0xff, 0xff, 0xb8, 0xc0, 0xff, 0xff, 0xb8, 0xc0, 0xff, 0xff, 0xb8, 0xc0, 0xff, 0xff,
0xb8, 0xc0, 0xff, 0xff, 0xb8, 0xc0, 0xff, 0xff, 0xb8, 0xc0, 0xff, 0xff, 0xb8, 0xc0, 0xff, 0xff,
0xb8, 0xc0, 0xff, 0xff, 0xb8, 0xc0, 0xff, 0xff, 0xb8, 0xc0, 0xff, 0xff, 0xb8, 0xc0, 0xff, 0xff,
0xb8, 0xc0, 0xff, 0xff, 0xb8, 0xc0, 0xff, 0xff, 0xb8, 0xc0, 0xff, 0xff, 0xb8, 0xc0, 0xff, 0xff,
0xb8, 0xc0, 0xff, 0xff, 0xb8, 0xc0, 0xff, 0xff, 0xb8, 0xc0, 0xff, 0xff, 0xb8, 0xc0, 0xff, 0xff,
0xb8, 0xc0, 0xff, 0xff, 0xb8, 0xc0, 0xff, 0xff, 0xb8, 0xc0, 0xff, 0xff, 0xb8, 0xc0, 0xff, 0xff,
0xb8, 0xc0, 0xff, 0xff, 0xb8, 0xc0, 0xff, 0xff, 0xb8, 0xc0, 0xff, 0xff, 0xb8, 0xc0, 0xff, 0xff,
0xb8, 0xc0, 0xff, 0xff, 0xb8, 0xc0, 0xff, 0xff, 0xb8, 0xc0, 0xff, 0xff, 0xb8, 0xc0, 0xff, 0xff,
0xb8, 0xc0, 0xff, 0xff, 0xb8, 0xc0, 0xff, 0xff, 0xb8, 0xc0, 0xff, 0xff, 0xb8, 0xc0, 0xff, 0xff,
0xb8, 0xc0, 0xff, 0xff, 0xb8, 0xc0, 0xff, 0xff, 0xb8, 0xc0, 0xff, 0xff, 0xb8, 0xc0, 0xff, 0xff,
0xb8, 0xc0, 0xff, 0xff, 0xb8, 0xc0, 0xff, 0xf0, 0xb8, 0xc0, 0xff, 0x33, 0xb8, 0xc0, 0xff, 0x00,
0x00, 0x00, 0x00, 0x00, 0x00, 0x00, 0x00, 0x00, 0x00, 0x00, 0x00, 0x00, 0x00, 0x00, 0x00, 0x00,
0x00, 0x00, 0x00, 0x00, 0x00, 0x00, 0x00, 0x00, 0x00, 0x00, 0x00, 0x00, 0x00, 0x00, 0x00, 0x00,
0x00, 0x00, 0x00, 0x00, 0x00, 0x00, 0x00, 0x00, 0x00, 0x00, 0x00, 0x00, 0x00, 0x00, 0x00, 0x00,
0x00, 0x00, 0x00, 0x00, 0x00, 0x00, 0x00, 0x00, 0x00, 0x00, 0x00, 0x00, 0xd0, 0xd9, 0xff, 0x00,
0xd0, 0xd9, 0xff, 0x06, 0xd0, 0xd9, 0xff, 0x75, 0xd0, 0xd9, 0xff, 0xf0, 0xd0, 0xd9, 0xff, 0xff,
0xd0, 0xd9, 0xff, 0xff, 0xd0, 0xd9, 0xff, 0xff, 0xd0, 0xd9, 0xff, 0xff, 0xd0, 0xd9, 0xff, 0xff,
0xd1, 0xda, 0xff, 0xff, 0xcd, 0xd6, 0xff, 0xff, 0xbb, 0xc3, 0xff, 0xff, 0xb8, 0xc0, 0xff, 0xff,
0xb8, 0xc0, 0xff, 0xff, 0xb8, 0xc0, 0xff, 0xff, 0xb8, 0xc0, 0xff, 0xff, 0xb8, 0xc0, 0xff, 0xff,
0xb8, 0xc0, 0xff, 0xff, 0xb8, 0xc0, 0xff, 0xff, 0xb8, 0xc0, 0xff, 0xff, 0xb8, 0xc0, 0xff, 0xff,
0xb8, 0xc0, 0xff, 0xff, 0xb8, 0xc0, 0xff, 0xff, 0xb8, 0xc0, 0xff, 0xff, 0xb8, 0xc0, 0xff, 0xff,
0xb8, 0xc0, 0xff, 0xff, 0xb8, 0xc0, 0xff, 0xff, 0xb8, 0xc0, 0xff, 0xff, 0xb8, 0xc0, 0xff, 0xff,
0xb8, 0xc0, 0xff, 0xff, 0xb8, 0xc0, 0xff, 0xff, 0xb8, 0xc0, 0xff, 0xff, 0xb8, 0xc0, 0xff, 0xff,
0xb8, 0xc0, 0xff, 0xff, 0xb8, 0xc0, 0xff, 0xff, 0xb8, 0xc0, 0xff, 0xff, 0xb8, 0xc0, 0xff, 0xff,
0xb8, 0xc0, 0xff, 0xff, 0xb8, 0xc0, 0xff, 0xff, 0xb8, 0xc0, 0xff, 0xff, 0xb8, 0xc0, 0xff, 0xff,
0xb8, 0xc0, 0xff, 0xff, 0xb8, 0xc0, 0xff, 0xff, 0xb8, 0xc0, 0xff, 0xff, 0xb8, 0xc0, 0xff, 0xff,
0xb8, 0xc0, 0xff, 0xff, 0xb8, 0xc0, 0xff, 0xff, 0xb8, 0xc0, 0xff, 0xff, 0xb8, 0xc0, 0xff, 0xff,
0xb8, 0xc0, 0xff, 0xff, 0xb8, 0xc0, 0xff, 0xff, 0xb8, 0xc0, 0xff, 0xff, 0xb8, 0xc0, 0xff, 0xff,
0xb8, 0xc0, 0xff, 0xff, 0xb8, 0xc0, 0xff, 0xff, 0xb8, 0xc0, 0xff, 0xff, 0xb8, 0xc0, 0xff, 0xff,
0xb8, 0xc0, 0xff, 0xff, 0xb8, 0xc0, 0xff, 0xff, 0xb8, 0xc0, 0xff, 0xff, 0xb8, 0xc0, 0xff, 0xff,
0xb8, 0xc0, 0xff, 0xff, 0xb8, 0xc0, 0xff, 0xff, 0xb8, 0xc0, 0xff, 0xff, 0xb8, 0xc0, 0xff, 0xff,
0xb8, 0xc0, 0xff, 0xff, 0xb8, 0xc0, 0xff, 0xff, 0xb8, 0xc0, 0xff, 0xff, 0xb8, 0xc0, 0xff, 0xff,
0xb8, 0xc0, 0xff, 0xff, 0xb8, 0xc0, 0xff, 0xff, 0xb8, 0xc0, 0xff, 0xff, 0xb8, 0xc0, 0xff, 0xff,
0xb8, 0xc0, 0xff, 0xff, 0xb8, 0xc0, 0xff, 0xff, 0xb8, 0xc0, 0xff, 0xff, 0xb8, 0xc0, 0xff, 0xff,
0xb8, 0xc0, 0xff, 0xff, 0xb8, 0xc0, 0xff, 0xff, 0xb8, 0xc0, 0xff, 0xff, 0xb8, 0xc0, 0xff, 0xff,
0xb8, 0xc0, 0xff, 0xff, 0xb8, 0xc0, 0xff, 0xff, 0xb8, 0xc0, 0xff, 0xff, 0xb8, 0xc0, 0xff, 0xff,
0xb8, 0xc0, 0xff, 0xff, 0xb8, 0xc0, 0xff, 0xff, 0xb8, 0xc0, 0xff, 0xff, 0xb8, 0xc0, 0xff, 0xff,
0xb8, 0xc0, 0xff, 0xff, 0xb8, 0xc0, 0xff, 0xff, 0xb8, 0xc0, 0xff, 0xff, 0xb8, 0xc0, 0xff, 0xff,
0xb8, 0xc0, 0xff, 0xff, 0xb8, 0xc0, 0xff, 0xff, 0xb8, 0xc0, 0xff, 0xff, 0xb8, 0xc0, 0xff, 0xff,
0xb8, 0xc0, 0xff, 0xff, 0xb8, 0xc0, 0xff, 0xff, 0xb8, 0xc0, 0xff, 0xff, 0xb8, 0xc0, 0xff, 0xff,
0xb8, 0xc0, 0xff, 0xff, 0xb8, 0xc0, 0xff, 0xff, 0xb8, 0xc0, 0xff, 0xff, 0xb8, 0xc0, 0xff, 0xff,
0xb8, 0xc0, 0xff, 0xff, 0xb8, 0xc0, 0xff, 0xff, 0xb8, 0xc0, 0xff, 0xff, 0xb8, 0xc0, 0xff, 0xff,
0xb8, 0xc0, 0xff, 0xff, 0xb8, 0xc0, 0xff, 0xf4, 0xb8, 0xc0, 0xff, 0x39, 0xb8, 0xc0, 0xff, 0x00,
0x00, 0x00, 0x00, 0x00, 0x00, 0x00, 0x00, 0x00, 0x00, 0x00, 0x00, 0x00, 0x00, 0x00, 0x00, 0x00,
0x00, 0x00, 0x00, 0x00, 0x00, 0x00, 0x00, 0x00, 0x00, 0x00, 0x00, 0x00, 0x00, 0x00, 0x00, 0x00,
0x00, 0x00, 0x00, 0x00, 0x00, 0x00, 0x00, 0x00, 0x00, 0x00, 0x00, 0x00, 0x00, 0x00, 0x00, 0x00,
0x00, 0x00, 0x00, 0x00, 0x00, 0x00, 0x00, 0x00, 0xd0, 0xd9, 0xff, 0x00, 0xd0, 0xd9, 0xff, 0x07,
0xd0, 0xd9, 0xff, 0x7e, 0xd0, 0xd9, 0xff, 0xf7, 0xd0, 0xd9, 0xff, 0xff, 0xd0, 0xd9, 0xff, 0xff,
0xd0, 0xd9, 0xff, 0xff, 0xd0, 0xd9, 0xff, 0xff, 0xd0, 0xd9, 0xff, 0xff, 0xd0, 0xd9, 0xff, 0xff,
0xd1, 0xda, 0xff, 0xff, 0xcd, 0xd6, 0xff, 0xff, 0xbb, 0xc3, 0xff, 0xff, 0xb8, 0xc0, 0xff, 0xff,
0xb8, 0xc0, 0xff, 0xff, 0xb8, 0xc0, 0xff, 0xff, 0xb8, 0xc0, 0xff, 0xff, 0xb8, 0xc0, 0xff, 0xff,
0xb8, 0xc0, 0xff, 0xff, 0xb8, 0xc0, 0xff, 0xff, 0xb8, 0xc0, 0xff, 0xff, 0xb8, 0xc0, 0xff, 0xff,
0xb8, 0xc0, 0xff, 0xff, 0xb8, 0xc0, 0xff, 0xff, 0xb8, 0xc0, 0xff, 0xff, 0xb8, 0xc0, 0xff, 0xff,
0xb8, 0xc0, 0xff, 0xff, 0xb8, 0xc0, 0xff, 0xff, 0xb8, 0xc0, 0xff, 0xff, 0xb8, 0xc0, 0xff, 0xff,
0xb8, 0xc0, 0xff, 0xff, 0xb8, 0xc0, 0xff, 0xff, 0xb8, 0xc0, 0xff, 0xff, 0xb8, 0xc0, 0xff, 0xff,
0xb8, 0xc0, 0xff, 0xff, 0xb8, 0xc0, 0xff, 0xff, 0xb8, 0xc0, 0xff, 0xff, 0xb8, 0xc0, 0xff, 0xff,
0xb8, 0xc0, 0xff, 0xff, 0xb8, 0xc0, 0xff, 0xff, 0xb8, 0xc0, 0xff, 0xff, 0xb8, 0xc0, 0xff, 0xff,
0xb8, 0xc0, 0xff, 0xff, 0xb8, 0xc0, 0xff, 0xff, 0xb8, 0xc0, 0xff, 0xff, 0xb8, 0xc0, 0xff, 0xff,
0xb8, 0xc0, 0xff, 0xff, 0xb8, 0xc0, 0xff, 0xff, 0xb8, 0xc0, 0xff, 0xff, 0xb8, 0xc0, 0xff, 0xff,
0xb8, 0xc0, 0xff, 0xff, 0xb8, 0xc0, 0xff, 0xff, 0xb8, 0xc0, 0xff, 0xff, 0xb8, 0xc0, 0xff, 0xff,
0xb8, 0xc0, 0xff, 0xff, 0xb8, 0xc0, 0xff, 0xff, 0xb8, 0xc0, 0xff, 0xff, 0xb8, 0xc0, 0xff, 0xff,
0xb8, 0xc0, 0xff, 0xff, 0xb8, 0xc0, 0xff, 0xff, 0xb8, 0xc0, 0xff, 0xff, 0xb8, 0xc0, 0xff, 0xff,
0xb8, 0xc0, 0xff, 0xff, 0xb8, 0xc0, 0xff, 0xff, 0xb8, 0xc0, 0xff, 0xff, 0xb8, 0xc0, 0xff, 0xff,
0xb8, 0xc0, 0xff, 0xff, 0xb8, 0xc0, 0xff, 0xff, 0xb8, 0xc0, 0xff, 0xff, 0xb8, 0xc0, 0xff, 0xff,
0xb8, 0xc0, 0xff, 0xff, 0xb8, 0xc0, 0xff, 0xff, 0xb8, 0xc0, 0xff, 0xff, 0xb8, 0xc0, 0xff, 0xff,
0xb8, 0xc0, 0xff, 0xff, 0xb8, 0xc0, 0xff, 0xff, 0xb8, 0xc0, 0xff, 0xff, 0xb8, 0xc0, 0xff, 0xff,
0xb8, 0xc0, 0xff, 0xff, 0xb8, 0xc0, 0xff, 0xff, 0xb8, 0xc0, 0xff, 0xff, 0xb8, 0xc0, 0xff, 0xff,
0xb8, 0xc0, 0xff, 0xff, 0xb8, 0xc0, 0xff, 0xff, 0xb8, 0xc0, 0xff, 0xff, 0xb8, 0xc0, 0xff, 0xff,
0xb8, 0xc0, 0xff, 0xff, 0xb8, 0xc0, 0xff, 0xff, 0xb8, 0xc0, 0xff, 0xff, 0xb8, 0xc0, 0xff, 0xff,
0xb8, 0xc0, 0xff, 0xff, 0xb8, 0xc0, 0xff, 0xff, 0xb8, 0xc0, 0xff, 0xff, 0xb8, 0xc0, 0xff, 0xff,
0xb8, 0xc0, 0xff, 0xff, 0xb8, 0xc0, 0xff, 0xff, 0xb8, 0xc0, 0xff, 0xff, 0xb8, 0xc0, 0xff, 0xff,
0xb8, 0xc0, 0xff, 0xff, 0xb8, 0xc0, 0xff, 0xff, 0xb8, 0xc0, 0xff, 0xff, 0xb8, 0xc0, 0xff, 0xff,
0xb8, 0xc0, 0xff, 0xff, 0xb8, 0xc0, 0xff, 0xff, 0xb8, 0xc0, 0xff, 0xff, 0xb8, 0xc0, 0xff, 0xff,
0xb8, 0xc0, 0xff, 0xff, 0xb8, 0xc0, 0xff, 0xff, 0xb8, 0xc0, 0xff, 0xff, 0xb8, 0xc0, 0xff, 0xff,
0xb8, 0xc0, 0xff, 0xff, 0xb8, 0xc0, 0xff, 0xf4, 0xb8, 0xc0, 0xff, 0x39, 0xb8, 0xc0, 0xff, 0x00,
0x00, 0x00, 0x00, 0x00, 0x00, 0x00, 0x00, 0x00, 0x00, 0x00, 0x00, 0x00, 0x00, 0x00, 0x00, 0x00,
0x00, 0x00, 0x00, 0x00, 0x00, 0x00, 0x00, 0x00, 0x00, 0x00, 0x00, 0x00, 0x00, 0x00, 0x00, 0x00,
0x00, 0x00, 0x00, 0x00, 0x00, 0x00, 0x00, 0x00, 0x00, 0x00, 0x00, 0x00, 0x00, 0x00, 0x00, 0x00,
0x00, 0x00, 0x00, 0x00, 0xd0, 0xd9, 0xff, 0x00, 0xd0, 0xd9, 0xff, 0x03, 0xd0, 0xd9, 0xff, 0x75,
0xd0, 0xd9, 0xff, 0xf7, 0xd0, 0xd9, 0xff, 0xff, 0xd0, 0xd9, 0xff, 0xff, 0xd0, 0xd9, 0xff, 0xff,
0xd0, 0xd9, 0xff, 0xff, 0xd0, 0xd9, 0xff, 0xff, 0xd0, 0xd9, 0xff, 0xff, 0xd0, 0xd9, 0xff, 0xff,
0xd1, 0xda, 0xff, 0xff, 0xcd, 0xd6, 0xff, 0xff, 0xbb, 0xc3, 0xff, 0xff, 0xb8, 0xc0, 0xff, 0xff,
0xb8, 0xc0, 0xff, 0xff, 0xb8, 0xc0, 0xff, 0xff, 0xb8, 0xc0, 0xff, 0xff, 0xb8, 0xc0, 0xff, 0xff,
0xb8, 0xc0, 0xff, 0xff, 0xb8, 0xc0, 0xff, 0xff, 0xb8, 0xc0, 0xff, 0xff, 0xb8, 0xc0, 0xff, 0xff,
0xb8, 0xc0, 0xff, 0xff, 0xb8, 0xc0, 0xff, 0xff, 0xb8, 0xc0, 0xff, 0xff, 0xb8, 0xc0, 0xff, 0xff,
0xb8, 0xc0, 0xff, 0xff, 0xb8, 0xc0, 0xff, 0xff, 0xb8, 0xc0, 0xff, 0xff, 0xb8, 0xc0, 0xff, 0xff,
0xb8, 0xc0, 0xff, 0xff, 0xb8, 0xc0, 0xff, 0xff, 0xb8, 0xc0, 0xff, 0xff, 0xb8, 0xc0, 0xff, 0xff,
0xb8, 0xc0, 0xff, 0xff, 0xb8, 0xc0, 0xff, 0xff, 0xb8, 0xc0, 0xff, 0xff, 0xb8, 0xc0, 0xff, 0xff,
0xb8, 0xc0, 0xff, 0xff, 0xb8, 0xc0, 0xff, 0xff, 0xb8, 0xc0, 0xff, 0xff, 0xb8, 0xc0, 0xff, 0xff,
0xb8, 0xc0, 0xff, 0xff, 0xb8, 0xc0, 0xff, 0xff, 0xb8, 0xc0, 0xff, 0xff, 0xb8, 0xc0, 0xff, 0xff,
0xb8, 0xc0, 0xff, 0xff, 0xb8, 0xc0, 0xff, 0xff, 0xb8, 0xc0, 0xff, 0xff, 0xb8, 0xc0, 0xff, 0xff,
0xb8, 0xc0, 0xff, 0xff, 0xb8, 0xc0, 0xff, 0xff, 0xb8, 0xc0, 0xff, 0xff, 0xb8, 0xc0, 0xff, 0xff,
0xb8, 0xc0, 0xff, 0xff, 0xb8, 0xc0, 0xff, 0xff, 0xb8, 0xc0, 0xff, 0xff, 0xb8, 0xc0, 0xff, 0xff,
0xb8, 0xc0, 0xff, 0xff, 0xb8, 0xc0, 0xff, 0xff, 0xb8, 0xc0, 0xff, 0xff, 0xb8, 0xc0, 0xff, 0xff,
0xb8, 0xc0, 0xff, 0xff, 0xb8, 0xc0, 0xff, 0xff, 0xb8, 0xc0, 0xff, 0xff, 0xb8, 0xc0, 0xff, 0xff,
0xb8, 0xc0, 0xff, 0xff, 0xb8, 0xc0, 0xff, 0xff, 0xb8, 0xc0, 0xff, 0xff, 0xb8, 0xc0, 0xff, 0xff,
0xb8, 0xc0, 0xff, 0xff, 0xb8, 0xc0, 0xff, 0xff, 0xb8, 0xc0, 0xff, 0xff, 0xb8, 0xc0, 0xff, 0xff,
0xb8, 0xc0, 0xff, 0xff, 0xb8, 0xc0, 0xff, 0xff, 0xb8, 0xc0, 0xff, 0xff, 0xb8, 0xc0, 0xff, 0xff,
0xb8, 0xc0, 0xff, 0xff, 0xb8, 0xc0, 0xff, 0xff, 0xb8, 0xc0, 0xff, 0xff, 0xb8, 0xc0, 0xff, 0xff,
0xb8, 0xc0, 0xff, 0xff, 0xb8, 0xc0, 0xff, 0xff, 0xb8, 0xc0, 0xff, 0xff, 0xb8, 0xc0, 0xff, 0xff,
0xb8, 0xc0, 0xff, 0xff, 0xb8, 0xc0, 0xff, 0xff, 0xb8, 0xc0, 0xff, 0xff, 0xb8, 0xc0, 0xff, 0xff,
0xb8, 0xc0, 0xff, 0xff, 0xb8, 0xc0, 0xff, 0xff, 0xb8, 0xc0, 0xff, 0xff, 0xb8, 0xc0, 0xff, 0xff,
0xb8, 0xc0, 0xff, 0xff, 0xb8, 0xc0, 0xff, 0xff, 0xb8, 0xc0, 0xff, 0xff, 0xb8, 0xc0, 0xff, 0xff,
0xb8, 0xc0, 0xff, 0xff, 0xb8, 0xc0, 0xff, 0xff, 0xb8, 0xc0, 0xff, 0xff, 0xb8, 0xc0, 0xff, 0xff,
0xb8, 0xc0, 0xff, 0xff, 0xb8, 0xc0, 0xff, 0xff, 0xb8, 0xc0, 0xff, 0xff, 0xb8, 0xc0, 0xff, 0xff,
0xb8, 0xc0, 0xff, 0xff, 0xb8, 0xc0, 0xff, 0xff, 0xb8, 0xc0, 0xff, 0xff, 0xb8, 0xc0, 0xff, 0xff,
0xb8, 0xc0, 0xff, 0xff, 0xb8, 0xc0, 0xff, 0xf4, 0xb8, 0xc0, 0xff, 0x39, 0xb8, 0xc0, 0xff, 0x00,
0x00, 0x00, 0x00, 0x00, 0x00, 0x00, 0x00, 0x00, 0x00, 0x00, 0x00, 0x00, 0x00, 0x00, 0x00, 0x00,
0x00, 0x00, 0x00, 0x00, 0x00, 0x00, 0x00, 0x00, 0x00, 0x00, 0x00, 0x00, 0x00, 0x00, 0x00, 0x00,
0x00, 0x00, 0x00, 0x00, 0x00, 0x00, 0x00, 0x00, 0x00, 0x00, 0x00, 0x00, 0x00, 0x00, 0x00, 0x00,
0xd0, 0xd9, 0xff, 0x00, 0xd0, 0xd9, 0xff, 0x00, 0xd0, 0xd9, 0xff, 0x54, 0xd0, 0xd9, 0xff, 0xf0,
0xd0, 0xd9, 0xff, 0xff, 0xd0, 0xd9, 0xff, 0xff, 0xd0, 0xd9, 0xff, 0xff, 0xd0, 0xd9, 0xff, 0xff,
0xd0, 0xd9, 0xff, 0xff, 0xd0, 0xd9, 0xff, 0xff, 0xd0, 0xd9, 0xff, 0xff, 0xd0, 0xd9, 0xff, 0xff,
0xd1, 0xda, 0xff, 0xff, 0xcd, 0xd6, 0xff, 0xff, 0xbb, 0xc3, 0xff, 0xff, 0xb8, 0xc0, 0xff, 0xff,
0xb8, 0xc0, 0xff, 0xff, 0xb8, 0xc0, 0xff, 0xff, 0xb8, 0xc0, 0xff, 0xff, 0xb8, 0xc0, 0xff, 0xff,
0xb8, 0xc0, 0xff, 0xff, 0xb8, 0xc0, 0xff, 0xff, 0xb8, 0xc0, 0xff, 0xff, 0xb8, 0xc0, 0xff, 0xff,
0xb8, 0xc0, 0xff, 0xff, 0xb8, 0xc0, 0xff, 0xff, 0xb8, 0xc0, 0xff, 0xff, 0xb8, 0xc0, 0xff, 0xff,
0xb8, 0xc0, 0xff, 0xff, 0xb8, 0xc0, 0xff, 0xff, 0xb8, 0xc0, 0xff, 0xff, 0xb8, 0xc0, 0xff, 0xff,
0xb8, 0xc0, 0xff, 0xff, 0xb8, 0xc0, 0xff, 0xff, 0xb8, 0xc0, 0xff, 0xff, 0xb8, 0xc0, 0xff, 0xff,
0xb8, 0xc0, 0xff, 0xff, 0xb8, 0xc0, 0xff, 0xff, 0xb8, 0xc0, 0xff, 0xff, 0xb8, 0xc0, 0xff, 0xff,
0xb8, 0xc0, 0xff, 0xff, 0xb8, 0xc0, 0xff, 0xff, 0xb8, 0xc0, 0xff, 0xff, 0xb8, 0xc0, 0xff, 0xff,
0xb8, 0xc0, 0xff, 0xff, 0xb8, 0xc0, 0xff, 0xff, 0xb8, 0xc0, 0xff, 0xff, 0xb8, 0xc0, 0xff, 0xff,
0xb8, 0xc0, 0xff, 0xff, 0xb8, 0xc0, 0xff, 0xff, 0xb8, 0xc0, 0xff, 0xff, 0xb8, 0xc0, 0xff, 0xff,
0xb8, 0xc0, 0xff, 0xff, 0xb8, 0xc0, 0xff, 0xff, 0xb8, 0xc0, 0xff, 0xff, 0xb8, 0xc0, 0xff, 0xff,
0xb8, 0xc0, 0xff, 0xff, 0xb8, 0xc0, 0xff, 0xff, 0xb8, 0xc0, 0xff, 0xff, 0xb8, 0xc0, 0xff, 0xff,
0xb8, 0xc0, 0xff, 0xff, 0xb8, 0xc0, 0xff, 0xff, 0xb8, 0xc0, 0xff, 0xff, 0xb8, 0xc0, 0xff, 0xff,
0xb8, 0xc0, 0xff, 0xff, 0xb8, 0xc0, 0xff, 0xff, 0xb8, 0xc0, 0xff, 0xff, 0xb8, 0xc0, 0xff, 0xff,
0xb8, 0xc0, 0xff, 0xff, 0xb8, 0xc0, 0xff, 0xff, 0xb8, 0xc0, 0xff, 0xff, 0xb8, 0xc0, 0xff, 0xff,
0xb8, 0xc0, 0xff, 0xff, 0xb8, 0xc0, 0xff, 0xff, 0xb8, 0xc0, 0xff, 0xff, 0xb8, 0xc0, 0xff, 0xff,
0xb8, 0xc0, 0xff, 0xff, 0xb8, 0xc0, 0xff, 0xff, 0xb8, 0xc0, 0xff, 0xff, 0xb8, 0xc0, 0xff, 0xff,
0xb8, 0xc0, 0xff, 0xff, 0xb8, 0xc0, 0xff, 0xff, 0xb8, 0xc0, 0xff, 0xff, 0xb8, 0xc0, 0xff, 0xff,
0xb8, 0xc0, 0xff, 0xff, 0xb8, 0xc0, 0xff, 0xff, 0xb8, 0xc0, 0xff, 0xff, 0xb8, 0xc0, 0xff, 0xff,
0xb8, 0xc0, 0xff, 0xff, 0xb8, 0xc0, 0xff, 0xff, 0xb8, 0xc0, 0xff, 0xff, 0xb8, 0xc0, 0xff, 0xff,
0xb8, 0xc0, 0xff, 0xff, 0xb8, 0xc0, 0xff, 0xff, 0xb8, 0xc0, 0xff, 0xff, 0xb8, 0xc0, 0xff, 0xff,
0xb8, 0xc0, 0xff, 0xff, 0xb8, 0xc0, 0xff, 0xff, 0xb8, 0xc0, 0xff, 0xff, 0xb8, 0xc0, 0xff, 0xff,
0xb8, 0xc0, 0xff, 0xff, 0xb8, 0xc0, 0xff, 0xff, 0xb8, 0xc0, 0xff, 0xff, 0xb8, 0xc0, 0xff, 0xff,
0xb8, 0xc0, 0xff, 0xff, 0xb8, 0xc0, 0xff, 0xff, 0xb8, 0xc0, 0xff, 0xff, 0xb8, 0xc0, 0xff, 0xff,
0xb8, 0xc0, 0xff, 0xff, 0xb8, 0xc0, 0xff, 0xff, 0xb8, 0xc0, 0xff, 0xff, 0xb8, 0xc0, 0xff, 0xff,
0xb8, 0xc0, 0xff, 0xff, 0xb8, 0xc0, 0xff, 0xf4, 0xb8, 0xc0, 0xff, 0x39, 0xb8, 0xc0, 0xff, 0x00,
0x00, 0x00, 0x00, 0x00, 0x00, 0x00, 0x00, 0x00, 0x00, 0x00, 0x00, 0x00, 0x00, 0x00, 0x00, 0x00,
0x00, 0x00, 0x00, 0x00, 0x00, 0x00, 0x00, 0x00, 0x00, 0x00, 0x00, 0x00, 0x00, 0x00, 0x00, 0x00,
0x00, 0x00, 0x00, 0x00, 0x00, 0x00, 0x00, 0x00, 0x00, 0x00, 0x00, 0x00, 0xd0, 0xd9, 0xff, 0x00,
0xd0, 0xd9, 0xff, 0x00, 0xd0, 0xd9, 0xff, 0x2a, 0xd0, 0xd9, 0xff, 0xd8, 0xd0, 0xd9, 0xff, 0xff,
0xd0, 0xd9, 0xff, 0xff, 0xd0, 0xd9, 0xff, 0xff, 0xd0, 0xd9, 0xff, 0xff, 0xd0, 0xd9, 0xff, 0xff,
0xd0, 0xd9, 0xff, 0xff, 0xd0, 0xd9, 0xff, 0xff, 0xd0, 0xd9, 0xff, 0xff, 0xd0, 0xd9, 0xff, 0xff,
0xd1, 0xda, 0xff, 0xff, 0xcd, 0xd6, 0xff, 0xff, 0xbb, 0xc3, 0xff, 0xff, 0xb8, 0xc0, 0xff, 0xff,
0xb8, 0xc0, 0xff, 0xff, 0xb8, 0xc0, 0xff, 0xff, 0xb8, 0xc0, 0xff, 0xff, 0xb8, 0xc0, 0xff, 0xff,
0xb8, 0xc0, 0xff, 0xff, 0xb8, 0xc0, 0xff, 0xff, 0xb8, 0xc0, 0xff, 0xff, 0xb8, 0xc0, 0xff, 0xff,
0xb8, 0xc0, 0xff, 0xff, 0xb8, 0xc0, 0xff, 0xff, 0xb8, 0xc0, 0xff, 0xff, 0xb8, 0xc0, 0xff, 0xff,
0xb8, 0xc0, 0xff, 0xff, 0xb8, 0xc0, 0xff, 0xff, 0xb8, 0xc0, 0xff, 0xff, 0xb8, 0xc0, 0xff, 0xff,
0xb8, 0xc0, 0xff, 0xff, 0xb8, 0xc0, 0xff, 0xff, 0xb8, 0xc0, 0xff, 0xff, 0xb8, 0xc0, 0xff, 0xff,
0xb8, 0xc0, 0xff, 0xff, 0xb8, 0xc0, 0xff, 0xff, 0xb8, 0xc0, 0xff, 0xff, 0xb8, 0xc0, 0xff, 0xff,
0xb8, 0xc0, 0xff, 0xff, 0xb8, 0xc0, 0xff, 0xff, 0xb8, 0xc0, 0xff, 0xff, 0xb8, 0xc0, 0xff, 0xff,
0xb8, 0xc0, 0xff, 0xff, 0xb8, 0xc0, 0xff, 0xff, 0xb8, 0xc0, 0xff, 0xff, 0xb8, 0xc0, 0xff, 0xff,
0xb8, 0xc0, 0xff, 0xff, 0xb8, 0xc0, 0xff, 0xff, 0xb8, 0xc0, 0xff, 0xff, 0xb8, 0xc0, 0xff, 0xff,
0xb8, 0xc0, 0xff, 0xff, 0xb8, 0xc0, 0xff, 0xff, 0xb8, 0xc0, 0xff, 0xff, 0xb8, 0xc0, 0xff, 0xff,
0xb8, 0xc0, 0xff, 0xff, 0xb8, 0xc0, 0xff, 0xff, 0xb8, 0xc0, 0xff, 0xff, 0xb8, 0xc0, 0xff, 0xff,
0xb8, 0xc0, 0xff, 0xff, 0xb8, 0xc0, 0xff, 0xff, 0xb8, 0xc0, 0xff, 0xff, 0xb8, 0xc0, 0xff, 0xff,
0xb8, 0xc0, 0xff, 0xff, 0xb8, 0xc0, 0xff, 0xff, 0xb8, 0xc0, 0xff, 0xff, 0xb8, 0xc0, 0xff, 0xff,
0xb8, 0xc0, 0xff, 0xff, 0xb8, 0xc0, 0xff, 0xff, 0xb8, 0xc0, 0xff, 0xff, 0xb8, 0xc0, 0xff, 0xff,
0xb8, 0xc0, 0xff, 0xff, 0xb8, 0xc0, 0xff, 0xff, 0xb8, 0xc0, 0xff, 0xff, 0xb8, 0xc0, 0xff, 0xff,
0xb8, 0xc0, 0xff, 0xff, 0xb8, 0xc0, 0xff, 0xff, 0xb8, 0xc0, 0xff, 0xff, 0xb8, 0xc0, 0xff, 0xff,
0xb8, 0xc0, 0xff, 0xff, 0xb8, 0xc0, 0xff, 0xff, 0xb8, 0xc0, 0xff, 0xff, 0xb8, 0xc0, 0xff, 0xff,
0xb8, 0xc0, 0xff, 0xff, 0xb8, 0xc0, 0xff, 0xff, 0xb8, 0xc0, 0xff, 0xff, 0xb8, 0xc0, 0xff, 0xff,
0xb8, 0xc0, 0xff, 0xff, 0xb8, 0xc0, 0xff, 0xff, 0xb8, 0xc0, 0xff, 0xff, 0xb8, 0xc0, 0xff, 0xff,
0xb8, 0xc0, 0xff, 0xff, 0xb8, 0xc0, 0xff, 0xff, 0xb8, 0xc0, 0xff, 0xff, 0xb8, 0xc0, 0xff, 0xff,
0xb8, 0xc0, 0xff, 0xff, 0xb8, 0xc0, 0xff, 0xff, 0xb8, 0xc0, 0xff, 0xff, 0xb8, 0xc0, 0xff, 0xff,
0xb8, 0xc0, 0xff, 0xff, 0xb8, 0xc0, 0xff, 0xff, 0xb8, 0xc0, 0xff, 0xff, 0xb8, 0xc0, 0xff, 0xff,
0xb8, 0xc0, 0xff, 0xff, 0xb8, 0xc0, 0xff, 0xff, 0xb8, 0xc0, 0xff, 0xff, 0xb8, 0xc0, 0xff, 0xff,
0xb8, 0xc0, 0xff, 0xff, 0xb8, 0xc0, 0xff, 0xff, 0xb8, 0xc0, 0xff, 0xff, 0xb8, 0xc0, 0xff, 0xff,
0xb8, 0xc0, 0xff, 0xff, 0xb8, 0xc0, 0xff, 0xf4, 0xb8, 0xc0, 0xff, 0x39, 0xb8, 0xc0, 0xff, 0x00,
0x00, 0x00, 0x00, 0x00, 0x00, 0x00, 0x00, 0x00, 0x00, 0x00, 0x00, 0x00, 0x00, 0x00, 0x00, 0x00,
0x00, 0x00, 0x00, 0x00, 0x00, 0x00, 0x00, 0x00, 0x00, 0x00, 0x00, 0x00, 0x00, 0x00, 0x00, 0x00,
0x00, 0x00, 0x00, 0x00, 0x00, 0x00, 0x00, 0x00, 0x00, 0x00, 0x00, 0x00, 0xd0, 0xd9, 0xff, 0x00,
0xd0, 0xd9, 0xff, 0x07, 0xd0, 0xd9, 0xff, 0xa0, 0xd0, 0xd9, 0xff, 0xff, 0xd0, 0xd9, 0xff, 0xff,
0xd0, 0xd9, 0xff, 0xff, 0xd0, 0xd9, 0xff, 0xff, 0xd0, 0xd9, 0xff, 0xff, 0xd0, 0xd9, 0xff, 0xff,
0xd0, 0xd9, 0xff, 0xff, 0xd0, 0xd9, 0xff, 0xff, 0xd0, 0xd9, 0xff, 0xff, 0xd0, 0xd9, 0xff, 0xff,
0xd1, 0xda, 0xff, 0xff, 0xcd, 0xd6, 0xff, 0xff, 0xbb, 0xc3, 0xff, 0xff, 0xb8, 0xc0, 0xff, 0xff,
0xb8, 0xc0, 0xff, 0xff, 0xb8, 0xc0, 0xff, 0xff, 0xb8, 0xc0, 0xff, 0xff, 0xb8, 0xc0, 0xff, 0xff,
0xb8, 0xc0, 0xff, 0xff, 0xb8, 0xc0, 0xff, 0xff, 0xb8, 0xc0, 0xff, 0xff, 0xb8, 0xc0, 0xff, 0xff,
0xb8, 0xc0, 0xff, 0xff, 0xb8, 0xc0, 0xff, 0xff, 0xb8, 0xc0, 0xff, 0xff, 0xb8, 0xc0, 0xff, 0xff,
0xb8, 0xc0, 0xff, 0xff, 0xb8, 0xc0, 0xff, 0xff, 0xb8, 0xc0, 0xff, 0xff, 0xb8, 0xc0, 0xff, 0xff,
0xb8, 0xc0, 0xff, 0xff, 0xb8, 0xc0, 0xff, 0xff, 0xb8, 0xc0, 0xff, 0xff, 0xb8, 0xc0, 0xff, 0xff,
0xb8, 0xc0, 0xff, 0xff, 0xb8, 0xc0, 0xff, 0xff, 0xb8, 0xc0, 0xff, 0xff, 0xb8, 0xc0, 0xff, 0xff,
0xb8, 0xc0, 0xff, 0xff, 0xb8, 0xc0, 0xff, 0xff, 0xb8, 0xc0, 0xff, 0xff, 0xb8, 0xc0, 0xff, 0xff,
0xb8, 0xc0, 0xff, 0xff, 0xb8, 0xc0, 0xff, 0xff, 0xb8, 0xc0, 0xff, 0xff, 0xb8, 0xc0, 0xff, 0xff,
0xb8, 0xc0, 0xff, 0xff, 0xb8, 0xc0, 0xff, 0xff, 0xb8, 0xc0, 0xff, 0xff, 0xb8, 0xc0, 0xff, 0xff,
0xb8, 0xc0, 0xff, 0xff, 0xb8, 0xc0, 0xff, 0xff, 0xb8, 0xc0, 0xff, 0xff, 0xb8, 0xc0, 0xff, 0xff,
0xb8, 0xc0, 0xff, 0xff, 0xb8, 0xc0, 0xff, 0xff, 0xb8, 0xc0, 0xff, 0xff, 0xb8, 0xc0, 0xff, 0xff,
0xb8, 0xc0, 0xff, 0xff, 0xb8, 0xc0, 0xff, 0xff, 0xb8, 0xc0, 0xff, 0xff, 0xb8, 0xc0, 0xff, 0xff,
0xb8, 0xc0, 0xff, 0xff, 0xb8, 0xc0, 0xff, 0xff, 0xb8, 0xc0, 0xff, 0xff, 0xb8, 0xc0, 0xff, 0xff,
0xb8, 0xc0, 0xff, 0xff, 0xb8, 0xc0, 0xff, 0xff, 0xb8, 0xc0, 0xff, 0xff, 0xb8, 0xc0, 0xff, 0xff,
0xb8, 0xc0, 0xff, 0xff, 0xb8, 0xc0, 0xff, 0xff, 0xb8, 0xc0, 0xff, 0xff, 0xb8, 0xc0, 0xff, 0xff,
0xb8, 0xc0, 0xff, 0xff, 0xb8, 0xc0, 0xff, 0xff, 0xb8, 0xc0, 0xff, 0xff, 0xb8, 0xc0, 0xff, 0xff,
0xb8, 0xc0, 0xff, 0xff, 0xb8, 0xc0, 0xff, 0xff, 0xb8, 0xc0, 0xff, 0xff, 0xb8, 0xc0, 0xff, 0xff,
0xb8, 0xc0, 0xff, 0xff, 0xb8, 0xc0, 0xff, 0xff, 0xb8, 0xc0, 0xff, 0xff, 0xb8, 0xc0, 0xff, 0xff,
0xb8, 0xc0, 0xff, 0xff, 0xb8, 0xc0, 0xff, 0xff, 0xb8, 0xc0, 0xff, 0xff, 0xb8, 0xc0, 0xff, 0xff,
0xb8, 0xc0, 0xff, 0xff, 0xb8, 0xc0, 0xff, 0xff, 0xb8, 0xc0, 0xff, 0xff, 0xb8, 0xc0, 0xff, 0xff,
0xb8, 0xc0, 0xff, 0xff, 0xb8, 0xc0, 0xff, 0xff, 0xb8, 0xc0, 0xff, 0xff, 0xb8, 0xc0, 0xff, 0xff,
0xb8, 0xc0, 0xff, 0xff, 0xb8, 0xc0, 0xff, 0xff, 0xb8, 0xc0, 0xff, 0xff, 0xb8, 0xc0, 0xff, 0xff,
0xb8, 0xc0, 0xff, 0xff, 0xb8, 0xc0, 0xff, 0xff, 0xb8, 0xc0, 0xff, 0xff, 0xb8, 0xc0, 0xff, 0xff,
0xb8, 0xc0, 0xff, 0xff, 0xb8, 0xc0, 0xff, 0xff, 0xb8, 0xc0, 0xff, 0xff, 0xb8, 0xc0, 0xff, 0xff,
0xb8, 0xc0, 0xff, 0xff, 0xb8, 0xc0, 0xff, 0xf4, 0xb8, 0xc0, 0xff, 0x39, 0xb8, 0xc0, 0xff, 0x00,
0x00, 0x00, 0x00, 0x00, 0x00, 0x00, 0x00, 0x00, 0x00, 0x00, 0x00, 0x00, 0x00, 0x00, 0x00, 0x00,
0x00, 0x00, 0x00, 0x00, 0x00, 0x00, 0x00, 0x00, 0x00, 0x00, 0x00, 0x00, 0x00, 0x00, 0x00, 0x00,
0x00, 0x00, 0x00, 0x00, 0x00, 0x00, 0x00, 0x00, 0xd0, 0xd9, 0xff, 0x00, 0xd0, 0xd9, 0xff, 0x00,
0xd0, 0xd9, 0xff, 0x4d, 0xd0, 0xd9, 0xff, 0xf4, 0xd0, 0xd9, 0xff, 0xff, 0xd0, 0xd9, 0xff, 0xff,
0xd0, 0xd9, 0xff, 0xff, 0xd0, 0xd9, 0xff, 0xff, 0xd0, 0xd9, 0xff, 0xff, 0xd0, 0xd9, 0xff, 0xff,
0xd0, 0xd9, 0xff, 0xff, 0xd0, 0xd9, 0xff, 0xff, 0xd0, 0xd9, 0xff, 0xff, 0xd0, 0xd9, 0xff, 0xff,
0xd1, 0xda, 0xff, 0xff, 0xcd, 0xd6, 0xff, 0xff, 0xbb, 0xc3, 0xff, 0xff, 0xb8, 0xc0, 0xff, 0xff,
0xb8, 0xc0, 0xff, 0xff, 0xb8, 0xc0, 0xff, 0xff, 0xb8, 0xc0, 0xff, 0xff, 0xb8, 0xc0, 0xff, 0xff,
0xb8, 0xc0, 0xff, 0xff, 0xb8, 0xc0, 0xff, 0xff, 0xb8, 0xc0, 0xff, 0xff, 0xb8, 0xc0, 0xff, 0xff,
0xb8, 0xc0, 0xff, 0xff, 0xb8, 0xc0, 0xff, 0xff, 0xb8, 0xc0, 0xff, 0xff, 0xb8, 0xc0, 0xff, 0xff,
0xb8, 0xc0, 0xff, 0xff, 0xb8, 0xc0, 0xff, 0xff, 0xb8, 0xc0, 0xff, 0xff, 0xb8, 0xc0, 0xff, 0xff,
0xb8, 0xc0, 0xff, 0xff, 0xb8, 0xc0, 0xff, 0xff, 0xb8, 0xc0, 0xff, 0xff, 0xb8, 0xc0, 0xff, 0xff,
0xb8, 0xc0, 0xff, 0xff, 0xb8, 0xc0, 0xff, 0xff, 0xb8, 0xc0, 0xff, 0xff, 0xb8, 0xc0, 0xff, 0xff,
0xb8, 0xc0, 0xff, 0xff, 0xb8, 0xc0, 0xff, 0xff, 0xb8, 0xc0, 0xff, 0xff, 0xb8, 0xc0, 0xff, 0xff,
0xb8, 0xc0, 0xff, 0xff, 0xb8, 0xc0, 0xff, 0xff, 0xb8, 0xc0, 0xff, 0xff, 0xb8, 0xc0, 0xff, 0xff,
0xb8, 0xc0, 0xff, 0xff, 0xb8, 0xc0, 0xff, 0xff, 0xb8, 0xc0, 0xff, 0xff, 0xb8, 0xc0, 0xff, 0xff,
0xb8, 0xc0, 0xff, 0xff, 0xb8, 0xc0, 0xff, 0xff, 0xb8, 0xc0, 0xff, 0xff, 0xb8, 0xc0, 0xff, 0xff,
0xb8, 0xc0, 0xff, 0xff, 0xb8, 0xc0, 0xff, 0xff, 0xb8, 0xc0, 0xff, 0xff, 0xb8, 0xc0, 0xff, 0xff,
0xb8, 0xc0, 0xff, 0xff, 0xb8, 0xc0, 0xff, 0xff, 0xb8, 0xc0, 0xff, 0xff, 0xb8, 0xc0, 0xff, 0xff,
0xb8, 0xc0, 0xff, 0xff, 0xb8, 0xc0, 0xff, 0xff, 0xb8, 0xc0, 0xff, 0xff, 0xb8, 0xc0, 0xff, 0xff,
0xb8, 0xc0, 0xff, 0xff, 0xb8, 0xc0, 0xff, 0xff, 0xb8, 0xc0, 0xff, 0xff, 0xb8, 0xc0, 0xff, 0xff,
0xb8, 0xc0, 0xff, 0xff, 0xb8, 0xc0, 0xff, 0xff, 0xb8, 0xc0, 0xff, 0xff, 0xb8, 0xc0, 0xff, 0xff,
0xb8, 0xc0, 0xff, 0xff, 0xb8, 0xc0, 0xff, 0xff, 0xb8, 0xc0, 0xff, 0xff, 0xb8, 0xc0, 0xff, 0xff,
0xb8, 0xc0, 0xff, 0xff, 0xb8, 0xc0, 0xff, 0xff, 0xb8, 0xc0, 0xff, 0xff, 0xb8, 0xc0, 0xff, 0xff,
0xb8, 0xc0, 0xff, 0xff, 0xb8, 0xc0, 0xff, 0xff, 0xb8, 0xc0, 0xff, 0xff, 0xb8, 0xc0, 0xff, 0xff,
0xb8, 0xc0, 0xff, 0xff, 0xb8, 0xc0, 0xff, 0xff, 0xb8, 0xc0, 0xff, 0xff, 0xb8, 0xc0, 0xff, 0xff,
0xb8, 0xc0, 0xff, 0xff, 0xb8, 0xc0, 0xff, 0xff, 0xb8, 0xc0, 0xff, 0xff, 0xb8, 0xc0, 0xff, 0xff,
0xb8, 0xc0, 0xff, 0xff, 0xb8, 0xc0, 0xff, 0xff, 0xb8, 0xc0, 0xff, 0xff, 0xb8, 0xc0, 0xff, 0xff,
0xb8, 0xc0, 0xff, 0xff, 0xb8, 0xc0, 0xff, 0xff, 0xb8, 0xc0, 0xff, 0xff, 0xb8, 0xc0, 0xff, 0xff,
0xb8, 0xc0, 0xff, 0xff, 0xb8, 0xc0, 0xff, 0xff, 0xb8, 0xc0, 0xff, 0xff, 0xb8, 0xc0, 0xff, 0xff,
0xb8, 0xc0, 0xff, 0xff, 0xb8, 0xc0, 0xff, 0xff, 0xb8, 0xc0, 0xff, 0xff, 0xb8, 0xc0, 0xff, 0xff,
0xb8, 0xc0, 0xff, 0xff, 0xb8, 0xc0, 0xff, 0xf4, 0xb8, 0xc0, 0xff, 0x39, 0xb8, 0xc0, 0xff, 0x00,
0x00, 0x00, 0x00, 0x00, 0x00, 0x00, 0x00, 0x00, 0x00, 0x00, 0x00, 0x00, 0x00, 0x00, 0x00, 0x00,
0x00, 0x00, 0x00, 0x00, 0x00, 0x00, 0x00, 0x00, 0x00, 0x00, 0x00, 0x00, 0x00, 0x00, 0x00, 0x00,
0x00, 0x00, 0x00, 0x00, 0x00, 0x00, 0x00, 0x00, 0xd0, 0xd9, 0xff, 0x00, 0xd0, 0xd9, 0xff, 0x0b,
0xd0, 0xd9, 0xff, 0xb5, 0xd0, 0xd9, 0xff, 0xff, 0xd0, 0xd9, 0xff, 0xff, 0xd0, 0xd9, 0xff, 0xff,
0xd0, 0xd9, 0xff, 0xff, 0xd0, 0xd9, 0xff, 0xff, 0xd0, 0xd9, 0xff, 0xff, 0xd0, 0xd9, 0xff, 0xff,
0xd0, 0xd9, 0xff, 0xff, 0xd0, 0xd9, 0xff, 0xff, 0xd0, 0xd9, 0xff, 0xff, 0xd0, 0xd9, 0xff, 0xff,
0xd1, 0xda, 0xff, 0xff, 0xcd, 0xd6, 0xff, 0xff, 0xbb, 0xc3, 0xff, 0xff, 0xb8, 0xc0, 0xff, 0xff,
0xb8, 0xc0, 0xff, 0xff, 0xb8, 0xc0, 0xff, 0xff, 0xb8, 0xc0, 0xff, 0xff, 0xb8, 0xc0, 0xff, 0xff,
0xb8, 0xc0, 0xff, 0xff, 0xb8, 0xc0, 0xff, 0xff, 0xb8, 0xc0, 0xff, 0xff, 0xb8, 0xc0, 0xff, 0xff,
0xb8, 0xc0, 0xff, 0xff, 0xb8, 0xc0, 0xff, 0xff, 0xb8, 0xc0, 0xff, 0xff, 0xb8, 0xc0, 0xff, 0xff,
0xb8, 0xc0, 0xff, 0xff, 0xb8, 0xc0, 0xff, 0xff, 0xb8, 0xc0, 0xff, 0xff, 0xb8, 0xc0, 0xff, 0xff,
0xb8, 0xc0, 0xff, 0xff, 0xb8, 0xc0, 0xff, 0xff, 0xb8, 0xc0, 0xff, 0xff, 0xb8, 0xc0, 0xff, 0xff,
0xb8, 0xc0, 0xff, 0xff, 0xb8, 0xc0, 0xff, 0xff, 0xb8, 0xc0, 0xff, 0xff, 0xb8, 0xc0, 0xff, 0xff,
0xb8, 0xc0, 0xff, 0xff, 0xb8, 0xc0, 0xff, 0xff, 0xb8, 0xc0, 0xff, 0xff, 0xb8, 0xc0, 0xff, 0xff,
0xb8, 0xc0, 0xff, 0xff, 0xb8, 0xc0, 0xff, 0xff, 0xb8, 0xc0, 0xff, 0xff, 0xb8, 0xc0, 0xff, 0xff,
0xb8, 0xc0, 0xff, 0xff, 0xb8, 0xc0, 0xff, 0xff, 0xb8, 0xc0, 0xff, 0xff, 0xb8, 0xc0, 0xff, 0xff,
0xb8, 0xc0, 0xff, 0xff, 0xb8, 0xc0, 0xff, 0xff, 0xb8, 0xc0, 0xff, 0xff, 0xb8, 0xc0, 0xff, 0xff,
0xb8, 0xc0, 0xff, 0xff, 0xb8, 0xc0, 0xff, 0xff, 0xb8, 0xc0, 0xff, 0xff, 0xb8, 0xc0, 0xff, 0xff,
0xb8, 0xc0, 0xff, 0xff, 0xb8, 0xc0, 0xff, 0xff, 0xb8, 0xc0, 0xff, 0xff, 0xb8, 0xc0, 0xff, 0xff,
0xb8, 0xc0, 0xff, 0xff, 0xb8, 0xc0, 0xff, 0xff, 0xb8, 0xc0, 0xff, 0xff, 0xb8, 0xc0, 0xff, 0xff,
0xb8, 0xc0, 0xff, 0xff, 0xb8, 0xc0, 0xff, 0xff, 0xb8, 0xc0, 0xff, 0xff, 0xb8, 0xc0, 0xff, 0xff,
0xb8, 0xc0, 0xff, 0xff, 0xb8, 0xc0, 0xff, 0xff, 0xb8, 0xc0, 0xff, 0xff, 0xb8, 0xc0, 0xff, 0xff,
0xb8, 0xc0, 0xff, 0xff, 0xb8, 0xc0, 0xff, 0xff, 0xb8, 0xc0, 0xff, 0xff, 0xb8, 0xc0, 0xff, 0xff,
0xb8, 0xc0, 0xff, 0xff, 0xb8, 0xc0, 0xff, 0xff, 0xb8, 0xc0, 0xff, 0xff, 0xb8, 0xc0, 0xff, 0xff,
0xb8, 0xc0, 0xff, 0xff, 0xb8, 0xc0, 0xff, 0xff, 0xb8, 0xc0, 0xff, 0xff, 0xb8, 0xc0, 0xff, 0xff,
0xb8, 0xc0, 0xff, 0xff, 0xb8, 0xc0, 0xff, 0xff, 0xb8, 0xc0, 0xff, 0xff, 0xb8, 0xc0, 0xff, 0xff,
0xb8, 0xc0, 0xff, 0xff, 0xb8, 0xc0, 0xff, 0xff, 0xb8, 0xc0, 0xff, 0xff, 0xb8, 0xc0, 0xff, 0xff,
0xb8, 0xc0, 0xff, 0xff, 0xb8, 0xc0, 0xff, 0xff, 0xb8, 0xc0, 0xff, 0xff, 0xb8, 0xc0, 0xff, 0xff,
0xb8, 0xc0, 0xff, 0xff, 0xb8, 0xc0, 0xff, 0xff, 0xb8, 0xc0, 0xff, 0xff, 0xb8, 0xc0, 0xff, 0xff,
0xb8, 0xc0, 0xff, 0xff, 0xb8, 0xc0, 0xff, 0xff, 0xb8, 0xc0, 0xff, 0xff, 0xb8, 0xc0, 0xff, 0xff,
0xb8, 0xc0, 0xff, 0xff, 0xb8, 0xc0, 0xff, 0xff, 0xb8, 0xc0, 0xff, 0xff, 0xb8, 0xc0, 0xff, 0xff,
0xb8, 0xc0, 0xff, 0xff, 0xb8, 0xc0, 0xff, 0xf4, 0xb8, 0xc0, 0xff, 0x39, 0xb8, 0xc0, 0xff, 0x00,
0x00, 0x00, 0x00, 0x00, 0x00, 0x00, 0x00, 0x00, 0x00, 0x00, 0x00, 0x00, 0x00, 0x00, 0x00, 0x00,
0x00, 0x00, 0x00, 0x00, 0x00, 0x00, 0x00, 0x00, 0x00, 0x00, 0x00, 0x00, 0x00, 0x00, 0x00, 0x00,
0x00, 0x00, 0x00, 0x00, 0x00, 0x00, 0x00, 0x00, 0xd0, 0xd9, 0xff, 0x00, 0xd0, 0xd9, 0xff, 0x44,
0xd0, 0xd9, 0xff, 0xf3, 0xd0, 0xd9, 0xff, 0xff, 0xd0, 0xd9, 0xff, 0xff, 0xd0, 0xd9, 0xff, 0xff,
0xd0, 0xd9, 0xff, 0xff, 0xd0, 0xd9, 0xff, 0xff, 0xd0, 0xd9, 0xff, 0xff, 0xd0, 0xd9, 0xff, 0xff,
0xd0, 0xd9, 0xff, 0xff, 0xd0, 0xd9, 0xff, 0xff, 0xd0, 0xd9, 0xff, 0xff, 0xd0, 0xd9, 0xff, 0xff,
0xd1, 0xda, 0xff, 0xff, 0xcd, 0xd6, 0xff, 0xff, 0xbb, 0xc3, 0xff, 0xff, 0xb8, 0xc0, 0xff, 0xff,
0xb8, 0xc0, 0xff, 0xff, 0xb8, 0xc0, 0xff, 0xff, 0xb8, 0xc0, 0xff, 0xff, 0xb8, 0xc0, 0xff, 0xff,
0xb8, 0xc0, 0xff, 0xff, 0xb8, 0xc0, 0xff, 0xff, 0xb8, 0xc0, 0xff, 0xff, 0xb8, 0xc0, 0xff, 0xff,
0xb8, 0xc0, 0xff, 0xff, 0xb8, 0xc0, 0xff, 0xff, 0xb8, 0xc0, 0xff, 0xff, 0xb8, 0xc0, 0xff, 0xff,
0xb8, 0xc0, 0xff, 0xff, 0xb8, 0xc0, 0xff, 0xff, 0xb8, 0xc0, 0xff, 0xff, 0xb8, 0xc0, 0xff, 0xff,
0xb8, 0xc0, 0xff, 0xff, 0xb8, 0xc0, 0xff, 0xff, 0xb8, 0xc0, 0xff, 0xff, 0xb8, 0xc0, 0xff, 0xff,
0xb8, 0xc0, 0xff, 0xff, 0xb8, 0xc0, 0xff, 0xff, 0xb8, 0xc0, 0xff, 0xff, 0xb8, 0xc0, 0xff, 0xff,
0xb8, 0xc0, 0xff, 0xff, 0xb8, 0xc0, 0xff, 0xff, 0xb8, 0xc0, 0xff, 0xff, 0xb8, 0xc0, 0xff, 0xff,
0xb8, 0xc0, 0xff, 0xff, 0xb8, 0xc0, 0xff, 0xff, 0xb8, 0xc0, 0xff, 0xff, 0xb8, 0xc0, 0xff, 0xff,
0xb8, 0xc0, 0xff, 0xff, 0xb8, 0xc0, 0xff, 0xff, 0xb8, 0xc0, 0xff, 0xff, 0xb8, 0xc0, 0xff, 0xff,
0xb8, 0xc0, 0xff, 0xff, 0xb8, 0xc0, 0xff, 0xff, 0xb8, 0xc0, 0xff, 0xff, 0xb8, 0xc0, 0xff, 0xff,
0xb8, 0xc0, 0xff, 0xff, 0xb8, 0xc0, 0xff, 0xff, 0xb8, 0xc0, 0xff, 0xff, 0xb8, 0xc0, 0xff, 0xff,
0xb8, 0xc0, 0xff, 0xff, 0xb8, 0xc0, 0xff, 0xff, 0xb8, 0xc0, 0xff, 0xff, 0xb8, 0xc0, 0xff, 0xff,
0xb8, 0xc0, 0xff, 0xff, 0xb8, 0xc0, 0xff, 0xff, 0xb8, 0xc0, 0xff, 0xff, 0xb8, 0xc0, 0xff, 0xff,
0xb8, 0xc0, 0xff, 0xff, 0xb8, 0xc0, 0xff, 0xff, 0xb8, 0xc0, 0xff, 0xff, 0xb8, 0xc0, 0xff, 0xff,
0xb8, 0xc0, 0xff, 0xff, 0xb8, 0xc0, 0xff, 0xff, 0xb8, 0xc0, 0xff, 0xff, 0xb8, 0xc0, 0xff, 0xff,
0xb8, 0xc0, 0xff, 0xff, 0xb8, 0xc0, 0xff, 0xff, 0xb8, 0xc0, 0xff, 0xff, 0xb8, 0xc0, 0xff, 0xff,
0xb8, 0xc0, 0xff, 0xff, 0xb8, 0xc0, 0xff, 0xff, 0xb8, 0xc0, 0xff, 0xff, 0xb8, 0xc0, 0xff, 0xff,
0xb8, 0xc0, 0xff, 0xff, 0xb8, 0xc0, 0xff, 0xff, 0xb8, 0xc0, 0xff, 0xff, 0xb8, 0xc0, 0xff, 0xff,
0xb8, 0xc0, 0xff, 0xff, 0xb8, 0xc0, 0xff, 0xff, 0xb8, 0xc0, 0xff, 0xff, 0xb8, 0xc0, 0xff, 0xff,
0xb8, 0xc0, 0xff, 0xff, 0xb8, 0xc0, 0xff, 0xff, 0xb8, 0xc0, 0xff, 0xff, 0xb8, 0xc0, 0xff, 0xff,
0xb8, 0xc0, 0xff, 0xff, 0xb8, 0xc0, 0xff, 0xff, 0xb8, 0xc0, 0xff, 0xff, 0xb8, 0xc0, 0xff, 0xff,
0xb8, 0xc0, 0xff, 0xff, 0xb8, 0xc0, 0xff, 0xff, 0xb8, 0xc0, 0xff, 0xff, 0xb8, 0xc0, 0xff, 0xff,
0xb8, 0xc0, 0xff, 0xff, 0xb8, 0xc0, 0xff, 0xff, 0xb8, 0xc0, 0xff, 0xff, 0xb8, 0xc0, 0xff, 0xff,
0xb8, 0xc0, 0xff, 0xff, 0xb8, 0xc0, 0xff, 0xff, 0xb8, 0xc0, 0xff, 0xff, 0xb8, 0xc0, 0xff, 0xff,
0xb8, 0xc0, 0xff, 0xff, 0xb8, 0xc0, 0xff, 0xf4, 0xb8, 0xc0, 0xff, 0x39, 0xb8, 0xc0, 0xff, 0x00,
0x00, 0x00, 0x00, 0x00, 0x00, 0x00, 0x00, 0x00, 0x00, 0x00, 0x00, 0x00, 0x00, 0x00, 0x00, 0x00,
0x00, 0x00, 0x00, 0x00, 0x00, 0x00, 0x00, 0x00, 0x00, 0x00, 0x00, 0x00, 0x00, 0x00, 0x00, 0x00,
0x00, 0x00, 0x00, 0x00, 0xd0, 0xd9, 0xff, 0x00, 0xd0, 0xd9, 0xff, 0x01, 0xd0, 0xd9, 0xff, 0x97,
0xd0, 0xd9, 0xff, 0xff, 0xd0, 0xd9, 0xff, 0xff, 0xd0, 0xd9, 0xff, 0xff, 0xd0, 0xd9, 0xff, 0xff,
0xd0, 0xd9, 0xff, 0xff, 0xd0, 0xd9, 0xff, 0xff, 0xd0, 0xd9, 0xff, 0xff, 0xd0, 0xd9, 0xff, 0xff,
0xd0, 0xd9, 0xff, 0xff, 0xd0, 0xd9, 0xff, 0xff, 0xd0, 0xd9, 0xff, 0xff, 0xd0, 0xd9, 0xff, 0xff,
0xd1, 0xda, 0xff, 0xff, 0xcd, 0xd6, 0xff, 0xff, 0xbb, 0xc3, 0xff, 0xff, 0xb8, 0xc0, 0xff, 0xff,
0xb8, 0xc0, 0xff, 0xff, 0xb8, 0xc0, 0xff, 0xff, 0xb8, 0xc0, 0xff, 0xff, 0xb8, 0xc0, 0xff, 0xff,
0xb8, 0xc0, 0xff, 0xff, 0xb8, 0xc0, 0xff, 0xff, 0xb8, 0xc0, 0xff, 0xff, 0xb8, 0xc0, 0xff, 0xff,
0xb8, 0xc0, 0xff, 0xff, 0xb8, 0xc0, 0xff, 0xff, 0xb8, 0xc0, 0xff, 0xff, 0xb8, 0xc0, 0xff, 0xff,
0xb8, 0xc0, 0xff, 0xff, 0xb8, 0xc0, 0xff, 0xff, 0xb8, 0xc0, 0xff, 0xff, 0xb8, 0xc0, 0xff, 0xff,
0xb8, 0xc0, 0xff, 0xff, 0xb8, 0xc0, 0xff, 0xff, 0xb8, 0xc0, 0xff, 0xff, 0xb8, 0xc0, 0xff, 0xff,
0xb8, 0xc0, 0xff, 0xff, 0xb8, 0xc0, 0xff, 0xff, 0xb8, 0xc0, 0xff, 0xff, 0xb8, 0xc0, 0xff, 0xff,
0xb8, 0xc0, 0xff, 0xff, 0xb8, 0xc0, 0xff, 0xff, 0xb8, 0xc0, 0xff, 0xff, 0xb8, 0xc0, 0xff, 0xff,
0xb8, 0xc0, 0xff, 0xff, 0xb8, 0xc0, 0xff, 0xff, 0xb8, 0xc0, 0xff, 0xff, 0xb8, 0xc0, 0xff, 0xff,
0xb8, 0xc0, 0xff, 0xff, 0xb8, 0xc0, 0xff, 0xff, 0xb8, 0xc0, 0xff, 0xff, 0xb8, 0xc0, 0xff, 0xff,
0xb8, 0xc0, 0xff, 0xff, 0xb8, 0xc0, 0xff, 0xff, 0xb8, 0xc0, 0xff, 0xff, 0xb8, 0xc0, 0xff, 0xff,
0xb8, 0xc0, 0xff, 0xff, 0xb8, 0xc0, 0xff, 0xff, 0xb8, 0xc0, 0xff, 0xff, 0xb8, 0xc0, 0xff, 0xff,
0xb8, 0xc0, 0xff, 0xff, 0xb8, 0xc0, 0xff, 0xff, 0xb8, 0xc0, 0xff, 0xff, 0xb8, 0xc0, 0xff, 0xff,
0xb8, 0xc0, 0xff, 0xff, 0xb8, 0xc0, 0xff, 0xff, 0xb8, 0xc0, 0xff, 0xff, 0xb8, 0xc0, 0xff, 0xff,
0xb8, 0xc0, 0xff, 0xff, 0xb8, 0xc0, 0xff, 0xff, 0xb8, 0xc0, 0xff, 0xff, 0xb8, 0xc0, 0xff, 0xff,
0xb8, 0xc0, 0xff, 0xff, 0xb8, 0xc0, 0xff, 0xff, 0xb8, 0xc0, 0xff, 0xff, 0xb8, 0xc0, 0xff, 0xff,
0xb8, 0xc0, 0xff, 0xff, 0xb8, 0xc0, 0xff, 0xff, 0xb8, 0xc0, 0xff, 0xff, 0xb8, 0xc0, 0xff, 0xff,
0xb8, 0xc0, 0xff, 0xff, 0xb8, 0xc0, 0xff, 0xff, 0xb8, 0xc0, 0xff, 0xff, 0xb8, 0xc0, 0xff, 0xff,
0xb8, 0xc0, 0xff, 0xff, 0xb8, 0xc0, 0xff, 0xff, 0xb8, 0xc0, 0xff, 0xff, 0xb8, 0xc0, 0xff, 0xff,
0xb8, 0xc0, 0xff, 0xff, 0xb8, 0xc0, 0xff, 0xff, 0xb8, 0xc0, 0xff, 0xff, 0xb8, 0xc0, 0xff, 0xff,
0xb8, 0xc0, 0xff, 0xff, 0xb8, 0xc0, 0xff, 0xff, 0xb8, 0xc0, 0xff, 0xff, 0xb8, 0xc0, 0xff, 0xff,
0xb8, 0xc0, 0xff, 0xff, 0xb8, 0xc0, 0xff, 0xff, 0xb8, 0xc0, 0xff, 0xff, 0xb8, 0xc0, 0xff, 0xff,
0xb8, 0xc0, 0xff, 0xff, 0xb8, 0xc0, 0xff, 0xff, 0xb8, 0xc0, 0xff, 0xff, 0xb8, 0xc0, 0xff, 0xff,
0xb8, 0xc0, 0xff, 0xff, 0xb8, 0xc0, 0xff, 0xff, 0xb8, 0xc0, 0xff, 0xff, 0xb8, 0xc0, 0xff, 0xff,
0xb8, 0xc0, 0xff, 0xff, 0xb8, 0xc0, 0xff, 0xff, 0xb8, 0xc0, 0xff, 0xff, 0xb8, 0xc0, 0xff, 0xff,
0xb8, 0xc0, 0xff, 0xff, 0xb8, 0xc0, 0xff, 0xf4, 0xb8, 0xc0, 0xff, 0x39, 0xb8, 0xc0, 0xff, 0x00,
0x00, 0x00, 0x00, 0x00, 0x00, 0x00, 0x00, 0x00, 0x00, 0x00, 0x00, 0x00, 0x00, 0x00, 0x00, 0x00,
0x00, 0x00, 0x00, 0x00, 0x00, 0x00, 0x00, 0x00, 0x00, 0x00, 0x00, 0x00, 0x00, 0x00, 0x00, 0x00,
0x00, 0x00, 0x00, 0x00, 0xd0, 0xd9, 0xff, 0x00, 0xd0, 0xd9, 0xff, 0x1a, 0xd0, 0xd9, 0xff, 0xd6,
0xd0, 0xd9, 0xff, 0xff, 0xd0, 0xd9, 0xff, 0xff, 0xd0, 0xd9, 0xff, 0xff, 0xd0, 0xd9, 0xff, 0xff,
0xd0, 0xd9, 0xff, 0xff, 0xd0, 0xd9, 0xff, 0xff, 0xd0, 0xd9, 0xff, 0xff, 0xd0, 0xd9, 0xff, 0xff,
0xd0, 0xd9, 0xff, 0xff, 0xd0, 0xd9, 0xff, 0xff, 0xd0, 0xd9, 0xff, 0xff, 0xd0, 0xd9, 0xff, 0xff,
0xd1, 0xda, 0xff, 0xff, 0xcd, 0xd6, 0xff, 0xff, 0xbb, 0xc3, 0xff, 0xff, 0xb8, 0xc0, 0xff, 0xff,
0xb8, 0xc0, 0xff, 0xff, 0xb8, 0xc0, 0xff, 0xff, 0xb8, 0xc0, 0xff, 0xff, 0xb8, 0xc0, 0xff, 0xff,
0xb8, 0xc0, 0xff, 0xff, 0xb8, 0xc0, 0xff, 0xff, 0xb8, 0xc0, 0xff, 0xff, 0xb8, 0xc0, 0xff, 0xff,
0xb8, 0xc0, 0xff, 0xff, 0xb8, 0xc0, 0xff, 0xff, 0xb8, 0xc0, 0xff, 0xff, 0xb8, 0xc0, 0xff, 0xff,
0xb8, 0xc0, 0xff, 0xff, 0xb8, 0xc0, 0xff, 0xff, 0xb8, 0xc0, 0xff, 0xff, 0xb8, 0xc0, 0xff, 0xff,
0xb8, 0xc0, 0xff, 0xff, 0xb8, 0xc0, 0xff, 0xff, 0xb8, 0xc0, 0xff, 0xff, 0xb8, 0xc0, 0xff, 0xff,
0xb8, 0xc0, 0xff, 0xff, 0xb8, 0xc0, 0xff, 0xff, 0xb8, 0xc0, 0xff, 0xff, 0xb8, 0xc0, 0xff, 0xff,
0xb8, 0xc0, 0xff, 0xff, 0xb8, 0xc0, 0xff, 0xff, 0xb8, 0xc0, 0xff, 0xff, 0xb8, 0xc0, 0xff, 0xff,
0xb8, 0xc0, 0xff, 0xff, 0xb8, 0xc0, 0xff, 0xff, 0xb8, 0xc0, 0xff, 0xff, 0xb8, 0xc0, 0xff, 0xff,
0xb8, 0xc0, 0xff, 0xff, 0xb8, 0xc0, 0xff, 0xff, 0xb8, 0xc0, 0xff, 0xff, 0xb8, 0xc0, 0xff, 0xff,
0xb8, 0xc0, 0xff, 0xff, 0xb8, 0xc0, 0xff, 0xff, 0xb8, 0xc0, 0xff, 0xff, 0xb8, 0xc0, 0xff, 0xff,
0xb8, 0xc0, 0xff, 0xff, 0xb8, 0xc0, 0xff, 0xff, 0xb8, 0xc0, 0xff, 0xff, 0xb8, 0xc0, 0xff, 0xff,
0xb8, 0xc0, 0xff, 0xff, 0xb8, 0xc0, 0xff, 0xff, 0xb8, 0xc0, 0xff, 0xff, 0xb8, 0xc0, 0xff, 0xff,
0xb8, 0xc0, 0xff, 0xff, 0xb8, 0xc0, 0xff, 0xff, 0xb8, 0xc0, 0xff, 0xff, 0xb8, 0xc0, 0xff, 0xff,
0xb8, 0xc0, 0xff, 0xff, 0xb8, 0xc0, 0xff, 0xff, 0xb8, 0xc0, 0xff, 0xff, 0xb8, 0xc0, 0xff, 0xff,
0xb8, 0xc0, 0xff, 0xff, 0xb8, 0xc0, 0xff, 0xff, 0xb8, 0xc0, 0xff, 0xff, 0xb8, 0xc0, 0xff, 0xff,
0xb8, 0xc0, 0xff, 0xff, 0xb8, 0xc0, 0xff, 0xff, 0xb8, 0xc0, 0xff, 0xff, 0xb8, 0xc0, 0xff, 0xff,
0xb8, 0xc0, 0xff, 0xff, 0xb8, 0xc0, 0xff, 0xff, 0xb8, 0xc0, 0xff, 0xff, 0xb8, 0xc0, 0xff, 0xff,
0xb8, 0xc0, 0xff, 0xff, 0xb8, 0xc0, 0xff, 0xff, 0xb8, 0xc0, 0xff, 0xff, 0xb8, 0xc0, 0xff, 0xff,
0xb8, 0xc0, 0xff, 0xff, 0xb8, 0xc0, 0xff, 0xff, 0xb8, 0xc0, 0xff, 0xff, 0xb8, 0xc0, 0xff, 0xff,
0xb8, 0xc0, 0xff, 0xff, 0xb8, 0xc0, 0xff, 0xff, 0xb8, 0xc0, 0xff, 0xff, 0xb8, 0xc0, 0xff, 0xff,
0xb8, 0xc0, 0xff, 0xff, 0xb8, 0xc0, 0xff, 0xff, 0xb8, 0xc0, 0xff, 0xff, 0xb8, 0xc0, 0xff, 0xff,
0xb8, 0xc0, 0xff, 0xff, 0xb8, 0xc0, 0xff, 0xff, 0xb8, 0xc0, 0xff, 0xff, 0xb8, 0xc0, 0xff, 0xff,
0xb8, 0xc0, 0xff, 0xff, 0xb8, 0xc0, 0xff, 0xff, 0xb8, 0xc0, 0xff, 0xff, 0xb8, 0xc0, 0xff, 0xff,
0xb8, 0xc0, 0xff, 0xff, 0xb8, 0xc0, 0xff, 0xff, 0xb8, 0xc0, 0xff, 0xff, 0xb8, 0xc0, 0xff, 0xff,
0xb8, 0xc0, 0xff, 0xff, 0xb8, 0xc0, 0xff, 0xf4, 0xb8, 0xc0, 0xff, 0x39, 0xb8, 0xc0, 0xff, 0x00,
0x00, 0x00, 0x00, 0x00, 0x00, 0x00, 0x00, 0x00, 0x00, 0x00, 0x00, 0x00, 0x00, 0x00, 0x00, 0x00,
0x00, 0x00, 0x00, 0x00, 0x00, 0x00, 0x00, 0x00, 0x00, 0x00, 0x00, 0x00, 0x00, 0x00, 0x00, 0x00,
0x00, 0x00, 0x00, 0x00, 0xd0, 0xd9, 0xff, 0x00, 0xd0, 0xd9, 0xff, 0x48, 0xd0, 0xd9, 0xff, 0xf7,
0xd0, 0xd9, 0xff, 0xff, 0xd0, 0xd9, 0xff, 0xff, 0xd0, 0xd9, 0xff, 0xff, 0xd0, 0xd9, 0xff, 0xff,
0xd0, 0xd9, 0xff, 0xff, 0xd0, 0xd9, 0xff, 0xff, 0xd0, 0xd9, 0xff, 0xff, 0xd0, 0xd9, 0xff, 0xff,
0xd0, 0xd9, 0xff, 0xff, 0xd0, 0xd9, 0xff, 0xff, 0xd0, 0xd9, 0xff, 0xff, 0xd0, 0xd9, 0xff, 0xff,
0xd1, 0xda, 0xff, 0xff, 0xcd, 0xd6, 0xff, 0xff, 0xbb, 0xc3, 0xff, 0xff, 0xb8, 0xc0, 0xff, 0xff,
0xb8, 0xc0, 0xff, 0xff, 0xb8, 0xc0, 0xff, 0xff, 0xb8, 0xc0, 0xff, 0xff, 0xb8, 0xc0, 0xff, 0xff,
0xb8, 0xc0, 0xff, 0xff, 0xb8, 0xc0, 0xff, 0xff, 0xb8, 0xc0, 0xff, 0xff, 0xb8, 0xc0, 0xff, 0xff,
0xb8, 0xc0, 0xff, 0xff, 0xb8, 0xc0, 0xff, 0xff, 0xb8, 0xc0, 0xff, 0xff, 0xb8, 0xc0, 0xff, 0xff,
0xb8, 0xc0, 0xff, 0xff, 0xb8, 0xc0, 0xff, 0xff, 0xb8, 0xc0, 0xff, 0xff, 0xb8, 0xc0, 0xff, 0xff,
0xb8, 0xc0, 0xff, 0xff, 0xb8, 0xc0, 0xff, 0xff, 0xb8, 0xc0, 0xff, 0xff, 0xb8, 0xc0, 0xff, 0xff,
0xb8, 0xc0, 0xff, 0xff, 0xb8, 0xc0, 0xff, 0xff, 0xb8, 0xc0, 0xff, 0xff, 0xb8, 0xc0, 0xff, 0xff,
0xb8, 0xc0, 0xff, 0xff, 0xb8, 0xc0, 0xff, 0xff, 0xb8, 0xc0, 0xff, 0xff, 0xb8, 0xc0, 0xff, 0xff,
0xb8, 0xc0, 0xff, 0xff, 0xb8, 0xc0, 0xff, 0xff, 0xb8, 0xc0, 0xff, 0xff, 0xb8, 0xc0, 0xff, 0xff,
0xb8, 0xc0, 0xff, 0xff, 0xb8, 0xc0, 0xff, 0xff, 0xb8, 0xc0, 0xff, 0xff, 0xb8, 0xc0, 0xff, 0xff,
0xb8, 0xc0, 0xff, 0xff, 0xb8, 0xc0, 0xff, 0xff, 0xb8, 0xc0, 0xff, 0xff, 0xb8, 0xc0, 0xff, 0xff,
0xb8, 0xc0, 0xff, 0xff, 0xb8, 0xc0, 0xff, 0xff, 0xb8, 0xc0, 0xff, 0xff, 0xb8, 0xc0, 0xff, 0xff,
0xb8, 0xc0, 0xff, 0xff, 0xb8, 0xc0, 0xff, 0xff, 0xb8, 0xc0, 0xff, 0xff, 0xb8, 0xc0, 0xff, 0xff,
0xb8, 0xc0, 0xff, 0xff, 0xb8, 0xc0, 0xff, 0xff, 0xb8, 0xc0, 0xff, 0xff, 0xb8, 0xc0, 0xff, 0xff,
0xb8, 0xc0, 0xff, 0xff, 0xb8, 0xc0, 0xff, 0xff, 0xb8, 0xc0, 0xff, 0xff, 0xb8, 0xc0, 0xff, 0xff,
0xb8, 0xc0, 0xff, 0xff, 0xb8, 0xc0, 0xff, 0xff, 0xb8, 0xc0, 0xff, 0xff, 0xb8, 0xc0, 0xff, 0xff,
0xb8, 0xc0, 0xff, 0xff, 0xb8, 0xc0, 0xff, 0xff, 0xb8, 0xc0, 0xff, 0xff, 0xb8, 0xc0, 0xff, 0xff,
0xb8, 0xc0, 0xff, 0xff, 0xb8, 0xc0, 0xff, 0xff, 0xb8, 0xc0, 0xff, 0xff, 0xb8, 0xc0, 0xff, 0xff,
0xb8, 0xc0, 0xff, 0xff, 0xb8, 0xc0, 0xff, 0xff, 0xb8, 0xc0, 0xff, 0xff, 0xb8, 0xc0, 0xff, 0xff,
0xb8, 0xc0, 0xff, 0xff, 0xb8, 0xc0, 0xff, 0xff, 0xb8, 0xc0, 0xff, 0xff, 0xb8, 0xc0, 0xff, 0xff,
0xb8, 0xc0, 0xff, 0xff, 0xb8, 0xc0, 0xff, 0xff, 0xb8, 0xc0, 0xff, 0xff, 0xb8, 0xc0, 0xff, 0xff,
0xb8, 0xc0, 0xff, 0xff, 0xb8, 0xc0, 0xff, 0xff, 0xb8, 0xc0, 0xff, 0xff, 0xb8, 0xc0, 0xff, 0xff,
0xb8, 0xc0, 0xff, 0xff, 0xb8, 0xc0, 0xff, 0xff, 0xb8, 0xc0, 0xff, 0xff, 0xb8, 0xc0, 0xff, 0xff,
0xb8, 0xc0, 0xff, 0xff, 0xb8, 0xc0, 0xff, 0xff, 0xb8, 0xc0, 0xff, 0xff, 0xb8, 0xc0, 0xff, 0xff,
0xb8, 0xc0, 0xff, 0xff, 0xb8, 0xc0, 0xff, 0xff, 0xb8, 0xc0, 0xff, 0xff, 0xb8, 0xc0, 0xff, 0xff,
0xb8, 0xc0, 0xff, 0xff, 0xb8, 0xc0, 0xff, 0xf4, 0xb8, 0xc0, 0xff, 0x39, 0xb8, 0xc0, 0xff, 0x00,
0x00, 0x00, 0x00, 0x00, 0x00, 0x00, 0x00, 0x00, 0x00, 0x00, 0x00, 0x00, 0x00, 0x00, 0x00, 0x00,
0x00, 0x00, 0x00, 0x00, 0x00, 0x00, 0x00, 0x00, 0x00, 0x00, 0x00, 0x00, 0x00, 0x00, 0x00, 0x00,
0xd0, 0xd9, 0xff, 0x00, 0xd0, 0xd9, 0xff, 0x00, 0xd0, 0xd9, 0xff, 0x7a, 0xd0, 0xd9, 0xff, 0xff,
0xd0, 0xd9, 0xff, 0xff, 0xd0, 0xd9, 0xff, 0xff, 0xd0, 0xd9, 0xff, 0xff, 0xd0, 0xd9, 0xff, 0xff,
0xd0, 0xd9, 0xff, 0xff, 0xd0, 0xd9, 0xff, 0xff, 0xd0, 0xd9, 0xff, 0xff, 0xd0, 0xd9, 0xff, 0xff,
0xd0, 0xd9, 0xff, 0xff, 0xd0, 0xd9, 0xff, 0xff, 0xd0, 0xd9, 0xff, 0xff, 0xd0, 0xd9, 0xff, 0xff,
0xd1, 0xda, 0xff, 0xff, 0xcd, 0xd6, 0xff, 0xff, 0xbb, 0xc3, 0xff, 0xff, 0xb8, 0xc0, 0xff, 0xff,
0xb8, 0xc0, 0xff, 0xff, 0xb8, 0xc0, 0xff, 0xff, 0xb8, 0xc0, 0xff, 0xff, 0xb8, 0xc0, 0xff, 0xff,
0xb8, 0xc0, 0xff, 0xff, 0xb8, 0xc0, 0xff, 0xff, 0xb8, 0xc0, 0xff, 0xff, 0xb8, 0xc0, 0xff, 0xff,
0xb8, 0xc0, 0xff, 0xff, 0xb8, 0xc0, 0xff, 0xff, 0xb8, 0xc0, 0xff, 0xff, 0xb8, 0xc0, 0xff, 0xff,
0xb8, 0xc0, 0xff, 0xff, 0xb8, 0xc0, 0xff, 0xff, 0xb8, 0xc0, 0xff, 0xff, 0xb8, 0xc0, 0xff, 0xff,
0xb8, 0xc0, 0xff, 0xff, 0xb8, 0xc0, 0xff, 0xff, 0xb8, 0xc0, 0xff, 0xff, 0xb8, 0xc0, 0xff, 0xff,
0xb8, 0xc0, 0xff, 0xff, 0xb8, 0xc0, 0xff, 0xff, 0xb8, 0xc0, 0xff, 0xff, 0xb8, 0xc0, 0xff, 0xff,
0xb8, 0xc0, 0xff, 0xff, 0xb8, 0xc0, 0xff, 0xff, 0xb8, 0xc0, 0xff, 0xff, 0xb8, 0xc0, 0xff, 0xff,
0xb8, 0xc0, 0xff, 0xff, 0xb8, 0xc0, 0xff, 0xff, 0xb8, 0xc0, 0xff, 0xff, 0xb8, 0xc0, 0xff, 0xff,
0xb7, 0xbf, 0xff, 0xff, 0xb8, 0xc0, 0xff, 0xff, 0xbb, 0xc3, 0xff, 0xff, 0xbb, 0xc3, 0xff, 0xff,
0xb8, 0xc0, 0xff, 0xff, 0xb7, 0xbf, 0xff, 0xff, 0xb8, 0xc0, 0xff, 0xff, 0xb8, 0xc0, 0xff, 0xff,
0xb8, 0xc0, 0xff, 0xff, 0xb8, 0xc0, 0xff, 0xff, 0xb8, 0xc0, 0xff, 0xff, 0xb8, 0xc0, 0xff, 0xff,
0xb8, 0xc0, 0xff, 0xff, 0xb8, 0xc0, 0xff, 0xff, 0xb8, 0xc0, 0xff, 0xff, 0xb8, 0xc0, 0xff, 0xff,
0xb8, 0xc0, 0xff, 0xff, 0xb8, 0xc0, 0xff, 0xff, 0xb8, 0xc0, 0xff, 0xff, 0xb8, 0xc0, 0xff, 0xff,
0xb8, 0xc0, 0xff, 0xff, 0xb8, 0xc0, 0xff, 0xff, 0xb8, 0xc0, 0xff, 0xff, 0xb8, 0xc0, 0xff, 0xff,
0xb8, 0xc0, 0xff, 0xff, 0xb8, 0xc0, 0xff, 0xff, 0xb8, 0xc0, 0xff, 0xff, 0xb8, 0xc0, 0xff, 0xff,
0xb8, 0xc0, 0xff, 0xff, 0xb8, 0xc0, 0xff, 0xff, 0xb8, 0xc0, 0xff, 0xff, 0xb8, 0xc0, 0xff, 0xff,
0xb8, 0xc0, 0xff, 0xff, 0xb8, 0xc0, 0xff, 0xff, 0xb8, 0xc0, 0xff, 0xff, 0xb8, 0xc0, 0xff, 0xff,
0xb8, 0xc0, 0xff, 0xff, 0xb8, 0xc0, 0xff, 0xff, 0xb8, 0xc0, 0xff, 0xff, 0xb8, 0xc0, 0xff, 0xff,
0xb8, 0xc0, 0xff, 0xff, 0xb8, 0xc0, 0xff, 0xff, 0xb8, 0xc0, 0xff, 0xff, 0xb8, 0xc0, 0xff, 0xff,
0xb8, 0xc0, 0xff, 0xff, 0xb8, 0xc0, 0xff, 0xff, 0xb8, 0xc0, 0xff, 0xff, 0xb8, 0xc0, 0xff, 0xff,
0xb8, 0xc0, 0xff, 0xff, 0xb8, 0xc0, 0xff, 0xff, 0xb8, 0xc0, 0xff, 0xff, 0xb8, 0xc0, 0xff, 0xff,
0xb8, 0xc0, 0xff, 0xff, 0xb8, 0xc0, 0xff, 0xff, 0xb8, 0xc0, 0xff, 0xff, 0xb8, 0xc0, 0xff, 0xff,
0xb8, 0xc0, 0xff, 0xff, 0xb8, 0xc0, 0xff, 0xff, 0xb8, 0xc0, 0xff, 0xff, 0xb8, 0xc0, 0xff, 0xff,
0xb8, 0xc0, 0xff, 0xff, 0xb8, 0xc0, 0xff, 0xff, 0xb8, 0xc0, 0xff, 0xff, 0xb8, 0xc0, 0xff, 0xff,
0xb8, 0xc0, 0xff, 0xff, 0xb8, 0xc0, 0xff, 0xf4, 0xb8, 0xc0, 0xff, 0x39, 0xb8, 0xc0, 0xff, 0x00,
0x00, 0x00, 0x00, 0x00, 0x00, 0x00, 0x00, 0x00, 0x00, 0x00, 0x00, 0x00, 0x00, 0x00, 0x00, 0x00,
0x00, 0x00, 0x00, 0x00, 0x00, 0x00, 0x00, 0x00, 0x00, 0x00, 0x00, 0x00, 0x00, 0x00, 0x00, 0x00,
0xd0, 0xd9, 0xff, 0x00, 0xd0, 0xd9, 0xff, 0x00, 0xd0, 0xd9, 0xff, 0x9e, 0xd0, 0xd9, 0xff, 0xff,
0xd0, 0xd9, 0xff, 0xff, 0xd0, 0xd9, 0xff, 0xff, 0xd0, 0xd9, 0xff, 0xff, 0xd0, 0xd9, 0xff, 0xff,
0xd0, 0xd9, 0xff, 0xff, 0xd0, 0xd9, 0xff, 0xff, 0xd0, 0xd9, 0xff, 0xff, 0xd0, 0xd9, 0xff, 0xff,
0xd0, 0xd9, 0xff, 0xff, 0xd0, 0xd9, 0xff, 0xff, 0xd0, 0xd9, 0xff, 0xff, 0xd0, 0xd9, 0xff, 0xff,
0xd1, 0xda, 0xff, 0xff, 0xcd, 0xd6, 0xff, 0xff, 0xbb, 0xc3, 0xff, 0xff, 0xb8, 0xc0, 0xff, 0xff,
0xb8, 0xc0, 0xff, 0xff, 0xb8, 0xc0, 0xff, 0xff, 0xb8, 0xc0, 0xff, 0xff, 0xb8, 0xc0, 0xff, 0xff,
0xb8, 0xc0, 0xff, 0xff, 0xb8, 0xc0, 0xff, 0xff, 0xb8, 0xc0, 0xff, 0xff, 0xb8, 0xc0, 0xff, 0xff,
0xb8, 0xc0, 0xff, 0xff, 0xb8, 0xc0, 0xff, 0xff, 0xb8, 0xc0, 0xff, 0xff, 0xb8, 0xc0, 0xff, 0xff,
0xb8, 0xc0, 0xff, 0xff, 0xb8, 0xc0, 0xff, 0xff, 0xb8, 0xc0, 0xff, 0xff, 0xb8, 0xc0, 0xff, 0xff,
0xb8, 0xc0, 0xff, 0xff, 0xb8, 0xc0, 0xff, 0xff, 0xb8, 0xc0, 0xff, 0xff, 0xb8, 0xc0, 0xff, 0xff,
0xb8, 0xc0, 0xff, 0xff, 0xb8, 0xc0, 0xff, 0xff, 0xb8, 0xc0, 0xff, 0xff, 0xb8, 0xc0, 0xff, 0xff,
0xb8, 0xc0, 0xff, 0xff, 0xb8, 0xc0, 0xff, 0xff, 0xb8, 0xc0, 0xff, 0xff, 0xb8, 0xc0, 0xff, 0xff,
0xb8, 0xc0, 0xff, 0xff, 0xb8, 0xc0, 0xff, 0xff, 0xb8, 0xc0, 0xff, 0xff, 0xba, 0xc2, 0xff, 0xff,
0xcc, 0xd2, 0xff, 0xff, 0xe3, 0xe6, 0xff, 0xff, 0xee, 0xf0, 0xff, 0xff, 0xef, 0xf1, 0xff, 0xff,
0xe3, 0xe6, 0xff, 0xff, 0xce, 0xd4, 0xff, 0xff, 0xbc, 0xc4, 0xff, 0xff, 0xb7, 0xbf, 0xff, 0xff,
0xb8, 0xc0, 0xff, 0xff, 0xb8, 0xc0, 0xff, 0xff, 0xb8, 0xc0, 0xff, 0xff, 0xb8, 0xc0, 0xff, 0xff,
0xb8, 0xc0, 0xff, 0xff, 0xb8, 0xc0, 0xff, 0xff, 0xb8, 0xc0, 0xff, 0xff, 0xb8, 0xc0, 0xff, 0xff,
0xb8, 0xc0, 0xff, 0xff, 0xb8, 0xc0, 0xff, 0xff, 0xb8, 0xc0, 0xff, 0xff, 0xb8, 0xc0, 0xff, 0xff,
0xb8, 0xc0, 0xff, 0xff, 0xb8, 0xc0, 0xff, 0xff, 0xb8, 0xc0, 0xff, 0xff, 0xb8, 0xc0, 0xff, 0xff,
0xb8, 0xc0, 0xff, 0xff, 0xb8, 0xc0, 0xff, 0xff, 0xb8, 0xc0, 0xff, 0xff, 0xb8, 0xc0, 0xff, 0xff,
0xb8, 0xc0, 0xff, 0xff, 0xb8, 0xc0, 0xff, 0xff, 0xb8, 0xc0, 0xff, 0xff, 0xb8, 0xc0, 0xff, 0xff,
0xb8, 0xc0, 0xff, 0xff, 0xb8, 0xc0, 0xff, 0xff, 0xb8, 0xc0, 0xff, 0xff, 0xb8, 0xc0, 0xff, 0xff,
0xb8, 0xc0, 0xff, 0xff, 0xb8, 0xc0, 0xff, 0xff, 0xb8, 0xc0, 0xff, 0xff, 0xb8, 0xc0, 0xff, 0xff,
0xb8, 0xc0, 0xff, 0xff, 0xb8, 0xc0, 0xff, 0xff, 0xb8, 0xc0, 0xff, 0xff, 0xb8, 0xc0, 0xff, 0xff,
0xb8, 0xc0, 0xff, 0xff, 0xb8, 0xc0, 0xff, 0xff, 0xb8, 0xc0, 0xff, 0xff, 0xb8, 0xc0, 0xff, 0xff,
0xb8, 0xc0, 0xff, 0xff, 0xb8, 0xc0, 0xff, 0xff, 0xb8, 0xc0, 0xff, 0xff, 0xb8, 0xc0, 0xff, 0xff,
0xb8, 0xc0, 0xff, 0xff, 0xb8, 0xc0, 0xff, 0xff, 0xb8, 0xc0, 0xff, 0xff, 0xb8, 0xc0, 0xff, 0xff,
0xb8, 0xc0, 0xff, 0xff, 0xb8, 0xc0, 0xff, 0xff, 0xb8, 0xc0, 0xff, 0xff, 0xb8, 0xc0, 0xff, 0xff,
0xb8, 0xc0, 0xff, 0xff, 0xb8, 0xc0, 0xff, 0xff, 0xb8, 0xc0, 0xff, 0xff, 0xb8, 0xc0, 0xff, 0xff,
0xb8, 0xc0, 0xff, 0xff, 0xb8, 0xc0, 0xff, 0xf4, 0xb8, 0xc0, 0xff, 0x39, 0xb8, 0xc0, 0xff, 0x00,
0x00, 0x00, 0x00, 0x00, 0x00, 0x00, 0x00, 0x00, 0x00, 0x00, 0x00, 0x00, 0x00, 0x00, 0x00, 0x00,
0x00, 0x00, 0x00, 0x00, 0x00, 0x00, 0x00, 0x00, 0x00, 0x00, 0x00, 0x00, 0x00, 0x00, 0x00, 0x00,
0xd0, 0xd9, 0xff, 0x00, 0xd0, 0xd9, 0xff, 0x06, 0xd0, 0xd9, 0xff, 0xb6, 0xd0, 0xd9, 0xff, 0xff,
0xd0, 0xd9, 0xff, 0xff, 0xd0, 0xd9, 0xff, 0xff, 0xd0, 0xd9, 0xff, 0xff, 0xd0, 0xd9, 0xff, 0xff,
0xd0, 0xd9, 0xff, 0xff, 0xd0, 0xd9, 0xff, 0xff, 0xd0, 0xd9, 0xff, 0xff, 0xd0, 0xd9, 0xff, 0xff,
0xd0, 0xd9, 0xff, 0xff, 0xd0, 0xd9, 0xff, 0xff, 0xd0, 0xd9, 0xff, 0xff, 0xd0, 0xd9, 0xff, 0xff,
0xd1, 0xda, 0xff, 0xff, 0xcd, 0xd6, 0xff, 0xff, 0xbb, 0xc3, 0xff, 0xff, 0xb8, 0xc0, 0xff, 0xff,
0xb8, 0xc0, 0xff, 0xff, 0xb8, 0xc0, 0xff, 0xff, 0xb8, 0xc0, 0xff, 0xff, 0xb8, 0xc0, 0xff, 0xff,
0xb8, 0xc0, 0xff, 0xff, 0xb8, 0xc0, 0xff, 0xff, 0xb8, 0xc0, 0xff, 0xff, 0xb8, 0xc0, 0xff, 0xff,
0xb8, 0xc0, 0xff, 0xff, 0xb8, 0xc0, 0xff, 0xff, 0xb8, 0xc0, 0xff, 0xff, 0xb8, 0xc0, 0xff, 0xff,
0xb8, 0xc0, 0xff, 0xff, 0xb8, 0xc0, 0xff, 0xff, 0xb8, 0xc0, 0xff, 0xff, 0xb8, 0xc0, 0xff, 0xff,
0xb8, 0xc0, 0xff, 0xff, 0xb8, 0xc0, 0xff, 0xff, 0xb8, 0xc0, 0xff, 0xff, 0xb8, 0xc0, 0xff, 0xff,
0xb8, 0xc0, 0xff, 0xff, 0xb8, 0xc0, 0xff, 0xff, 0xb8, 0xc0, 0xff, 0xff, 0xb8, 0xc0, 0xff, 0xff,
0xb8, 0xc0, 0xff, 0xff, 0xb8, 0xc0, 0xff, 0xff, 0xb8, 0xc0, 0xff, 0xff, 0xb8, 0xc0, 0xff, 0xff,
0xb8, 0xc0, 0xff, 0xff, 0xb8, 0xc0, 0xff, 0xff, 0xbd, 0xc5, 0xff, 0xff, 0xe1, 0xe4, 0xff, 0xff,
0xfc, 0xfd, 0xff, 0xff, 0xff, 0xff, 0xff, 0xff, 0xff, 0xff, 0xff, 0xff, 0xff, 0xff, 0xff, 0xff,
0xff, 0xff, 0xff, 0xff, 0xfd, 0xfe, 0xff, 0xff, 0xed, 0xf0, 0xff, 0xff, 0xd1, 0xd6, 0xff, 0xff,
0xbc, 0xc4, 0xff, 0xff, 0xb7, 0xbf, 0xff, 0xff, 0xb8, 0xc0, 0xff, 0xff, 0xb8, 0xc0, 0xff, 0xff,
0xb8, 0xc0, 0xff, 0xff, 0xb8, 0xc0, 0xff, 0xff, 0xb8, 0xc0, 0xff, 0xff, 0xb8, 0xc0, 0xff, 0xff,
0xb8, 0xc0, 0xff, 0xff, 0xb8, 0xc0, 0xff, 0xff, 0xb8, 0xc0, 0xff, 0xff, 0xb8, 0xc0, 0xff, 0xff,
0xb8, 0xc0, 0xff, 0xff, 0xb8, 0xc0, 0xff, 0xff, 0xb8, 0xc0, 0xff, 0xff, 0xb8, 0xc0, 0xff, 0xff,
0xb8, 0xc0, 0xff, 0xff, 0xb8, 0xc0, 0xff, 0xff, 0xb8, 0xc0, 0xff, 0xff, 0xb8, 0xc0, 0xff, 0xff,
0xb8, 0xc0, 0xff, 0xff, 0xb8, 0xc0, 0xff, 0xff, 0xb8, 0xc0, 0xff, 0xff, 0xb8, 0xc0, 0xff, 0xff,
0xb8, 0xc0, 0xff, 0xff, 0xb8, 0xc0, 0xff, 0xff, 0xb8, 0xc0, 0xff, 0xff, 0xb8, 0xc0, 0xff, 0xff,
0xb8, 0xc0, 0xff, 0xff, 0xb8, 0xc0, 0xff, 0xff, 0xb8, 0xc0, 0xff, 0xff, 0xb8, 0xc0, 0xff, 0xff,
0xb8, 0xc0, 0xff, 0xff, 0xb8, 0xc0, 0xff, 0xff, 0xb8, 0xc0, 0xff, 0xff, 0xb8, 0xc0, 0xff, 0xff,
0xb8, 0xc0, 0xff, 0xff, 0xb8, 0xc0, 0xff, 0xff, 0xb8, 0xc0, 0xff, 0xff, 0xb8, 0xc0, 0xff, 0xff,
0xb8, 0xc0, 0xff, 0xff, 0xb8, 0xc0, 0xff, 0xff, 0xb8, 0xc0, 0xff, 0xff, 0xb8, 0xc0, 0xff, 0xff,
0xb8, 0xc0, 0xff, 0xff, 0xb8, 0xc0, 0xff, 0xff, 0xb8, 0xc0, 0xff, 0xff, 0xb8, 0xc0, 0xff, 0xff,
0xb8, 0xc0, 0xff, 0xff, 0xb8, 0xc0, 0xff, 0xff, 0xb8, 0xc0, 0xff, 0xff, 0xb8, 0xc0, 0xff, 0xff,
0xb8, 0xc0, 0xff, 0xff, 0xb8, 0xc0, 0xff, 0xff, 0xb8, 0xc0, 0xff, 0xff, 0xb8, 0xc0, 0xff, 0xff,
0xb8, 0xc0, 0xff, 0xff, 0xb8, 0xc0, 0xff, 0xf4, 0xb8, 0xc0, 0xff, 0x39, 0xb8, 0xc0, 0xff, 0x00,
0x00, 0x00, 0x00, 0x00, 0x00, 0x00, 0x00, 0x00, 0x00, 0x00, 0x00, 0x00, 0x00, 0x00, 0x00, 0x00,
0x00, 0x00, 0x00, 0x00, 0x00, 0x00, 0x00, 0x00, 0x00, 0x00, 0x00, 0x00, 0x00, 0x00, 0x00, 0x00,
0xd0, 0xd9, 0xff, 0x00, 0xd0, 0xd9, 0xff, 0x0c, 0xd0, 0xd9, 0xff, 0xc7, 0xd0, 0xd9, 0xff, 0xff,
0xd0, 0xd9, 0xff, 0xff, 0xd0, 0xd9, 0xff, 0xff, 0xd0, 0xd9, 0xff, 0xff, 0xd0, 0xd9, 0xff, 0xff,
0xd0, 0xd9, 0xff, 0xff, 0xd0, 0xd9, 0xff, 0xff, 0xd0, 0xd9, 0xff, 0xff, 0xd0, 0xd9, 0xff, 0xff,
0xd0, 0xd9, 0xff, 0xff, 0xd0, 0xd9, 0xff, 0xff, 0xd0, 0xd9, 0xff, 0xff, 0xd0, 0xd9, 0xff, 0xff,
0xd1, 0xda, 0xff, 0xff, 0xcd, 0xd6, 0xff, 0xff, 0xbb, 0xc3, 0xff, 0xff, 0xb8, 0xc0, 0xff, 0xff,
0xb8, 0xc0, 0xff, 0xff, 0xb8, 0xc0, 0xff, 0xff, 0xb8, 0xc0, 0xff, 0xff, 0xb8, 0xc0, 0xff, 0xff,
0xb8, 0xc0, 0xff, 0xff, 0xb8, 0xc0, 0xff, 0xff, 0xb8, 0xc0, 0xff, 0xff, 0xb8, 0xc0, 0xff, 0xff,
0xb8, 0xc0, 0xff, 0xff, 0xb8, 0xc0, 0xff, 0xff, 0xb8, 0xc0, 0xff, 0xff, 0xb8, 0xc0, 0xff, 0xff,
0xb8, 0xc0, 0xff, 0xff, 0xb8, 0xc0, 0xff, 0xff, 0xb8, 0xc0, 0xff, 0xff, 0xb8, 0xc0, 0xff, 0xff,
0xb8, 0xc0, 0xff, 0xff, 0xb8, 0xc0, 0xff, 0xff, 0xb8, 0xc0, 0xff, 0xff, 0xb8, 0xc0, 0xff, 0xff,
0xb8, 0xc0, 0xff, 0xff, 0xb8, 0xc0, 0xff, 0xff, 0xb8, 0xc0, 0xff, 0xff, 0xb8, 0xc0, 0xff, 0xff,
0xb8, 0xc0, 0xff, 0xff, 0xb8, 0xc0, 0xff, 0xff, 0xb8, 0xc0, 0xff, 0xff, 0xb8, 0xc0, 0xff, 0xff,
0xb8, 0xc0, 0xff, 0xff, 0xba, 0xc2, 0xff, 0xff, 0xe1, 0xe5, 0xff, 0xff, 0xff, 0xff, 0xff, 0xff,
0xff, 0xff, 0xff, 0xff, 0xff, 0xff, 0xff, 0xff, 0xff, 0xff, 0xff, 0xff, 0xff, 0xff, 0xff, 0xff,
0xff, 0xff, 0xff, 0xff, 0xff, 0xff, 0xff, 0xff, 0xff, 0xff, 0xff, 0xff, 0xfe, 0xfe, 0xff, 0xff,
0xec, 0xef, 0xff, 0xff, 0xce, 0xd4, 0xff, 0xff, 0xbb, 0xc2, 0xff, 0xff, 0xb7, 0xbf, 0xff, 0xff,
0xb8, 0xc0, 0xff, 0xff, 0xb8, 0xc0, 0xff, 0xff, 0xb8, 0xc0, 0xff, 0xff, 0xb8, 0xc0, 0xff, 0xff,
0xb8, 0xc0, 0xff, 0xff, 0xb8, 0xc0, 0xff, 0xff, 0xb8, 0xc0, 0xff, 0xff, 0xb8, 0xc0, 0xff, 0xff,
0xb8, 0xc0, 0xff, 0xff, 0xb8, 0xc0, 0xff, 0xff, 0xb8, 0xc0, 0xff, 0xff, 0xb8, 0xc0, 0xff, 0xff,
0xb8, 0xc0, 0xff, 0xff, 0xb8, 0xc0, 0xff, 0xff, 0xb8, 0xc0, 0xff, 0xff, 0xb8, 0xc0, 0xff, 0xff,
0xb8, 0xc0, 0xff, 0xff, 0xb8, 0xc0, 0xff, 0xff, 0xb8, 0xc0, 0xff, 0xff, 0xb8, 0xc0, 0xff, 0xff,
0xb8, 0xc0, 0xff, 0xff, 0xb8, 0xc0, 0xff, 0xff, 0xb8, 0xc0, 0xff, 0xff, 0xb8, 0xc0, 0xff, 0xff,
0xb8, 0xc0, 0xff, 0xff, 0xb8, 0xc0, 0xff, 0xff, 0xb8, 0xc0, 0xff, 0xff, 0xb8, 0xc0, 0xff, 0xff,
0xb8, 0xc0, 0xff, 0xff, 0xb8, 0xc0, 0xff, 0xff, 0xb8, 0xc0, 0xff, 0xff, 0xb8, 0xc0, 0xff, 0xff,
0xb8, 0xc0, 0xff, 0xff, 0xb8, 0xc0, 0xff, 0xff, 0xb8, 0xc0, 0xff, 0xff, 0xb8, 0xc0, 0xff, 0xff,
0xb8, 0xc0, 0xff, 0xff, 0xb8, 0xc0, 0xff, 0xff, 0xb8, 0xc0, 0xff, 0xff, 0xb8, 0xc0, 0xff, 0xff,
0xb8, 0xc0, 0xff, 0xff, 0xb8, 0xc0, 0xff, 0xff, 0xb8, 0xc0, 0xff, 0xff, 0xb8, 0xc0, 0xff, 0xff,
0xb8, 0xc0, 0xff, 0xff, 0xb8, 0xc0, 0xff, 0xff, 0xb8, 0xc0, 0xff, 0xff, 0xb8, 0xc0, 0xff, 0xff,
0xb8, 0xc0, 0xff, 0xff, 0xb8, 0xc0, 0xff, 0xff, 0xb8, 0xc0, 0xff, 0xff, 0xb8, 0xc0, 0xff, 0xff,
0xb8, 0xc0, 0xff, 0xff, 0xb8, 0xc0, 0xff, 0xf4, 0xb8, 0xc0, 0xff, 0x39, 0xb8, 0xc0, 0xff, 0x00,
0x00, 0x00, 0x00, 0x00, 0x00, 0x00, 0x00, 0x00, 0x00, 0x00, 0x00, 0x00, 0x00, 0x00, 0x00, 0x00,
0x00, 0x00, 0x00, 0x00, 0x00, 0x00, 0x00, 0x00, 0x00, 0x00, 0x00, 0x00, 0x00, 0x00, 0x00, 0x00,
0xd0, 0xd9, 0xff, 0x00, 0xd0, 0xd9, 0xff, 0x10, 0xd0, 0xd9, 0xff, 0xcd, 0xd0, 0xd9, 0xff, 0xff,
0xd0, 0xd9, 0xff, 0xff, 0xd0, 0xd9, 0xff, 0xff, 0xd0, 0xd9, 0xff, 0xff, 0xd0, 0xd9, 0xff, 0xff,
0xd0, 0xd9, 0xff, 0xff, 0xd0, 0xd9, 0xff, 0xff, 0xd0, 0xd9, 0xff, 0xff, 0xd0, 0xd9, 0xff, 0xff,
0xd0, 0xd9, 0xff, 0xff, 0xd0, 0xd9, 0xff, 0xff, 0xd0, 0xd9, 0xff, 0xff, 0xd0, 0xd9, 0xff, 0xff,
0xd1, 0xda, 0xff, 0xff, 0xcd, 0xd6, 0xff, 0xff, 0xbb, 0xc3, 0xff, 0xff, 0xb8, 0xc0, 0xff, 0xff,
0xb8, 0xc0, 0xff, 0xff, 0xb8, 0xc0, 0xff, 0xff, 0xb8, 0xc0, 0xff, 0xff, 0xb8, 0xc0, 0xff, 0xff,
0xb8, 0xc0, 0xff, 0xff, 0xb8, 0xc0, 0xff, 0xff, 0xb8, 0xc0, 0xff, 0xff, 0xb8, 0xc0, 0xff, 0xff,
0xb8, 0xc0, 0xff, 0xff, 0xb8, 0xc0, 0xff, 0xff, 0xb8, 0xc0, 0xff, 0xff, 0xb8, 0xc0, 0xff, 0xff,
0xb8, 0xc0, 0xff, 0xff, 0xb8, 0xc0, 0xff, 0xff, 0xb8, 0xc0, 0xff, 0xff, 0xb8, 0xc0, 0xff, 0xff,
0xb8, 0xc0, 0xff, 0xff, 0xb8, 0xc0, 0xff, 0xff, 0xb8, 0xc0, 0xff, 0xff, 0xb8, 0xc0, 0xff, 0xff,
0xb8, 0xc0, 0xff, 0xff, 0xb8, 0xc0, 0xff, 0xff, 0xb8, 0xc0, 0xff, 0xff, 0xb8, 0xc0, 0xff, 0xff,
0xb8, 0xc0, 0xff, 0xff, 0xb8, 0xc0, 0xff, 0xff, 0xb8, 0xc0, 0xff, 0xff, 0xb8, 0xc0, 0xff, 0xff,
0xb7, 0xbf, 0xff, 0xff, 0xcd, 0xd2, 0xff, 0xff, 0xfc, 0xfd, 0xff, 0xff, 0xff, 0xff, 0xff, 0xff,
0xff, 0xff, 0xff, 0xff, 0xff, 0xff, 0xff, 0xff, 0xff, 0xff, 0xff, 0xff, 0xff, 0xff, 0xff, 0xff,
0xff, 0xff, 0xff, 0xff, 0xff, 0xff, 0xff, 0xff, 0xff, 0xff, 0xff, 0xff, 0xff, 0xff, 0xff, 0xff,
0xff, 0xff, 0xff, 0xff, 0xfc, 0xfd, 0xff, 0xff, 0xe8, 0xeb, 0xff, 0xff, 0xca, 0xd0, 0xff, 0xff,
0xb9, 0xc1, 0xff, 0xff, 0xb7, 0xc0, 0xff, 0xff, 0xb8, 0xc0, 0xff, 0xff, 0xb8, 0xc0, 0xff, 0xff,
0xb8, 0xc0, 0xff, 0xff, 0xb8, 0xc0, 0xff, 0xff, 0xb8, 0xc0, 0xff, 0xff, 0xb8, 0xc0, 0xff, 0xff,
0xb8, 0xc0, 0xff, 0xff, 0xb8, 0xc0, 0xff, 0xff, 0xb8, 0xc0, 0xff, 0xff, 0xb8, 0xc0, 0xff, 0xff,
0xb8, 0xc0, 0xff, 0xff, 0xb8, 0xc0, 0xff, 0xff, 0xb8, 0xc0, 0xff, 0xff, 0xb8, 0xc0, 0xff, 0xff,
0xb8, 0xc0, 0xff, 0xff, 0xb8, 0xc0, 0xff, 0xff, 0xb8, 0xc0, 0xff, 0xff, 0xb8, 0xc0, 0xff, 0xff,
0xb8, 0xc0, 0xff, 0xff, 0xb8, 0xc0, 0xff, 0xff, 0xb8, 0xc0, 0xff, 0xff, 0xb8, 0xc0, 0xff, 0xff,
0xb8, 0xc0, 0xff, 0xff, 0xb8, 0xc0, 0xff, 0xff, 0xb8, 0xc0, 0xff, 0xff, 0xb8, 0xc0, 0xff, 0xff,
0xb8, 0xc0, 0xff, 0xff, 0xb8, 0xc0, 0xff, 0xff, 0xb8, 0xc0, 0xff, 0xff, 0xb8, 0xc0, 0xff, 0xff,
0xb8, 0xc0, 0xff, 0xff, 0xb8, 0xc0, 0xff, 0xff, 0xb8, 0xc0, 0xff, 0xff, 0xb8, 0xc0, 0xff, 0xff,
0xb8, 0xc0, 0xff, 0xff, 0xb8, 0xc0, 0xff, 0xff, 0xb8, 0xc0, 0xff, 0xff, 0xb8, 0xc0, 0xff, 0xff,
0xb8, 0xc0, 0xff, 0xff, 0xb8, 0xc0, 0xff, 0xff, 0xb8, 0xc0, 0xff, 0xff, 0xb8, 0xc0, 0xff, 0xff,
0xb8, 0xc0, 0xff, 0xff, 0xb8, 0xc0, 0xff, 0xff, 0xb8, 0xc0, 0xff, 0xff, 0xb8, 0xc0, 0xff, 0xff,
0xb8, 0xc0, 0xff, 0xff, 0xb8, 0xc0, 0xff, 0xff, 0xb8, 0xc0, 0xff, 0xff, 0xb8, 0xc0, 0xff, 0xff,
0xb8, 0xc0, 0xff, 0xff, 0xb8, 0xc0, 0xff, 0xf4, 0xb8, 0xc0, 0xff, 0x39, 0xb8, 0xc0, 0xff, 0x00,
0x00, 0x00, 0x00, 0x00, 0x00, 0x00, 0x00, 0x00, 0x00, 0x00, 0x00, 0x00, 0x00, 0x00, 0x00, 0x00,
0x00, 0x00, 0x00, 0x00, 0x00, 0x00, 0x00, 0x00, 0x00, 0x00, 0x00, 0x00, 0x00, 0x00, 0x00, 0x00,
0xd0, 0xd9, 0xff, 0x00, 0xd0, 0xd9, 0xff, 0x15, 0xd0, 0xd9, 0xff, 0xd3, 0xd0, 0xd9, 0xff, 0xff,
0xd0, 0xd9, 0xff, 0xff, 0xd0, 0xd9, 0xff, 0xff, 0xd0, 0xd9, 0xff, 0xff, 0xd0, 0xd9, 0xff, 0xff,
0xd0, 0xd9, 0xff, 0xff, 0xd0, 0xd9, 0xff, 0xff, 0xd0, 0xd9, 0xff, 0xff, 0xd0, 0xd9, 0xff, 0xff,
0xd0, 0xd9, 0xff, 0xff, 0xd0, 0xd9, 0xff, 0xff, 0xd0, 0xd9, 0xff, 0xff, 0xd0, 0xd9, 0xff, 0xff,
0xd1, 0xda, 0xff, 0xff, 0xcd, 0xd6, 0xff, 0xff, 0xbb, 0xc3, 0xff, 0xff, 0xb8, 0xc0, 0xff, 0xff,
0xb8, 0xc0, 0xff, 0xff, 0xb8, 0xc0, 0xff, 0xff, 0xb8, 0xc0, 0xff, 0xff, 0xb8, 0xc0, 0xff, 0xff,
0xb8, 0xc0, 0xff, 0xff, 0xb8, 0xc0, 0xff, 0xff, 0xb8, 0xc0, 0xff, 0xff, 0xb8, 0xc0, 0xff, 0xff,
0xb8, 0xc0, 0xff, 0xff, 0xb8, 0xc0, 0xff, 0xff, 0xb8, 0xc0, 0xff, 0xff, 0xb8, 0xc0, 0xff, 0xff,
0xb8, 0xc0, 0xff, 0xff, 0xb8, 0xc0, 0xff, 0xff, 0xb8, 0xc0, 0xff, 0xff, 0xb8, 0xc0, 0xff, 0xff,
0xb8, 0xc0, 0xff, 0xff, 0xb8, 0xc0, 0xff, 0xff, 0xb8, 0xc0, 0xff, 0xff, 0xb8, 0xc0, 0xff, 0xff,
0xb8, 0xc0, 0xff, 0xff, 0xb8, 0xc0, 0xff, 0xff, 0xb8, 0xc0, 0xff, 0xff, 0xb8, 0xc0, 0xff, 0xff,
0xb8, 0xc0, 0xff, 0xff, 0xb8, 0xc0, 0xff, 0xff, 0xb8, 0xc0, 0xff, 0xff, 0xb8, 0xc0, 0xff, 0xff,
0xb8, 0xc0, 0xff, 0xff, 0xe1, 0xe4, 0xff, 0xff, 0xff, 0xff, 0xff, 0xff, 0xff, 0xff, 0xff, 0xff,
0xff, 0xff, 0xff, 0xff, 0xff, 0xff, 0xff, 0xff, 0xff, 0xff, 0xff, 0xff, 0xff, 0xff, 0xff, 0xff,
0xff, 0xff, 0xff, 0xff, 0xff, 0xff, 0xff, 0xff, 0xff, 0xff, 0xff, 0xff, 0xff, 0xff, 0xff, 0xff,
0xff, 0xff, 0xff, 0xff, 0xff, 0xff, 0xff, 0xff, 0xff, 0xff, 0xff, 0xff, 0xfb, 0xfb, 0xff, 0xff,
0xe3, 0xe7, 0xff, 0xff, 0xc6, 0xcc, 0xff, 0xff, 0xb8, 0xc0, 0xff, 0xff, 0xb8, 0xc0, 0xff, 0xff,
0xb8, 0xc0, 0xff, 0xff, 0xb8, 0xc0, 0xff, 0xff, 0xb8, 0xc0, 0xff, 0xff, 0xb8, 0xc0, 0xff, 0xff,
0xb8, 0xc0, 0xff, 0xff, 0xb8, 0xc0, 0xff, 0xff, 0xb8, 0xc0, 0xff, 0xff, 0xb8, 0xc0, 0xff, 0xff,
0xb8, 0xc0, 0xff, 0xff, 0xb8, 0xc0, 0xff, 0xff, 0xb8, 0xc0, 0xff, 0xff, 0xb8, 0xc0, 0xff, 0xff,
0xb8, 0xc0, 0xff, 0xff, 0xb8, 0xc0, 0xff, 0xff, 0xb8, 0xc0, 0xff, 0xff, 0xb8, 0xc0, 0xff, 0xff,
0xb8, 0xc0, 0xff, 0xff, 0xb8, 0xc0, 0xff, 0xff, 0xb8, 0xc0, 0xff, 0xff, 0xb8, 0xc0, 0xff, 0xff,
0xb8, 0xc0, 0xff, 0xff, 0xb8, 0xc0, 0xff, 0xff, 0xb8, 0xc0, 0xff, 0xff, 0xb8, 0xc0, 0xff, 0xff,
0xb8, 0xc0, 0xff, 0xff, 0xb8, 0xc0, 0xff, 0xff, 0xb8, 0xc0, 0xff, 0xff, 0xb8, 0xc0, 0xff, 0xff,
0xb8, 0xc0, 0xff, 0xff, 0xb8, 0xc0, 0xff, 0xff, 0xb8, 0xc0, 0xff, 0xff, 0xb8, 0xc0, 0xff, 0xff,
0xb8, 0xc0, 0xff, 0xff, 0xb8, 0xc0, 0xff, 0xff, 0xb8, 0xc0, 0xff, 0xff, 0xb8, 0xc0, 0xff, 0xff,
0xb8, 0xc0, 0xff, 0xff, 0xb8, 0xc0, 0xff, 0xff, 0xb8, 0xc0, 0xff, 0xff, 0xb8, 0xc0, 0xff, 0xff,
0xb8, 0xc0, 0xff, 0xff, 0xb8, 0xc0, 0xff, 0xff, 0xb8, 0xc0, 0xff, 0xff, 0xb8, 0xc0, 0xff, 0xff,
0xb8, 0xc0, 0xff, 0xff, 0xb8, 0xc0, 0xff, 0xff, 0xb8, 0xc0, 0xff, 0xff, 0xb8, 0xc0, 0xff, 0xff,
0xb8, 0xc0, 0xff, 0xff, 0xb8, 0xc0, 0xff, 0xf4, 0xb8, 0xc0, 0xff, 0x39, 0xb8, 0xc0, 0xff, 0x00,
0x00, 0x00, 0x00, 0x00, 0x00, 0x00, 0x00, 0x00, 0x00, 0x00, 0x00, 0x00, 0x00, 0x00, 0x00, 0x00,
0x00, 0x00, 0x00, 0x00, 0x00, 0x00, 0x00, 0x00, 0x00, 0x00, 0x00, 0x00, 0x00, 0x00, 0x00, 0x00,
0xd0, 0xd9, 0xff, 0x00, 0xd0, 0xd9, 0xff, 0x18, 0xd0, 0xd9, 0xff, 0xd9, 0xd0, 0xd9, 0xff, 0xff,
0xd0, 0xd9, 0xff, 0xff, 0xd0, 0xd9, 0xff, 0xff, 0xd0, 0xd9, 0xff, 0xff, 0xd0, 0xd9, 0xff, 0xff,
0xd0, 0xd9, 0xff, 0xff, 0xd0, 0xd9, 0xff, 0xff, 0xd0, 0xd9, 0xff, 0xff, 0xd0, 0xd9, 0xff, 0xff,
0xd0, 0xd9, 0xff, 0xff, 0xd0, 0xd9, 0xff, 0xff, 0xd0, 0xd9, 0xff, 0xff, 0xd0, 0xd9, 0xff, 0xff,
0xd1, 0xda, 0xff, 0xff, 0xcd, 0xd6, 0xff, 0xff, 0xbb, 0xc3, 0xff, 0xff, 0xb8, 0xc0, 0xff, 0xff,
0xb8, 0xc0, 0xff, 0xff, 0xb8, 0xc0, 0xff, 0xff, 0xb8, 0xc0, 0xff, 0xff, 0xb8, 0xc0, 0xff, 0xff,
0xb8, 0xc0, 0xff, 0xff, 0xb8, 0xc0, 0xff, 0xff, 0xb8, 0xc0, 0xff, 0xff, 0xb8, 0xc0, 0xff, 0xff,
0xb8, 0xc0, 0xff, 0xff, 0xb8, 0xc0, 0xff, 0xff, 0xb8, 0xc0, 0xff, 0xff, 0xb8, 0xc0, 0xff, 0xff,
0xb8, 0xc0, 0xff, 0xff, 0xb8, 0xc0, 0xff, 0xff, 0xb8, 0xc0, 0xff, 0xff, 0xb8, 0xc0, 0xff, 0xff,
0xb8, 0xc0, 0xff, 0xff, 0xb8, 0xc0, 0xff, 0xff, 0xb8, 0xc0, 0xff, 0xff, 0xb8, 0xc0, 0xff, 0xff,
0xb8, 0xc0, 0xff, 0xff, 0xb8, 0xc0, 0xff, 0xff, 0xb8, 0xc0, 0xff, 0xff, 0xb8, 0xc0, 0xff, 0xff,
0xb8, 0xc0, 0xff, 0xff, 0xb8, 0xc0, 0xff, 0xff, 0xb8, 0xc0, 0xff, 0xff, 0xb8, 0xc0, 0xff, 0xff,
0xba, 0xc2, 0xff, 0xff, 0xeb, 0xed, 0xff, 0xff, 0xff, 0xff, 0xff, 0xff, 0xff, 0xff, 0xff, 0xff,
0xff, 0xff, 0xff, 0xff, 0xff, 0xff, 0xff, 0xff, 0xff, 0xff, 0xff, 0xff, 0xff, 0xff, 0xff, 0xff,
0xff, 0xff, 0xff, 0xff, 0xff, 0xff, 0xff, 0xff, 0xff, 0xff, 0xff, 0xff, 0xff, 0xff, 0xff, 0xff,
0xff, 0xff, 0xff, 0xff, 0xff, 0xff, 0xff, 0xff, 0xff, 0xff, 0xff, 0xff, 0xff, 0xff, 0xff, 0xff,
0xff, 0xff, 0xff, 0xff, 0xf8, 0xf9, 0xff, 0xff, 0xde, 0xe2, 0xff, 0xff, 0xc2, 0xc9, 0xff, 0xff,
0xb8, 0xc0, 0xff, 0xff, 0xb8, 0xc0, 0xff, 0xff, 0xb8, 0xc0, 0xff, 0xff, 0xb8, 0xc0, 0xff, 0xff,
0xb8, 0xc0, 0xff, 0xff, 0xb8, 0xc0, 0xff, 0xff, 0xb8, 0xc0, 0xff, 0xff, 0xb8, 0xc0, 0xff, 0xff,
0xb8, 0xc0, 0xff, 0xff, 0xb8, 0xc0, 0xff, 0xff, 0xb8, 0xc0, 0xff, 0xff, 0xb8, 0xc0, 0xff, 0xff,
0xb8, 0xc0, 0xff, 0xff, 0xb8, 0xc0, 0xff, 0xff, 0xb8, 0xc0, 0xff, 0xff, 0xb8, 0xc0, 0xff, 0xff,
0xb8, 0xc0, 0xff, 0xff, 0xb8, 0xc0, 0xff, 0xff, 0xb8, 0xc0, 0xff, 0xff, 0xb8, 0xc0, 0xff, 0xff,
0xb8, 0xc0, 0xff, 0xff, 0xb8, 0xc0, 0xff, 0xff, 0xb8, 0xc0, 0xff, 0xff, 0xb8, 0xc0, 0xff, 0xff,
0xb8, 0xc0, 0xff, 0xff, 0xb8, 0xc0, 0xff, 0xff, 0xb8, 0xc0, 0xff, 0xff, 0xb8, 0xc0, 0xff, 0xff,
0xb8, 0xc0, 0xff, 0xff, 0xb8, 0xc0, 0xff, 0xff, 0xb8, 0xc0, 0xff, 0xff, 0xb8, 0xc0, 0xff, 0xff,
0xb8, 0xc0, 0xff, 0xff, 0xb8, 0xc0, 0xff, 0xff, 0xb8, 0xc0, 0xff, 0xff, 0xb8, 0xc0, 0xff, 0xff,
0xb8, 0xc0, 0xff, 0xff, 0xb8, 0xc0, 0xff, 0xff, 0xb8, 0xc0, 0xff, 0xff, 0xb8, 0xc0, 0xff, 0xff,
0xb8, 0xc0, 0xff, 0xff, 0xb8, 0xc0, 0xff, 0xff, 0xb8, 0xc0, 0xff, 0xff, 0xb8, 0xc0, 0xff, 0xff,
0xb8, 0xc0, 0xff, 0xff, 0xb8, 0xc0, 0xff, 0xff, 0xb8, 0xc0, 0xff, 0xff, 0xb8, 0xc0, 0xff, 0xff,
0xb8, 0xc0, 0xff, 0xff, 0xb8, 0xc0, 0xff, 0xf4, 0xb8, 0xc0, 0xff, 0x39, 0xb8, 0xc0, 0xff, 0x00,
0x00, 0x00, 0x00, 0x00, 0x00, 0x00, 0x00, 0x00, 0x00, 0x00, 0x00, 0x00, 0x00, 0x00, 0x00, 0x00,
0x00, 0x00, 0x00, 0x00, 0x00, 0x00, 0x00, 0x00, 0x00, 0x00, 0x00, 0x00, 0x00, 0x00, 0x00, 0x00,
0xd0, 0xd9, 0xff, 0x00, 0xd0, 0xd9, 0xff, 0x1b, 0xd0, 0xd9, 0xff, 0xdd, 0xd0, 0xd9, 0xff, 0xff,
0xd0, 0xd9, 0xff, 0xff, 0xd0, 0xd9, 0xff, 0xff, 0xd0, 0xd9, 0xff, 0xff, 0xd0, 0xd9, 0xff, 0xff,
0xd0, 0xd9, 0xff, 0xff, 0xd0, 0xd9, 0xff, 0xff, 0xd0, 0xd9, 0xff, 0xff, 0xd0, 0xd9, 0xff, 0xff,
0xd0, 0xd9, 0xff, 0xff, 0xd0, 0xd9, 0xff, 0xff, 0xd0, 0xd9, 0xff, 0xff, 0xd0, 0xd9, 0xff, 0xff,
0xd1, 0xda, 0xff, 0xff, 0xcd, 0xd6, 0xff, 0xff, 0xbb, 0xc3, 0xff, 0xff, 0xb8, 0xc0, 0xff, 0xff,
0xb8, 0xc0, 0xff, 0xff, 0xb8, 0xc0, 0xff, 0xff, 0xb8, 0xc0, 0xff, 0xff, 0xb8, 0xc0, 0xff, 0xff,
0xb8, 0xc0, 0xff, 0xff, 0xb8, 0xc0, 0xff, 0xff, 0xb8, 0xc0, 0xff, 0xff, 0xb8, 0xc0, 0xff, 0xff,
0xb8, 0xc0, 0xff, 0xff, 0xb8, 0xc0, 0xff, 0xff, 0xb8, 0xc0, 0xff, 0xff, 0xb8, 0xc0, 0xff, 0xff,
0xb8, 0xc0, 0xff, 0xff, 0xb8, 0xc0, 0xff, 0xff, 0xb8, 0xc0, 0xff, 0xff, 0xb8, 0xc0, 0xff, 0xff,
0xb8, 0xc0, 0xff, 0xff, 0xb8, 0xc0, 0xff, 0xff, 0xb8, 0xc0, 0xff, 0xff, 0xb8, 0xc0, 0xff, 0xff,
0xb8, 0xc0, 0xff, 0xff, 0xb8, 0xc0, 0xff, 0xff, 0xb8, 0xc0, 0xff, 0xff, 0xb8, 0xc0, 0xff, 0xff,
0xb8, 0xc0, 0xff, 0xff, 0xb8, 0xc0, 0xff, 0xff, 0xb8, 0xc0, 0xff, 0xff, 0xb8, 0xc0, 0xff, 0xff,
0xbc, 0xc3, 0xff, 0xff, 0xf0, 0xf2, 0xff, 0xff, 0xff, 0xff, 0xff, 0xff, 0xff, 0xff, 0xff, 0xff,
0xff, 0xff, 0xff, 0xff, 0xff, 0xff, 0xff, 0xff, 0xff, 0xff, 0xff, 0xff, 0xff, 0xff, 0xff, 0xff,
0xff, 0xff, 0xff, 0xff, 0xff, 0xff, 0xff, 0xff, 0xff, 0xff, 0xff, 0xff, 0xff, 0xff, 0xff, 0xff,
0xff, 0xff, 0xff, 0xff, 0xff, 0xff, 0xff, 0xff, 0xff, 0xff, 0xff, 0xff, 0xff, 0xff, 0xff, 0xff,
0xff, 0xff, 0xff, 0xff, 0xff, 0xff, 0xff, 0xff, 0xff, 0xff, 0xff, 0xff, 0xf5, 0xf6, 0xff, 0xff,
0xd9, 0xde, 0xff, 0xff, 0xbf, 0xc7, 0xff, 0xff, 0xb7, 0xbf, 0xff, 0xff, 0xb8, 0xc0, 0xff, 0xff,
0xb8, 0xc0, 0xff, 0xff, 0xb8, 0xc0, 0xff, 0xff, 0xb8, 0xc0, 0xff, 0xff, 0xb8, 0xc0, 0xff, 0xff,
0xb8, 0xc0, 0xff, 0xff, 0xb8, 0xc0, 0xff, 0xff, 0xb8, 0xc0, 0xff, 0xff, 0xb8, 0xc0, 0xff, 0xff,
0xb8, 0xc0, 0xff, 0xff, 0xb8, 0xc0, 0xff, 0xff, 0xb8, 0xc0, 0xff, 0xff, 0xb8, 0xc0, 0xff, 0xff,
0xb8, 0xc0, 0xff, 0xff, 0xb8, 0xc0, 0xff, 0xff, 0xb8, 0xc0, 0xff, 0xff, 0xb8, 0xc0, 0xff, 0xff,
0xb8, 0xc0, 0xff, 0xff, 0xb8, 0xc0, 0xff, 0xff, 0xb8, 0xc0, 0xff, 0xff, 0xb8, 0xc0, 0xff, 0xff,
0xb8, 0xc0, 0xff, 0xff, 0xb8, 0xc0, 0xff, 0xff, 0xb8, 0xc0, 0xff, 0xff, 0xb8, 0xc0, 0xff, 0xff,
0xb8, 0xc0, 0xff, 0xff, 0xb8, 0xc0, 0xff, 0xff, 0xb8, 0xc0, 0xff, 0xff, 0xb8, 0xc0, 0xff, 0xff,
0xb8, 0xc0, 0xff, 0xff, 0xb8, 0xc0, 0xff, 0xff, 0xb8, 0xc0, 0xff, 0xff, 0xb8, 0xc0, 0xff, 0xff,
0xb8, 0xc0, 0xff, 0xff, 0xb8, 0xc0, 0xff, 0xff, 0xb8, 0xc0, 0xff, 0xff, 0xb8, 0xc0, 0xff, 0xff,
0xb8, 0xc0, 0xff, 0xff, 0xb8, 0xc0, 0xff, 0xff, 0xb8, 0xc0, 0xff, 0xff, 0xb8, 0xc0, 0xff, 0xff,
0xb8, 0xc0, 0xff, 0xff, 0xb8, 0xc0, 0xff, 0xff, 0xb8, 0xc0, 0xff, 0xff, 0xb8, 0xc0, 0xff, 0xff,
0xb8, 0xc0, 0xff, 0xff, 0xb8, 0xc0, 0xff, 0xf4, 0xb8, 0xc0, 0xff, 0x39, 0xb8, 0xc0, 0xff, 0x00,
0x00, 0x00, 0x00, 0x00, 0x00, 0x00, 0x00, 0x00, 0x00, 0x00, 0x00, 0x00, 0x00, 0x00, 0x00, 0x00,
0x00, 0x00, 0x00, 0x00, 0x00, 0x00, 0x00, 0x00, 0x00, 0x00, 0x00, 0x00, 0x00, 0x00, 0x00, 0x00,
0xd0, 0xd9, 0xff, 0x00, 0xd0, 0xd9, 0xff, 0x1d, 0xd0, 0xd9, 0xff, 0xdf, 0xd0, 0xd9, 0xff, 0xff,
0xd0, 0xd9, 0xff, 0xff, 0xd0, 0xd9, 0xff, 0xff, 0xd0, 0xd9, 0xff, 0xff, 0xd0, 0xd9, 0xff, 0xff,
0xd0, 0xd9, 0xff, 0xff, 0xd0, 0xd9, 0xff, 0xff, 0xd0, 0xd9, 0xff, 0xff, 0xd0, 0xd9, 0xff, 0xff,
0xd0, 0xd9, 0xff, 0xff, 0xd0, 0xd9, 0xff, 0xff, 0xd0, 0xd9, 0xff, 0xff, 0xd0, 0xd9, 0xff, 0xff,
0xd1, 0xda, 0xff, 0xff, 0xcd, 0xd6, 0xff, 0xff, 0xbb, 0xc3, 0xff, 0xff, 0xb8, 0xc0, 0xff, 0xff,
0xb8, 0xc0, 0xff, 0xff, 0xb8, 0xc0, 0xff, 0xff, 0xb8, 0xc0, 0xff, 0xff, 0xb8, 0xc0, 0xff, 0xff,
0xb8, 0xc0, 0xff, 0xff, 0xb8, 0xc0, 0xff, 0xff, 0xb8, 0xc0, 0xff, 0xff, 0xb8, 0xc0, 0xff, 0xff,
0xb8, 0xc0, 0xff, 0xff, 0xb8, 0xc0, 0xff, 0xff, 0xb8, 0xc0, 0xff, 0xff, 0xb8, 0xc0, 0xff, 0xff,
0xb8, 0xc0, 0xff, 0xff, 0xb8, 0xc0, 0xff, 0xff, 0xb8, 0xc0, 0xff, 0xff, 0xb8, 0xc0, 0xff, 0xff,
0xb8, 0xc0, 0xff, 0xff, 0xb8, 0xc0, 0xff, 0xff, 0xb8, 0xc0, 0xff, 0xff, 0xb8, 0xc0, 0xff, 0xff,
0xb8, 0xc0, 0xff, 0xff, 0xb8, 0xc0, 0xff, 0xff, 0xb8, 0xc0, 0xff, 0xff, 0xb8, 0xc0, 0xff, 0xff,
0xb8, 0xc0, 0xff, 0xff, 0xb8, 0xc0, 0xff, 0xff, 0xb8, 0xc0, 0xff, 0xff, 0xb8, 0xc0, 0xff, 0xff,
0xbd, 0xc4, 0xff, 0xff, 0xf1, 0xf3, 0xff, 0xff, 0xff, 0xff, 0xff, 0xff, 0xff, 0xff, 0xff, 0xff,
0xff, 0xff, 0xff, 0xff, 0xff, 0xff, 0xff, 0xff, 0xff, 0xff, 0xff, 0xff, 0xff, 0xff, 0xff, 0xff,
0xff, 0xff, 0xff, 0xff, 0xff, 0xff, 0xff, 0xff, 0xff, 0xff, 0xff, 0xff, 0xff, 0xff, 0xff, 0xff,
0xff, 0xff, 0xff, 0xff, 0xff, 0xff, 0xff, 0xff, 0xff, 0xff, 0xff, 0xff, 0xff, 0xff, 0xff, 0xff,
0xff, 0xff, 0xff, 0xff, 0xff, 0xff, 0xff, 0xff, 0xff, 0xff, 0xff, 0xff, 0xff, 0xff, 0xff, 0xff,
0xff, 0xff, 0xff, 0xff, 0xf2, 0xf3, 0xff, 0xff, 0xd4, 0xd9, 0xff, 0xff, 0xbd, 0xc4, 0xff, 0xff,
0xb7, 0xbf, 0xff, 0xff, 0xb8, 0xc0, 0xff, 0xff, 0xb8, 0xc0, 0xff, 0xff, 0xb8, 0xc0, 0xff, 0xff,
0xb8, 0xc0, 0xff, 0xff, 0xb8, 0xc0, 0xff, 0xff, 0xb8, 0xc0, 0xff, 0xff, 0xb8, 0xc0, 0xff, 0xff,
0xb8, 0xc0, 0xff, 0xff, 0xb8, 0xc0, 0xff, 0xff, 0xb8, 0xc0, 0xff, 0xff, 0xb8, 0xc0, 0xff, 0xff,
0xb8, 0xc0, 0xff, 0xff, 0xb8, 0xc0, 0xff, 0xff, 0xb8, 0xc0, 0xff, 0xff, 0xb8, 0xc0, 0xff, 0xff,
0xb8, 0xc0, 0xff, 0xff, 0xb8, 0xc0, 0xff, 0xff, 0xb8, 0xc0, 0xff, 0xff, 0xb8, 0xc0, 0xff, 0xff,
0xb8, 0xc0, 0xff, 0xff, 0xb8, 0xc0, 0xff, 0xff, 0xb8, 0xc0, 0xff, 0xff, 0xb8, 0xc0, 0xff, 0xff,
0xb8, 0xc0, 0xff, 0xff, 0xb8, 0xc0, 0xff, 0xff, 0xb8, 0xc0, 0xff, 0xff, 0xb8, 0xc0, 0xff, 0xff,
0xb8, 0xc0, 0xff, 0xff, 0xb8, 0xc0, 0xff, 0xff, 0xb8, 0xc0, 0xff, 0xff, 0xb8, 0xc0, 0xff, 0xff,
0xb8, 0xc0, 0xff, 0xff, 0xb8, 0xc0, 0xff, 0xff, 0xb8, 0xc0, 0xff, 0xff, 0xb8, 0xc0, 0xff, 0xff,
0xb8, 0xc0, 0xff, 0xff, 0xb8, 0xc0, 0xff, 0xff, 0xb8, 0xc0, 0xff, 0xff, 0xb8, 0xc0, 0xff, 0xff,
0xb8, 0xc0, 0xff, 0xff, 0xb8, 0xc0, 0xff, 0xff, 0xb8, 0xc0, 0xff, 0xff, 0xb8, 0xc0, 0xff, 0xff,
0xb8, 0xc0, 0xff, 0xff, 0xb8, 0xc0, 0xff, 0xf4, 0xb8, 0xc0, 0xff, 0x39, 0xb8, 0xc0, 0xff, 0x00,
0x00, 0x00, 0x00, 0x00, 0x00, 0x00, 0x00, 0x00, 0x00, 0x00, 0x00, 0x00, 0x00, 0x00, 0x00, 0x00,
0x00, 0x00, 0x00, 0x00, 0x00, 0x00, 0x00, 0x00, 0x00, 0x00, 0x00, 0x00, 0x00, 0x00, 0x00, 0x00,
0xd0, 0xd9, 0xff, 0x00, 0xd0, 0xd9, 0xff, 0x1e, 0xd0, 0xd9, 0xff, 0xe0, 0xd0, 0xd9, 0xff, 0xff,
0xd0, 0xd9, 0xff, 0xff, 0xd0, 0xd9, 0xff, 0xff, 0xd0, 0xd9, 0xff, 0xff, 0xd0, 0xd9, 0xff, 0xff,
0xd0, 0xd9, 0xff, 0xff, 0xd0, 0xd9, 0xff, 0xff, 0xd0, 0xd9, 0xff, 0xff, 0xd0, 0xd9, 0xff, 0xff,
0xd0, 0xd9, 0xff, 0xff, 0xd0, 0xd9, 0xff, 0xff, 0xd0, 0xd9, 0xff, 0xff, 0xd0, 0xd9, 0xff, 0xff,
0xd1, 0xda, 0xff, 0xff, 0xcd, 0xd6, 0xff, 0xff, 0xbb, 0xc3, 0xff, 0xff, 0xb8, 0xc0, 0xff, 0xff,
0xb8, 0xc0, 0xff, 0xff, 0xb8, 0xc0, 0xff, 0xff, 0xb8, 0xc0, 0xff, 0xff, 0xb8, 0xc0, 0xff, 0xff,
0xb8, 0xc0, 0xff, 0xff, 0xb8, 0xc0, 0xff, 0xff, 0xb8, 0xc0, 0xff, 0xff, 0xb8, 0xc0, 0xff, 0xff,
0xb8, 0xc0, 0xff, 0xff, 0xb8, 0xc0, 0xff, 0xff, 0xb8, 0xc0, 0xff, 0xff, 0xb8, 0xc0, 0xff, 0xff,
0xb8, 0xc0, 0xff, 0xff, 0xb8, 0xc0, 0xff, 0xff, 0xb8, 0xc0, 0xff, 0xff, 0xb8, 0xc0, 0xff, 0xff,
0xb8, 0xc0, 0xff, 0xff, 0xb8, 0xc0, 0xff, 0xff, 0xb8, 0xc0, 0xff, 0xff, 0xb8, 0xc0, 0xff, 0xff,
0xb8, 0xc0, 0xff, 0xff, 0xb8, 0xc0, 0xff, 0xff, 0xb8, 0xc0, 0xff, 0xff, 0xb8, 0xc0, 0xff, 0xff,
0xb8, 0xc0, 0xff, 0xff, 0xb8, 0xc0, 0xff, 0xff, 0xb8, 0xc0, 0xff, 0xff, 0xb8, 0xc0, 0xff, 0xff,
0xbd, 0xc5, 0xff, 0xff, 0xf2, 0xf4, 0xff, 0xff, 0xff, 0xff, 0xff, 0xff, 0xff, 0xff, 0xff, 0xff,
0xff, 0xff, 0xff, 0xff, 0xff, 0xff, 0xff, 0xff, 0xff, 0xff, 0xff, 0xff, 0xff, 0xff, 0xff, 0xff,
0xff, 0xff, 0xff, 0xff, 0xff, 0xff, 0xff, 0xff, 0xff, 0xff, 0xff, 0xff, 0xff, 0xff, 0xff, 0xff,
0xff, 0xff, 0xff, 0xff, 0xff, 0xff, 0xff, 0xff, 0xff, 0xff, 0xff, 0xff, 0xff, 0xff, 0xff, 0xff,
0xff, 0xff, 0xff, 0xff, 0xff, 0xff, 0xff, 0xff, 0xff, 0xff, 0xff, 0xff, 0xff, 0xff, 0xff, 0xff,
0xff, 0xff, 0xff, 0xff, 0xff, 0xff, 0xff, 0xff, 0xfe, 0xfe, 0xff, 0xff, 0xee, 0xf0, 0xff, 0xff,
0xd0, 0xd5, 0xff, 0xff, 0xbb, 0xc3, 0xff, 0xff, 0xb7, 0xbf, 0xff, 0xff, 0xb8, 0xc0, 0xff, 0xff,
0xb8, 0xc0, 0xff, 0xff, 0xb8, 0xc0, 0xff, 0xff, 0xb8, 0xc0, 0xff, 0xff, 0xb8, 0xc0, 0xff, 0xff,
0xb8, 0xc0, 0xff, 0xff, 0xb8, 0xc0, 0xff, 0xff, 0xb8, 0xc0, 0xff, 0xff, 0xb8, 0xc0, 0xff, 0xff,
0xb8, 0xc0, 0xff, 0xff, 0xb8, 0xc0, 0xff, 0xff, 0xb8, 0xc0, 0xff, 0xff, 0xb8, 0xc0, 0xff, 0xff,
0xb8, 0xc0, 0xff, 0xff, 0xb8, 0xc0, 0xff, 0xff, 0xb8, 0xc0, 0xff, 0xff, 0xb8, 0xc0, 0xff, 0xff,
0xb8, 0xc0, 0xff, 0xff, 0xb8, 0xc0, 0xff, 0xff, 0xb8, 0xc0, 0xff, 0xff, 0xb8, 0xc0, 0xff, 0xff,
0xb8, 0xc0, 0xff, 0xff, 0xb8, 0xc0, 0xff, 0xff, 0xb8, 0xc0, 0xff, 0xff, 0xb8, 0xc0, 0xff, 0xff,
0xb8, 0xc0, 0xff, 0xff, 0xb8, 0xc0, 0xff, 0xff, 0xb8, 0xc0, 0xff, 0xff, 0xb8, 0xc0, 0xff, 0xff,
0xb8, 0xc0, 0xff, 0xff, 0xb8, 0xc0, 0xff, 0xff, 0xb8, 0xc0, 0xff, 0xff, 0xb8, 0xc0, 0xff, 0xff,
0xb8, 0xc0, 0xff, 0xff, 0xb8, 0xc0, 0xff, 0xff, 0xb8, 0xc0, 0xff, 0xff, 0xb8, 0xc0, 0xff, 0xff,
0xb8, 0xc0, 0xff, 0xff, 0xb8, 0xc0, 0xff, 0xff, 0xb8, 0xc0, 0xff, 0xff, 0xb8, 0xc0, 0xff, 0xff,
0xb8, 0xc0, 0xff, 0xff, 0xb8, 0xc0, 0xff, 0xf4, 0xb8, 0xc0, 0xff, 0x39, 0xb8, 0xc0, 0xff, 0x00,
0x00, 0x00, 0x00, 0x00, 0x00, 0x00, 0x00, 0x00, 0x00, 0x00, 0x00, 0x00, 0x00, 0x00, 0x00, 0x00,
0x00, 0x00, 0x00, 0x00, 0x00, 0x00, 0x00, 0x00, 0x00, 0x00, 0x00, 0x00, 0x00, 0x00, 0x00, 0x00,
0xd0, 0xd9, 0xff, 0x00, 0xd0, 0xd9, 0xff, 0x1e, 0xd0, 0xd9, 0xff, 0xe1, 0xd0, 0xd9, 0xff, 0xff,
0xd0, 0xd9, 0xff, 0xff, 0xd0, 0xd9, 0xff, 0xff, 0xd0, 0xd9, 0xff, 0xff, 0xd0, 0xd9, 0xff, 0xff,
0xd0, 0xd9, 0xff, 0xff, 0xd0, 0xd9, 0xff, 0xff, 0xd0, 0xd9, 0xff, 0xff, 0xd0, 0xd9, 0xff, 0xff,
0xd0, 0xd9, 0xff, 0xff, 0xd0, 0xd9, 0xff, 0xff, 0xd0, 0xd9, 0xff, 0xff, 0xd0, 0xd9, 0xff, 0xff,
0xd1, 0xda, 0xff, 0xff, 0xcd, 0xd6, 0xff, 0xff, 0xbb, 0xc3, 0xff, 0xff, 0xb8, 0xc0, 0xff, 0xff,
0xb8, 0xc0, 0xff, 0xff, 0xb8, 0xc0, 0xff, 0xff, 0xb8, 0xc0, 0xff, 0xff, 0xb8, 0xc0, 0xff, 0xff,
0xb8, 0xc0, 0xff, 0xff, 0xb8, 0xc0, 0xff, 0xff, 0xb8, 0xc0, 0xff, 0xff, 0xb8, 0xc0, 0xff, 0xff,
0xb8, 0xc0, 0xff, 0xff, 0xb8, 0xc0, 0xff, 0xff, 0xb8, 0xc0, 0xff, 0xff, 0xb8, 0xc0, 0xff, 0xff,
0xb8, 0xc0, 0xff, 0xff, 0xb8, 0xc0, 0xff, 0xff, 0xb8, 0xc0, 0xff, 0xff, 0xb8, 0xc0, 0xff, 0xff,
0xb8, 0xc0, 0xff, 0xff, 0xb8, 0xc0, 0xff, 0xff, 0xb8, 0xc0, 0xff, 0xff, 0xb8, 0xc0, 0xff, 0xff,
0xb8, 0xc0, 0xff, 0xff, 0xb8, 0xc0, 0xff, 0xff, 0xb8, 0xc0, 0xff, 0xff, 0xb8, 0xc0, 0xff, 0xff,
0xb8, 0xc0, 0xff, 0xff, 0xb8, 0xc0, 0xff, 0xff, 0xb8, 0xc0, 0xff, 0xff, 0xb8, 0xc0, 0xff, 0xff,
0xbe, 0xc5, 0xff, 0xff, 0xf2, 0xf4, 0xff, 0xff, 0xff, 0xff, 0xff, 0xff, 0xff, 0xff, 0xff, 0xff,
0xff, 0xff, 0xff, 0xff, 0xff, 0xff, 0xff, 0xff, 0xff, 0xff, 0xff, 0xff, 0xff, 0xff, 0xff, 0xff,
0xff, 0xff, 0xff, 0xff, 0xff, 0xff, 0xff, 0xff, 0xff, 0xff, 0xff, 0xff, 0xff, 0xff, 0xff, 0xff,
0xff, 0xff, 0xff, 0xff, 0xff, 0xff, 0xff, 0xff, 0xff, 0xff, 0xff, 0xff, 0xff, 0xff, 0xff, 0xff,
0xff, 0xff, 0xff, 0xff, 0xff, 0xff, 0xff, 0xff, 0xff, 0xff, 0xff, 0xff, 0xff, 0xff, 0xff, 0xff,
0xff, 0xff, 0xff, 0xff, 0xff, 0xff, 0xff, 0xff, 0xff, 0xff, 0xff, 0xff, 0xff, 0xff, 0xff, 0xff,
0xfd, 0xfd, 0xff, 0xff, 0xe9, 0xec, 0xff, 0xff, 0xcb, 0xd1, 0xff, 0xff, 0xba, 0xc1, 0xff, 0xff,
0xb7, 0xbf, 0xff, 0xff, 0xb8, 0xc0, 0xff, 0xff, 0xb8, 0xc0, 0xff, 0xff, 0xb8, 0xc0, 0xff, 0xff,
0xb8, 0xc0, 0xff, 0xff, 0xb8, 0xc0, 0xff, 0xff, 0xb8, 0xc0, 0xff, 0xff, 0xb8, 0xc0, 0xff, 0xff,
0xb8, 0xc0, 0xff, 0xff, 0xb8, 0xc0, 0xff, 0xff, 0xb8, 0xc0, 0xff, 0xff, 0xb8, 0xc0, 0xff, 0xff,
0xb8, 0xc0, 0xff, 0xff, 0xb8, 0xc0, 0xff, 0xff, 0xb8, 0xc0, 0xff, 0xff, 0xb8, 0xc0, 0xff, 0xff,
0xb8, 0xc0, 0xff, 0xff, 0xb8, 0xc0, 0xff, 0xff, 0xb8, 0xc0, 0xff, 0xff, 0xb8, 0xc0, 0xff, 0xff,
0xb8, 0xc0, 0xff, 0xff, 0xb8, 0xc0, 0xff, 0xff, 0xb8, 0xc0, 0xff, 0xff, 0xb8, 0xc0, 0xff, 0xff,
0xb8, 0xc0, 0xff, 0xff, 0xb8, 0xc0, 0xff, 0xff, 0xb8, 0xc0, 0xff, 0xff, 0xb8, 0xc0, 0xff, 0xff,
0xb8, 0xc0, 0xff, 0xff, 0xb8, 0xc0, 0xff, 0xff, 0xb8, 0xc0, 0xff, 0xff, 0xb8, 0xc0, 0xff, 0xff,
0xb8, 0xc0, 0xff, 0xff, 0xb8, 0xc0, 0xff, 0xff, 0xb8, 0xc0, 0xff, 0xff, 0xb8, 0xc0, 0xff, 0xff,
0xb8, 0xc0, 0xff, 0xff, 0xb8, 0xc0, 0xff, 0xff, 0xb8, 0xc0, 0xff, 0xff, 0xb8, 0xc0, 0xff, 0xff,
0xb8, 0xc0, 0xff, 0xff, 0xb8, 0xc0, 0xff, 0xf4, 0xb8, 0xc0, 0xff, 0x39, 0xb8, 0xc0, 0xff, 0x00,
0x00, 0x00, 0x00, 0x00, 0x00, 0x00, 0x00, 0x00, 0x00, 0x00, 0x00, 0x00, 0x00, 0x00, 0x00, 0x00,
0x00, 0x00, 0x00, 0x00, 0x00, 0x00, 0x00, 0x00, 0x00, 0x00, 0x00, 0x00, 0x00, 0x00, 0x00, 0x00,
0xd0, 0xd9, 0xff, 0x00, 0xd0, 0xd9, 0xff, 0x1e, 0xd0, 0xd9, 0xff, 0xe1, 0xd0, 0xd9, 0xff, 0xff,
0xd0, 0xd9, 0xff, 0xff, 0xd0, 0xd9, 0xff, 0xff, 0xd0, 0xd9, 0xff, 0xff, 0xd0, 0xd9, 0xff, 0xff,
0xd0, 0xd9, 0xff, 0xff, 0xd0, 0xd9, 0xff, 0xff, 0xd0, 0xd9, 0xff, 0xff, 0xd0, 0xd9, 0xff, 0xff,
0xd0, 0xd9, 0xff, 0xff, 0xd0, 0xd9, 0xff, 0xff, 0xd0, 0xd9, 0xff, 0xff, 0xd0, 0xd9, 0xff, 0xff,
0xd1, 0xda, 0xff, 0xff, 0xcd, 0xd6, 0xff, 0xff, 0xbb, 0xc3, 0xff, 0xff, 0xb8, 0xc0, 0xff, 0xff,
0xb8, 0xc0, 0xff, 0xff, 0xb8, 0xc0, 0xff, 0xff, 0xb8, 0xc0, 0xff, 0xff, 0xb8, 0xc0, 0xff, 0xff,
0xb8, 0xc0, 0xff, 0xff, 0xb8, 0xc0, 0xff, 0xff, 0xb8, 0xc0, 0xff, 0xff, 0xb8, 0xc0, 0xff, 0xff,
0xb8, 0xc0, 0xff, 0xff, 0xb8, 0xc0, 0xff, 0xff, 0xb8, 0xc0, 0xff, 0xff, 0xb8, 0xc0, 0xff, 0xff,
0xb8, 0xc0, 0xff, 0xff, 0xb8, 0xc0, 0xff, 0xff, 0xb8, 0xc0, 0xff, 0xff, 0xb8, 0xc0, 0xff, 0xff,
0xb8, 0xc0, 0xff, 0xff, 0xb8, 0xc0, 0xff, 0xff, 0xb8, 0xc0, 0xff, 0xff, 0xb8, 0xc0, 0xff, 0xff,
0xb8, 0xc0, 0xff, 0xff, 0xb8, 0xc0, 0xff, 0xff, 0xb8, 0xc0, 0xff, 0xff, 0xb8, 0xc0, 0xff, 0xff,
0xb8, 0xc0, 0xff, 0xff, 0xb8, 0xc0, 0xff, 0xff, 0xb8, 0xc0, 0xff, 0xff, 0xb8, 0xc0, 0xff, 0xff,
0xbe, 0xc5, 0xff, 0xff, 0xf3, 0xf4, 0xff, 0xff, 0xff, 0xff, 0xff, 0xff, 0xff, 0xff, 0xff, 0xff,
0xff, 0xff, 0xff, 0xff, 0xff, 0xff, 0xff, 0xff, 0xff, 0xff, 0xff, 0xff, 0xff, 0xff, 0xff, 0xff,
0xff, 0xff, 0xff, 0xff, 0xff, 0xff, 0xff, 0xff, 0xff, 0xff, 0xff, 0xff, 0xff, 0xff, 0xff, 0xff,
0xff, 0xff, 0xff, 0xff, 0xff, 0xff, 0xff, 0xff, 0xff, 0xff, 0xff, 0xff, 0xff, 0xff, 0xff, 0xff,
0xff, 0xff, 0xff, 0xff, 0xff, 0xff, 0xff, 0xff, 0xff, 0xff, 0xff, 0xff, 0xff, 0xff, 0xff, 0xff,
0xff, 0xff, 0xff, 0xff, 0xff, 0xff, 0xff, 0xff, 0xff, 0xff, 0xff, 0xff, 0xff, 0xff, 0xff, 0xff,
0xff, 0xff, 0xff, 0xff, 0xff, 0xff, 0xff, 0xff, 0xfb, 0xfc, 0xff, 0xff, 0xe5, 0xe8, 0xff, 0xff,
0xc7, 0xcd, 0xff, 0xff, 0xb8, 0xc0, 0xff, 0xff, 0xb8, 0xc0, 0xff, 0xff, 0xb8, 0xc0, 0xff, 0xff,
0xb8, 0xc0, 0xff, 0xff, 0xb8, 0xc0, 0xff, 0xff, 0xb8, 0xc0, 0xff, 0xff, 0xb8, 0xc0, 0xff, 0xff,
0xb8, 0xc0, 0xff, 0xff, 0xb8, 0xc0, 0xff, 0xff, 0xb8, 0xc0, 0xff, 0xff, 0xb8, 0xc0, 0xff, 0xff,
0xb8, 0xc0, 0xff, 0xff, 0xb8, 0xc0, 0xff, 0xff, 0xb8, 0xc0, 0xff, 0xff, 0xb8, 0xc0, 0xff, 0xff,
0xb8, 0xc0, 0xff, 0xff, 0xb8, 0xc0, 0xff, 0xff, 0xb8, 0xc0, 0xff, 0xff, 0xb8, 0xc0, 0xff, 0xff,
0xb8, 0xc0, 0xff, 0xff, 0xb8, 0xc0, 0xff, 0xff, 0xb8, 0xc0, 0xff, 0xff, 0xb8, 0xc0, 0xff, 0xff,
0xb8, 0xc0, 0xff, 0xff, 0xb8, 0xc0, 0xff, 0xff, 0xb8, 0xc0, 0xff, 0xff, 0xb8, 0xc0, 0xff, 0xff,
0xb8, 0xc0, 0xff, 0xff, 0xb8, 0xc0, 0xff, 0xff, 0xb8, 0xc0, 0xff, 0xff, 0xb8, 0xc0, 0xff, 0xff,
0xb8, 0xc0, 0xff, 0xff, 0xb8, 0xc0, 0xff, 0xff, 0xb8, 0xc0, 0xff, 0xff, 0xb8, 0xc0, 0xff, 0xff,
0xb8, 0xc0, 0xff, 0xff, 0xb8, 0xc0, 0xff, 0xff, 0xb8, 0xc0, 0xff, 0xff, 0xb8, 0xc0, 0xff, 0xff,
0xb8, 0xc0, 0xff, 0xff, 0xb8, 0xc0, 0xff, 0xf4, 0xb8, 0xc0, 0xff, 0x39, 0xb8, 0xc0, 0xff, 0x00,
0x00, 0x00, 0x00, 0x00, 0x00, 0x00, 0x00, 0x00, 0x00, 0x00, 0x00, 0x00, 0x00, 0x00, 0x00, 0x00,
0x00, 0x00, 0x00, 0x00, 0x00, 0x00, 0x00, 0x00, 0x00, 0x00, 0x00, 0x00, 0x00, 0x00, 0x00, 0x00,
0xd0, 0xd9, 0xff, 0x00, 0xd0, 0xd9, 0xff, 0x1e, 0xd0, 0xd9, 0xff, 0xe1, 0xd0, 0xd9, 0xff, 0xff,
0xd0, 0xd9, 0xff, 0xff, 0xd0, 0xd9, 0xff, 0xff, 0xd0, 0xd9, 0xff, 0xff, 0xd0, 0xd9, 0xff, 0xff,
0xd0, 0xd9, 0xff, 0xff, 0xd0, 0xd9, 0xff, 0xff, 0xd0, 0xd9, 0xff, 0xff, 0xd0, 0xd9, 0xff, 0xff,
0xd0, 0xd9, 0xff, 0xff, 0xd0, 0xd9, 0xff, 0xff, 0xd0, 0xd9, 0xff, 0xff, 0xd0, 0xd9, 0xff, 0xff,
0xd1, 0xda, 0xff, 0xff, 0xcd, 0xd6, 0xff, 0xff, 0xbb, 0xc3, 0xff, 0xff, 0xb8, 0xc0, 0xff, 0xff,
0xb8, 0xc0, 0xff, 0xff, 0xb8, 0xc0, 0xff, 0xff, 0xb8, 0xc0, 0xff, 0xff, 0xb8, 0xc0, 0xff, 0xff,
0xb8, 0xc0, 0xff, 0xff, 0xb8, 0xc0, 0xff, 0xff, 0xb8, 0xc0, 0xff, 0xff, 0xb8, 0xc0, 0xff, 0xff,
0xb8, 0xc0, 0xff, 0xff, 0xb8, 0xc0, 0xff, 0xff, 0xb8, 0xc0, 0xff, 0xff, 0xb8, 0xc0, 0xff, 0xff,
0xb8, 0xc0, 0xff, 0xff, 0xb8, 0xc0, 0xff, 0xff, 0xb8, 0xc0, 0xff, 0xff, 0xb8, 0xc0, 0xff, 0xff,
0xb8, 0xc0, 0xff, 0xff, 0xb8, 0xc0, 0xff, 0xff, 0xb8, 0xc0, 0xff, 0xff, 0xb8, 0xc0, 0xff, 0xff,
0xb8, 0xc0, 0xff, 0xff, 0xb8, 0xc0, 0xff, 0xff, 0xb8, 0xc0, 0xff, 0xff, 0xb8, 0xc0, 0xff, 0xff,
0xb8, 0xc0, 0xff, 0xff, 0xb8, 0xc0, 0xff, 0xff, 0xb8, 0xc0, 0xff, 0xff, 0xb8, 0xc0, 0xff, 0xff,
0xbe, 0xc5, 0xff, 0xff, 0xf3, 0xf4, 0xff, 0xff, 0xff, 0xff, 0xff, 0xff, 0xff, 0xff, 0xff, 0xff,
0xff, 0xff, 0xff, 0xff, 0xff, 0xff, 0xff, 0xff, 0xff, 0xff, 0xff, 0xff, 0xff, 0xff, 0xff, 0xff,
0xff, 0xff, 0xff, 0xff, 0xff, 0xff, 0xff, 0xff, 0xff, 0xff, 0xff, 0xff, 0xff, 0xff, 0xff, 0xff,
0xff, 0xff, 0xff, 0xff, 0xff, 0xff, 0xff, 0xff, 0xff, 0xff, 0xff, 0xff, 0xff, 0xff, 0xff, 0xff,
0xff, 0xff, 0xff, 0xff, 0xff, 0xff, 0xff, 0xff, 0xff, 0xff, 0xff, 0xff, 0xff, 0xff, 0xff, 0xff,
0xff, 0xff, 0xff, 0xff, 0xff, 0xff, 0xff, 0xff, 0xff, 0xff, 0xff, 0xff, 0xff, 0xff, 0xff, 0xff,
0xff, 0xff, 0xff, 0xff, 0xff, 0xff, 0xff, 0xff, 0xff, 0xff, 0xff, 0xff, 0xff, 0xff, 0xff, 0xff,
0xf9, 0xfa, 0xff, 0xff, 0xe0, 0xe3, 0xff, 0xff, 0xc3, 0xca, 0xff, 0xff, 0xb8, 0xc0, 0xff, 0xff,
0xb8, 0xc0, 0xff, 0xff, 0xb8, 0xc0, 0xff, 0xff, 0xb8, 0xc0, 0xff, 0xff, 0xb8, 0xc0, 0xff, 0xff,
0xb8, 0xc0, 0xff, 0xff, 0xb8, 0xc0, 0xff, 0xff, 0xb8, 0xc0, 0xff, 0xff, 0xb8, 0xc0, 0xff, 0xff,
0xb8, 0xc0, 0xff, 0xff, 0xb8, 0xc0, 0xff, 0xff, 0xb8, 0xc0, 0xff, 0xff, 0xb8, 0xc0, 0xff, 0xff,
0xb8, 0xc0, 0xff, 0xff, 0xb8, 0xc0, 0xff, 0xff, 0xb8, 0xc0, 0xff, 0xff, 0xb8, 0xc0, 0xff, 0xff,
0xb8, 0xc0, 0xff, 0xff, 0xb8, 0xc0, 0xff, 0xff, 0xb8, 0xc0, 0xff, 0xff, 0xb8, 0xc0, 0xff, 0xff,
0xb8, 0xc0, 0xff, 0xff, 0xb8, 0xc0, 0xff, 0xff, 0xb8, 0xc0, 0xff, 0xff, 0xb8, 0xc0, 0xff, 0xff,
0xb8, 0xc0, 0xff, 0xff, 0xb8, 0xc0, 0xff, 0xff, 0xb8, 0xc0, 0xff, 0xff, 0xb8, 0xc0, 0xff, 0xff,
0xb8, 0xc0, 0xff, 0xff, 0xb8, 0xc0, 0xff, 0xff, 0xb8, 0xc0, 0xff, 0xff, 0xb8, 0xc0, 0xff, 0xff,
0xb8, 0xc0, 0xff, 0xff, 0xb8, 0xc0, 0xff, 0xff, 0xb8, 0xc0, 0xff, 0xff, 0xb8, 0xc0, 0xff, 0xff,
0xb8, 0xc0, 0xff, 0xff, 0xb8, 0xc0, 0xff, 0xf4, 0xb8, 0xc0, 0xff, 0x39, 0xb8, 0xc0, 0xff, 0x00,
0x00, 0x00, 0x00, 0x00, 0x00, 0x00, 0x00, 0x00, 0x00, 0x00, 0x00, 0x00, 0x00, 0x00, 0x00, 0x00,
0x00, 0x00, 0x00, 0x00, 0x00, 0x00, 0x00, 0x00, 0x00, 0x00, 0x00, 0x00, 0x00, 0x00, 0x00, 0x00,
0xd0, 0xd9, 0xff, 0x00, 0xd0, 0xd9, 0xff, 0x1e, 0xd0, 0xd9, 0xff, 0xe1, 0xd0, 0xd9, 0xff, 0xff,
0xd0, 0xd9, 0xff, 0xff, 0xd0, 0xd9, 0xff, 0xff, 0xd0, 0xd9, 0xff, 0xff, 0xd0, 0xd9, 0xff, 0xff,
0xd0, 0xd9, 0xff, 0xff, 0xd0, 0xd9, 0xff, 0xff, 0xd0, 0xd9, 0xff, 0xff, 0xd0, 0xd9, 0xff, 0xff,
0xd0, 0xd9, 0xff, 0xff, 0xd0, 0xd9, 0xff, 0xff, 0xd0, 0xd9, 0xff, 0xff, 0xd0, 0xd9, 0xff, 0xff,
0xd1, 0xda, 0xff, 0xff, 0xcd, 0xd6, 0xff, 0xff, 0xbb, 0xc3, 0xff, 0xff, 0xb8, 0xc0, 0xff, 0xff,
0xb8, 0xc0, 0xff, 0xff, 0xb8, 0xc0, 0xff, 0xff, 0xb8, 0xc0, 0xff, 0xff, 0xb8, 0xc0, 0xff, 0xff,
0xb8, 0xc0, 0xff, 0xff, 0xb8, 0xc0, 0xff, 0xff, 0xb8, 0xc0, 0xff, 0xff, 0xb8, 0xc0, 0xff, 0xff,
0xb8, 0xc0, 0xff, 0xff, 0xb8, 0xc0, 0xff, 0xff, 0xb8, 0xc0, 0xff, 0xff, 0xb8, 0xc0, 0xff, 0xff,
0xb8, 0xc0, 0xff, 0xff, 0xb8, 0xc0, 0xff, 0xff, 0xb8, 0xc0, 0xff, 0xff, 0xb8, 0xc0, 0xff, 0xff,
0xb8, 0xc0, 0xff, 0xff, 0xb8, 0xc0, 0xff, 0xff, 0xb8, 0xc0, 0xff, 0xff, 0xb8, 0xc0, 0xff, 0xff,
0xb8, 0xc0, 0xff, 0xff, 0xb8, 0xc0, 0xff, 0xff, 0xb8, 0xc0, 0xff, 0xff, 0xb8, 0xc0, 0xff, 0xff,
0xb8, 0xc0, 0xff, 0xff, 0xb8, 0xc0, 0xff, 0xff, 0xb8, 0xc0, 0xff, 0xff, 0xb8, 0xc0, 0xff, 0xff,
0xbe, 0xc5, 0xff, 0xff, 0xf3, 0xf4, 0xff, 0xff, 0xff, 0xff, 0xff, 0xff, 0xff, 0xff, 0xff, 0xff,
0xff, 0xff, 0xff, 0xff, 0xff, 0xff, 0xff, 0xff, 0xff, 0xff, 0xff, 0xff, 0xff, 0xff, 0xff, 0xff,
0xff, 0xff, 0xff, 0xff, 0xff, 0xff, 0xff, 0xff, 0xff, 0xff, 0xff, 0xff, 0xff, 0xff, 0xff, 0xff,
0xff, 0xff, 0xff, 0xff, 0xff, 0xff, 0xff, 0xff, 0xff, 0xff, 0xff, 0xff, 0xff, 0xff, 0xff, 0xff,
0xff, 0xff, 0xff, 0xff, 0xff, 0xff, 0xff, 0xff, 0xff, 0xff, 0xff, 0xff, 0xff, 0xff, 0xff, 0xff,
0xff, 0xff, 0xff, 0xff, 0xff, 0xff, 0xff, 0xff, 0xff, 0xff, 0xff, 0xff, 0xff, 0xff, 0xff, 0xff,
0xff, 0xff, 0xff, 0xff, 0xff, 0xff, 0xff, 0xff, 0xff, 0xff, 0xff, 0xff, 0xff, 0xff, 0xff, 0xff,
0xff, 0xff, 0xff, 0xff, 0xff, 0xff, 0xff, 0xff, 0xf6, 0xf7, 0xff, 0xff, 0xdb, 0xdf, 0xff, 0xff,
0xc0, 0xc7, 0xff, 0xff, 0xb7, 0xc0, 0xff, 0xff, 0xb8, 0xc0, 0xff, 0xff, 0xb8, 0xc0, 0xff, 0xff,
0xb8, 0xc0, 0xff, 0xff, 0xb8, 0xc0, 0xff, 0xff, 0xb8, 0xc0, 0xff, 0xff, 0xb8, 0xc0, 0xff, 0xff,
0xb8, 0xc0, 0xff, 0xff, 0xb8, 0xc0, 0xff, 0xff, 0xb8, 0xc0, 0xff, 0xff, 0xb8, 0xc0, 0xff, 0xff,
0xb8, 0xc0, 0xff, 0xff, 0xb8, 0xc0, 0xff, 0xff, 0xb8, 0xc0, 0xff, 0xff, 0xb8, 0xc0, 0xff, 0xff,
0xb8, 0xc0, 0xff, 0xff, 0xb8, 0xc0, 0xff, 0xff, 0xb8, 0xc0, 0xff, 0xff, 0xb8, 0xc0, 0xff, 0xff,
0xb8, 0xc0, 0xff, 0xff, 0xb8, 0xc0, 0xff, 0xff, 0xb8, 0xc0, 0xff, 0xff, 0xb8, 0xc0, 0xff, 0xff,
0xb8, 0xc0, 0xff, 0xff, 0xb8, 0xc0, 0xff, 0xff, 0xb8, 0xc0, 0xff, 0xff, 0xb8, 0xc0, 0xff, 0xff,
0xb8, 0xc0, 0xff, 0xff, 0xb8, 0xc0, 0xff, 0xff, 0xb8, 0xc0, 0xff, 0xff, 0xb8, 0xc0, 0xff, 0xff,
0xb8, 0xc0, 0xff, 0xff, 0xb8, 0xc0, 0xff, 0xff, 0xb8, 0xc0, 0xff, 0xff, 0xb8, 0xc0, 0xff, 0xff,
0xb8, 0xc0, 0xff, 0xff, 0xb8, 0xc0, 0xff, 0xf4, 0xb8, 0xc0, 0xff, 0x39, 0xb8, 0xc0, 0xff, 0x00,
0x00, 0x00, 0x00, 0x00, 0x00, 0x00, 0x00, 0x00, 0x00, 0x00, 0x00, 0x00, 0x00, 0x00, 0x00, 0x00,
0x00, 0x00, 0x00, 0x00, 0x00, 0x00, 0x00, 0x00, 0x00, 0x00, 0x00, 0x00, 0x00, 0x00, 0x00, 0x00,
0xd0, 0xd9, 0xff, 0x00, 0xd0, 0xd9, 0xff, 0x1e, 0xd0, 0xd9, 0xff, 0xe1, 0xd0, 0xd9, 0xff, 0xff,
0xd0, 0xd9, 0xff, 0xff, 0xd0, 0xd9, 0xff, 0xff, 0xd0, 0xd9, 0xff, 0xff, 0xd0, 0xd9, 0xff, 0xff,
0xd0, 0xd9, 0xff, 0xff, 0xd0, 0xd9, 0xff, 0xff, 0xd0, 0xd9, 0xff, 0xff, 0xd0, 0xd9, 0xff, 0xff,
0xd0, 0xd9, 0xff, 0xff, 0xd0, 0xd9, 0xff, 0xff, 0xd0, 0xd9, 0xff, 0xff, 0xd0, 0xd9, 0xff, 0xff,
0xd1, 0xda, 0xff, 0xff, 0xcd, 0xd6, 0xff, 0xff, 0xbb, 0xc3, 0xff, 0xff, 0xb8, 0xc0, 0xff, 0xff,
0xb8, 0xc0, 0xff, 0xff, 0xb8, 0xc0, 0xff, 0xff, 0xb8, 0xc0, 0xff, 0xff, 0xb8, 0xc0, 0xff, 0xff,
0xb8, 0xc0, 0xff, 0xff, 0xb8, 0xc0, 0xff, 0xff, 0xb8, 0xc0, 0xff, 0xff, 0xb8, 0xc0, 0xff, 0xff,
0xb8, 0xc0, 0xff, 0xff, 0xb8, 0xc0, 0xff, 0xff, 0xb8, 0xc0, 0xff, 0xff, 0xb8, 0xc0, 0xff, 0xff,
0xb8, 0xc0, 0xff, 0xff, 0xb8, 0xc0, 0xff, 0xff, 0xb8, 0xc0, 0xff, 0xff, 0xb8, 0xc0, 0xff, 0xff,
0xb8, 0xc0, 0xff, 0xff, 0xb8, 0xc0, 0xff, 0xff, 0xb8, 0xc0, 0xff, 0xff, 0xb8, 0xc0, 0xff, 0xff,
0xb8, 0xc0, 0xff, 0xff, 0xb8, 0xc0, 0xff, 0xff, 0xb8, 0xc0, 0xff, 0xff, 0xb8, 0xc0, 0xff, 0xff,
0xb8, 0xc0, 0xff, 0xff, 0xb8, 0xc0, 0xff, 0xff, 0xb8, 0xc0, 0xff, 0xff, 0xb8, 0xc0, 0xff, 0xff,
0xbe, 0xc5, 0xff, 0xff, 0xf3, 0xf4, 0xff, 0xff, 0xff, 0xff, 0xff, 0xff, 0xff, 0xff, 0xff, 0xff,
0xff, 0xff, 0xff, 0xff, 0xff, 0xff, 0xff, 0xff, 0xff, 0xff, 0xff, 0xff, 0xff, 0xff, 0xff, 0xff,
0xff, 0xff, 0xff, 0xff, 0xff, 0xff, 0xff, 0xff, 0xff, 0xff, 0xff, 0xff, 0xff, 0xff, 0xff, 0xff,
0xff, 0xff, 0xff, 0xff, 0xff, 0xff, 0xff, 0xff, 0xff, 0xff, 0xff, 0xff, 0xff, 0xff, 0xff, 0xff,
0xff, 0xff, 0xff, 0xff, 0xff, 0xff, 0xff, 0xff, 0xff, 0xff, 0xff, 0xff, 0xff, 0xff, 0xff, 0xff,
0xff, 0xff, 0xff, 0xff, 0xff, 0xff, 0xff, 0xff, 0xff, 0xff, 0xff, 0xff, 0xff, 0xff, 0xff, 0xff,
0xff, 0xff, 0xff, 0xff, 0xff, 0xff, 0xff, 0xff, 0xff, 0xff, 0xff, 0xff, 0xff, 0xff, 0xff, 0xff,
0xff, 0xff, 0xff, 0xff, 0xff, 0xff, 0xff, 0xff, 0xff, 0xff, 0xff, 0xff, 0xff, 0xff, 0xff, 0xff,
0xf3, 0xf4, 0xff, 0xff, 0xd5, 0xda, 0xff, 0xff, 0xbd, 0xc5, 0xff, 0xff, 0xb7, 0xbf, 0xff, 0xff,
0xb8, 0xc0, 0xff, 0xff, 0xb8, 0xc0, 0xff, 0xff, 0xb8, 0xc0, 0xff, 0xff, 0xb8, 0xc0, 0xff, 0xff,
0xb8, 0xc0, 0xff, 0xff, 0xb8, 0xc0, 0xff, 0xff, 0xb8, 0xc0, 0xff, 0xff, 0xb8, 0xc0, 0xff, 0xff,
0xb8, 0xc0, 0xff, 0xff, 0xb8, 0xc0, 0xff, 0xff, 0xb8, 0xc0, 0xff, 0xff, 0xb8, 0xc0, 0xff, 0xff,
0xb8, 0xc0, 0xff, 0xff, 0xb8, 0xc0, 0xff, 0xff, 0xb8, 0xc0, 0xff, 0xff, 0xb8, 0xc0, 0xff, 0xff,
0xb8, 0xc0, 0xff, 0xff, 0xb8, 0xc0, 0xff, 0xff, 0xb8, 0xc0, 0xff, 0xff, 0xb8, 0xc0, 0xff, 0xff,
0xb8, 0xc0, 0xff, 0xff, 0xb8, 0xc0, 0xff, 0xff, 0xb8, 0xc0, 0xff, 0xff, 0xb8, 0xc0, 0xff, 0xff,
0xb8, 0xc0, 0xff, 0xff, 0xb8, 0xc0, 0xff, 0xff, 0xb8, 0xc0, 0xff, 0xff, 0xb8, 0xc0, 0xff, 0xff,
0xb8, 0xc0, 0xff, 0xff, 0xb8, 0xc0, 0xff, 0xff, 0xb8, 0xc0, 0xff, 0xff, 0xb8, 0xc0, 0xff, 0xff,
0xb8, 0xc0, 0xff, 0xff, 0xb8, 0xc0, 0xff, 0xf4, 0xb8, 0xc0, 0xff, 0x39, 0xb8, 0xc0, 0xff, 0x00,
0x00, 0x00, 0x00, 0x00, 0x00, 0x00, 0x00, 0x00, 0x00, 0x00, 0x00, 0x00, 0x00, 0x00, 0x00, 0x00,
0x00, 0x00, 0x00, 0x00, 0x00, 0x00, 0x00, 0x00, 0x00, 0x00, 0x00, 0x00, 0x00, 0x00, 0x00, 0x00,
0xd0, 0xd9, 0xff, 0x00, 0xd0, 0xd9, 0xff, 0x1e, 0xd0, 0xd9, 0xff, 0xe1, 0xd0, 0xd9, 0xff, 0xff,
0xd0, 0xd9, 0xff, 0xff, 0xd0, 0xd9, 0xff, 0xff, 0xd0, 0xd9, 0xff, 0xff, 0xd0, 0xd9, 0xff, 0xff,
0xd0, 0xd9, 0xff, 0xff, 0xd0, 0xd9, 0xff, 0xff, 0xd0, 0xd9, 0xff, 0xff, 0xd0, 0xd9, 0xff, 0xff,
0xd0, 0xd9, 0xff, 0xff, 0xd0, 0xd9, 0xff, 0xff, 0xd0, 0xd9, 0xff, 0xff, 0xd0, 0xd9, 0xff, 0xff,
0xd1, 0xda, 0xff, 0xff, 0xcd, 0xd6, 0xff, 0xff, 0xbb, 0xc3, 0xff, 0xff, 0xb8, 0xc0, 0xff, 0xff,
0xb8, 0xc0, 0xff, 0xff, 0xb8, 0xc0, 0xff, 0xff, 0xb8, 0xc0, 0xff, 0xff, 0xb8, 0xc0, 0xff, 0xff,
0xb8, 0xc0, 0xff, 0xff, 0xb8, 0xc0, 0xff, 0xff, 0xb8, 0xc0, 0xff, 0xff, 0xb8, 0xc0, 0xff, 0xff,
0xb8, 0xc0, 0xff, 0xff, 0xb8, 0xc0, 0xff, 0xff, 0xb8, 0xc0, 0xff, 0xff, 0xb8, 0xc0, 0xff, 0xff,
0xb8, 0xc0, 0xff, 0xff, 0xb8, 0xc0, 0xff, 0xff, 0xb8, 0xc0, 0xff, 0xff, 0xb8, 0xc0, 0xff, 0xff,
0xb8, 0xc0, 0xff, 0xff, 0xb8, 0xc0, 0xff, 0xff, 0xb8, 0xc0, 0xff, 0xff, 0xb8, 0xc0, 0xff, 0xff,
0xb8, 0xc0, 0xff, 0xff, 0xb8, 0xc0, 0xff, 0xff, 0xb8, 0xc0, 0xff, 0xff, 0xb8, 0xc0, 0xff, 0xff,
0xb8, 0xc0, 0xff, 0xff, 0xb8, 0xc0, 0xff, 0xff, 0xb8, 0xc0, 0xff, 0xff, 0xb8, 0xc0, 0xff, 0xff,
0xbe, 0xc5, 0xff, 0xff, 0xf3, 0xf4, 0xff, 0xff, 0xff, 0xff, 0xff, 0xff, 0xff, 0xff, 0xff, 0xff,
0xff, 0xff, 0xff, 0xff, 0xff, 0xff, 0xff, 0xff, 0xff, 0xff, 0xff, 0xff, 0xff, 0xff, 0xff, 0xff,
0xff, 0xff, 0xff, 0xff, 0xff, 0xff, 0xff, 0xff, 0xff, 0xff, 0xff, 0xff, 0xff, 0xff, 0xff, 0xff,
0xff, 0xff, 0xff, 0xff, 0xff, 0xff, 0xff, 0xff, 0xff, 0xff, 0xff, 0xff, 0xff, 0xff, 0xff, 0xff,
0xff, 0xff, 0xff, 0xff, 0xff, 0xff, 0xff, 0xff, 0xff, 0xff, 0xff, 0xff, 0xff, 0xff, 0xff, 0xff,
0xff, 0xff, 0xff, 0xff, 0xff, 0xff, 0xff, 0xff, 0xff, 0xff, 0xff, 0xff, 0xff, 0xff, 0xff, 0xff,
0xff, 0xff, 0xff, 0xff, 0xff, 0xff, 0xff, 0xff, 0xff, 0xff, 0xff, 0xff, 0xff, 0xff, 0xff, 0xff,
0xff, 0xff, 0xff, 0xff, 0xff, 0xff, 0xff, 0xff, 0xff, 0xff, 0xff, 0xff, 0xff, 0xff, 0xff, 0xff,
0xff, 0xff, 0xff, 0xff, 0xfe, 0xfe, 0xff, 0xff, 0xef, 0xf0, 0xff, 0xff, 0xd0, 0xd5, 0xff, 0xff,
0xba, 0xc2, 0xff, 0xff, 0xb7, 0xc0, 0xff, 0xff, 0xb8, 0xc0, 0xff, 0xff, 0xb8, 0xc0, 0xff, 0xff,
0xb8, 0xc0, 0xff, 0xff, 0xb8, 0xc0, 0xff, 0xff, 0xb8, 0xc0, 0xff, 0xff, 0xb8, 0xc0, 0xff, 0xff,
0xb8, 0xc0, 0xff, 0xff, 0xb8, 0xc0, 0xff, 0xff, 0xb8, 0xc0, 0xff, 0xff, 0xb8, 0xc0, 0xff, 0xff,
0xb8, 0xc0, 0xff, 0xff, 0xb8, 0xc0, 0xff, 0xff, 0xb8, 0xc0, 0xff, 0xff, 0xb8, 0xc0, 0xff, 0xff,
0xb8, 0xc0, 0xff, 0xff, 0xb8, 0xc0, 0xff, 0xff, 0xb8, 0xc0, 0xff, 0xff, 0xb8, 0xc0, 0xff, 0xff,
0xb8, 0xc0, 0xff, 0xff, 0xb8, 0xc0, 0xff, 0xff, 0xb8, 0xc0, 0xff, 0xff, 0xb8, 0xc0, 0xff, 0xff,
0xb8, 0xc0, 0xff, 0xff, 0xb8, 0xc0, 0xff, 0xff, 0xb8, 0xc0, 0xff, 0xff, 0xb8, 0xc0, 0xff, 0xff,
0xb8, 0xc0, 0xff, 0xff, 0xb8, 0xc0, 0xff, 0xff, 0xb8, 0xc0, 0xff, 0xff, 0xb8, 0xc0, 0xff, 0xff,
0xb8, 0xc0, 0xff, 0xff, 0xb8, 0xc0, 0xff, 0xf4, 0xb8, 0xc0, 0xff, 0x39, 0xb8, 0xc0, 0xff, 0x00,
0x00, 0x00, 0x00, 0x00, 0x00, 0x00, 0x00, 0x00, 0x00, 0x00, 0x00, 0x00, 0x00, 0x00, 0x00, 0x00,
0x00, 0x00, 0x00, 0x00, 0x00, 0x00, 0x00, 0x00, 0x00, 0x00, 0x00, 0x00, 0x00, 0x00, 0x00, 0x00,
0xd0, 0xd9, 0xff, 0x00, 0xd0, 0xd9, 0xff, 0x1e, 0xd0, 0xd9, 0xff, 0xe1, 0xd0, 0xd9, 0xff, 0xff,
0xd0, 0xd9, 0xff, 0xff, 0xd0, 0xd9, 0xff, 0xff, 0xd0, 0xd9, 0xff, 0xff, 0xd0, 0xd9, 0xff, 0xff,
0xd0, 0xd9, 0xff, 0xff, 0xd0, 0xd9, 0xff, 0xff, 0xd0, 0xd9, 0xff, 0xff, 0xd0, 0xd9, 0xff, 0xff,
0xd0, 0xd9, 0xff, 0xff, 0xd0, 0xd9, 0xff, 0xff, 0xd0, 0xd9, 0xff, 0xff, 0xd0, 0xd9, 0xff, 0xff,
0xd1, 0xda, 0xff, 0xff, 0xcd, 0xd6, 0xff, 0xff, 0xbb, 0xc3, 0xff, 0xff, 0xb8, 0xc0, 0xff, 0xff,
0xb8, 0xc0, 0xff, 0xff, 0xb8, 0xc0, 0xff, 0xff, 0xb8, 0xc0, 0xff, 0xff, 0xb8, 0xc0, 0xff, 0xff,
0xb8, 0xc0, 0xff, 0xff, 0xb8, 0xc0, 0xff, 0xff, 0xb8, 0xc0, 0xff, 0xff, 0xb8, 0xc0, 0xff, 0xff,
0xb8, 0xc0, 0xff, 0xff, 0xb8, 0xc0, 0xff, 0xff, 0xb8, 0xc0, 0xff, 0xff, 0xb8, 0xc0, 0xff, 0xff,
0xb8, 0xc0, 0xff, 0xff, 0xb8, 0xc0, 0xff, 0xff, 0xb8, 0xc0, 0xff, 0xff, 0xb8, 0xc0, 0xff, 0xff,
0xb8, 0xc0, 0xff, 0xff, 0xb8, 0xc0, 0xff, 0xff, 0xb8, 0xc0, 0xff, 0xff, 0xb8, 0xc0, 0xff, 0xff,
0xb8, 0xc0, 0xff, 0xff, 0xb8, 0xc0, 0xff, 0xff, 0xb8, 0xc0, 0xff, 0xff, 0xb8, 0xc0, 0xff, 0xff,
0xb8, 0xc0, 0xff, 0xff, 0xb8, 0xc0, 0xff, 0xff, 0xb8, 0xc0, 0xff, 0xff, 0xb8, 0xc0, 0xff, 0xff,
0xbe, 0xc5, 0xff, 0xff, 0xf3, 0xf4, 0xff, 0xff, 0xff, 0xff, 0xff, 0xff, 0xff, 0xff, 0xff, 0xff,
0xff, 0xff, 0xff, 0xff, 0xff, 0xff, 0xff, 0xff, 0xff, 0xff, 0xff, 0xff, 0xff, 0xff, 0xff, 0xff,
0xff, 0xff, 0xff, 0xff, 0xff, 0xff, 0xff, 0xff, 0xff, 0xff, 0xff, 0xff, 0xff, 0xff, 0xff, 0xff,
0xff, 0xff, 0xff, 0xff, 0xff, 0xff, 0xff, 0xff, 0xff, 0xff, 0xff, 0xff, 0xff, 0xff, 0xff, 0xff,
0xff, 0xff, 0xff, 0xff, 0xff, 0xff, 0xff, 0xff, 0xff, 0xff, 0xff, 0xff, 0xff, 0xff, 0xff, 0xff,
0xff, 0xff, 0xff, 0xff, 0xff, 0xff, 0xff, 0xff, 0xff, 0xff, 0xff, 0xff, 0xff, 0xff, 0xff, 0xff,
0xff, 0xff, 0xff, 0xff, 0xff, 0xff, 0xff, 0xff, 0xff, 0xff, 0xff, 0xff, 0xff, 0xff, 0xff, 0xff,
0xff, 0xff, 0xff, 0xff, 0xff, 0xff, 0xff, 0xff, 0xff, 0xff, 0xff, 0xff, 0xff, 0xff, 0xff, 0xff,
0xff, 0xff, 0xff, 0xff, 0xff, 0xff, 0xff, 0xff, 0xff, 0xff, 0xff, 0xff, 0xfd, 0xfd, 0xff, 0xff,
0xe7, 0xea, 0xff, 0xff, 0xc6, 0xcd, 0xff, 0xff, 0xb8, 0xc0, 0xff, 0xff, 0xb8, 0xc0, 0xff, 0xff,
0xb8, 0xc0, 0xff, 0xff, 0xb8, 0xc0, 0xff, 0xff, 0xb8, 0xc0, 0xff, 0xff, 0xb8, 0xc0, 0xff, 0xff,
0xb8, 0xc0, 0xff, 0xff, 0xb8, 0xc0, 0xff, 0xff, 0xb8, 0xc0, 0xff, 0xff, 0xb8, 0xc0, 0xff, 0xff,
0xb8, 0xc0, 0xff, 0xff, 0xb8, 0xc0, 0xff, 0xff, 0xb8, 0xc0, 0xff, 0xff, 0xb8, 0xc0, 0xff, 0xff,
0xb8, 0xc0, 0xff, 0xff, 0xb8, 0xc0, 0xff, 0xff, 0xb8, 0xc0, 0xff, 0xff, 0xb8, 0xc0, 0xff, 0xff,
0xb8, 0xc0, 0xff, 0xff, 0xb8, 0xc0, 0xff, 0xff, 0xb8, 0xc0, 0xff, 0xff, 0xb8, 0xc0, 0xff, 0xff,
0xb8, 0xc0, 0xff, 0xff, 0xb8, 0xc0, 0xff, 0xff, 0xb8, 0xc0, 0xff, 0xff, 0xb8, 0xc0, 0xff, 0xff,
0xb8, 0xc0, 0xff, 0xff, 0xb8, 0xc0, 0xff, 0xff, 0xb8, 0xc0, 0xff, 0xff, 0xb8, 0xc0, 0xff, 0xff,
0xb8, 0xc0, 0xff, 0xff, 0xb8, 0xc0, 0xff, 0xf4, 0xb8, 0xc0, 0xff, 0x39, 0xb8, 0xc0, 0xff, 0x00,
0x00, 0x00, 0x00, 0x00, 0x00, 0x00, 0x00, 0x00, 0x00, 0x00, 0x00, 0x00, 0x00, 0x00, 0x00, 0x00,
0x00, 0x00, 0x00, 0x00, 0x00, 0x00, 0x00, 0x00, 0x00, 0x00, 0x00, 0x00, 0x00, 0x00, 0x00, 0x00,
0xd0, 0xd9, 0xff, 0x00, 0xd0, 0xd9, 0xff, 0x1e, 0xd0, 0xd9, 0xff, 0xe1, 0xd0, 0xd9, 0xff, 0xff,
0xd0, 0xd9, 0xff, 0xff, 0xd0, 0xd9, 0xff, 0xff, 0xd0, 0xd9, 0xff, 0xff, 0xd0, 0xd9, 0xff, 0xff,
0xd0, 0xd9, 0xff, 0xff, 0xd0, 0xd9, 0xff, 0xff, 0xd0, 0xd9, 0xff, 0xff, 0xd0, 0xd9, 0xff, 0xff,
0xd0, 0xd9, 0xff, 0xff, 0xd0, 0xd9, 0xff, 0xff, 0xd0, 0xd9, 0xff, 0xff, 0xd0, 0xd9, 0xff, 0xff,
0xd1, 0xda, 0xff, 0xff, 0xcd, 0xd6, 0xff, 0xff, 0xbb, 0xc3, 0xff, 0xff, 0xb8, 0xc0, 0xff, 0xff,
0xb8, 0xc0, 0xff, 0xff, 0xb8, 0xc0, 0xff, 0xff, 0xb8, 0xc0, 0xff, 0xff, 0xb8, 0xc0, 0xff, 0xff,
0xb8, 0xc0, 0xff, 0xff, 0xb8, 0xc0, 0xff, 0xff, 0xb8, 0xc0, 0xff, 0xff, 0xb8, 0xc0, 0xff, 0xff,
0xb8, 0xc0, 0xff, 0xff, 0xb8, 0xc0, 0xff, 0xff, 0xb8, 0xc0, 0xff, 0xff, 0xb8, 0xc0, 0xff, 0xff,
0xb8, 0xc0, 0xff, 0xff, 0xb8, 0xc0, 0xff, 0xff, 0xb8, 0xc0, 0xff, 0xff, 0xb8, 0xc0, 0xff, 0xff,
0xb8, 0xc0, 0xff, 0xff, 0xb8, 0xc0, 0xff, 0xff, 0xb8, 0xc0, 0xff, 0xff, 0xb8, 0xc0, 0xff, 0xff,
0xb8, 0xc0, 0xff, 0xff, 0xb8, 0xc0, 0xff, 0xff, 0xb8, 0xc0, 0xff, 0xff, 0xb8, 0xc0, 0xff, 0xff,
0xb8, 0xc0, 0xff, 0xff, 0xb8, 0xc0, 0xff, 0xff, 0xb8, 0xc0, 0xff, 0xff, 0xb8, 0xc0, 0xff, 0xff,
0xbe, 0xc5, 0xff, 0xff, 0xf3, 0xf4, 0xff, 0xff, 0xff, 0xff, 0xff, 0xff, 0xff, 0xff, 0xff, 0xff,
0xff, 0xff, 0xff, 0xff, 0xff, 0xff, 0xff, 0xff, 0xff, 0xff, 0xff, 0xff, 0xff, 0xff, 0xff, 0xff,
0xff, 0xff, 0xff, 0xff, 0xff, 0xff, 0xff, 0xff, 0xff, 0xff, 0xff, 0xff, 0xff, 0xff, 0xff, 0xff,
0xff, 0xff, 0xff, 0xff, 0xff, 0xff, 0xff, 0xff, 0xff, 0xff, 0xff, 0xff, 0xff, 0xff, 0xff, 0xff,
0xff, 0xff, 0xff, 0xff, 0xff, 0xff, 0xff, 0xff, 0xff, 0xff, 0xff, 0xff, 0xff, 0xff, 0xff, 0xff,
0xff, 0xff, 0xff, 0xff, 0xff, 0xff, 0xff, 0xff, 0xff, 0xff, 0xff, 0xff, 0xff, 0xff, 0xff, 0xff,
0xff, 0xff, 0xff, 0xff, 0xff, 0xff, 0xff, 0xff, 0xff, 0xff, 0xff, 0xff, 0xff, 0xff, 0xff, 0xff,
0xff, 0xff, 0xff, 0xff, 0xff, 0xff, 0xff, 0xff, 0xff, 0xff, 0xff, 0xff, 0xff, 0xff, 0xff, 0xff,
0xff, 0xff, 0xff, 0xff, 0xff, 0xff, 0xff, 0xff, 0xff, 0xff, 0xff, 0xff, 0xff, 0xff, 0xff, 0xff,
0xff, 0xff, 0xff, 0xff, 0xf7, 0xf8, 0xff, 0xff, 0xd4, 0xd9, 0xff, 0xff, 0xb9, 0xc1, 0xff, 0xff,
0xb8, 0xc0, 0xff, 0xff, 0xb8, 0xc0, 0xff, 0xff, 0xb8, 0xc0, 0xff, 0xff, 0xb8, 0xc0, 0xff, 0xff,
0xb8, 0xc0, 0xff, 0xff, 0xb8, 0xc0, 0xff, 0xff, 0xb8, 0xc0, 0xff, 0xff, 0xb8, 0xc0, 0xff, 0xff,
0xb8, 0xc0, 0xff, 0xff, 0xb8, 0xc0, 0xff, 0xff, 0xb8, 0xc0, 0xff, 0xff, 0xb8, 0xc0, 0xff, 0xff,
0xb8, 0xc0, 0xff, 0xff, 0xb8, 0xc0, 0xff, 0xff, 0xb8, 0xc0, 0xff, 0xff, 0xb8, 0xc0, 0xff, 0xff,
0xb8, 0xc0, 0xff, 0xff, 0xb8, 0xc0, 0xff, 0xff, 0xb8, 0xc0, 0xff, 0xff, 0xb8, 0xc0, 0xff, 0xff,
0xb8, 0xc0, 0xff, 0xff, 0xb8, 0xc0, 0xff, 0xff, 0xb8, 0xc0, 0xff, 0xff, 0xb8, 0xc0, 0xff, 0xff,
0xb8, 0xc0, 0xff, 0xff, 0xb8, 0xc0, 0xff, 0xff, 0xb8, 0xc0, 0xff, 0xff, 0xb8, 0xc0, 0xff, 0xff,
0xb8, 0xc0, 0xff, 0xff, 0xb8, 0xc0, 0xff, 0xf4, 0xb8, 0xc0, 0xff, 0x39, 0xb8, 0xc0, 0xff, 0x00,
0x00, 0x00, 0x00, 0x00, 0x00, 0x00, 0x00, 0x00, 0x00, 0x00, 0x00, 0x00, 0x00, 0x00, 0x00, 0x00,
0x00, 0x00, 0x00, 0x00, 0x00, 0x00, 0x00, 0x00, 0x00, 0x00, 0x00, 0x00, 0x00, 0x00, 0x00, 0x00,
0xd0, 0xd9, 0xff, 0x00, 0xd0, 0xd9, 0xff, 0x1e, 0xd0, 0xd9, 0xff, 0xe1, 0xd0, 0xd9, 0xff, 0xff,
0xd0, 0xd9, 0xff, 0xff, 0xd0, 0xd9, 0xff, 0xff, 0xd0, 0xd9, 0xff, 0xff, 0xd0, 0xd9, 0xff, 0xff,
0xd0, 0xd9, 0xff, 0xff, 0xd0, 0xd9, 0xff, 0xff, 0xd0, 0xd9, 0xff, 0xff, 0xd0, 0xd9, 0xff, 0xff,
0xd0, 0xd9, 0xff, 0xff, 0xd0, 0xd9, 0xff, 0xff, 0xd0, 0xd9, 0xff, 0xff, 0xd0, 0xd9, 0xff, 0xff,
0xd1, 0xda, 0xff, 0xff, 0xcd, 0xd6, 0xff, 0xff, 0xbb, 0xc3, 0xff, 0xff, 0xb8, 0xc0, 0xff, 0xff,
0xb8, 0xc0, 0xff, 0xff, 0xb8, 0xc0, 0xff, 0xff, 0xb8, 0xc0, 0xff, 0xff, 0xb8, 0xc0, 0xff, 0xff,
0xb8, 0xc0, 0xff, 0xff, 0xb8, 0xc0, 0xff, 0xff, 0xb8, 0xc0, 0xff, 0xff, 0xb8, 0xc0, 0xff, 0xff,
0xb8, 0xc0, 0xff, 0xff, 0xb8, 0xc0, 0xff, 0xff, 0xb8, 0xc0, 0xff, 0xff, 0xb8, 0xc0, 0xff, 0xff,
0xb8, 0xc0, 0xff, 0xff, 0xb8, 0xc0, 0xff, 0xff, 0xb8, 0xc0, 0xff, 0xff, 0xb8, 0xc0, 0xff, 0xff,
0xb8, 0xc0, 0xff, 0xff, 0xb8, 0xc0, 0xff, 0xff, 0xb8, 0xc0, 0xff, 0xff, 0xb8, 0xc0, 0xff, 0xff,
0xb8, 0xc0, 0xff, 0xff, 0xb8, 0xc0, 0xff, 0xff, 0xb8, 0xc0, 0xff, 0xff, 0xb8, 0xc0, 0xff, 0xff,
0xb8, 0xc0, 0xff, 0xff, 0xb8, 0xc0, 0xff, 0xff, 0xb8, 0xc0, 0xff, 0xff, 0xb8, 0xc0, 0xff, 0xff,
0xbe, 0xc5, 0xff, 0xff, 0xf3, 0xf4, 0xff, 0xff, 0xff, 0xff, 0xff, 0xff, 0xff, 0xff, 0xff, 0xff,
0xff, 0xff, 0xff, 0xff, 0xff, 0xff, 0xff, 0xff, 0xff, 0xff, 0xff, 0xff, 0xff, 0xff, 0xff, 0xff,
0xff, 0xff, 0xff, 0xff, 0xff, 0xff, 0xff, 0xff, 0xff, 0xff, 0xff, 0xff, 0xff, 0xff, 0xff, 0xff,
0xff, 0xff, 0xff, 0xff, 0xff, 0xff, 0xff, 0xff, 0xff, 0xff, 0xff, 0xff, 0xff, 0xff, 0xff, 0xff,
0xff, 0xff, 0xff, 0xff, 0xff, 0xff, 0xff, 0xff, 0xff, 0xff, 0xff, 0xff, 0xff, 0xff, 0xff, 0xff,
0xff, 0xff, 0xff, 0xff, 0xff, 0xff, 0xff, 0xff, 0xff, 0xff, 0xff, 0xff, 0xff, 0xff, 0xff, 0xff,
0xff, 0xff, 0xff, 0xff, 0xff, 0xff, 0xff, 0xff, 0xff, 0xff, 0xff, 0xff, 0xff, 0xff, 0xff, 0xff,
0xff, 0xff, 0xff, 0xff, 0xff, 0xff, 0xff, 0xff, 0xff, 0xff, 0xff, 0xff, 0xff, 0xff, 0xff, 0xff,
0xff, 0xff, 0xff, 0xff, 0xff, 0xff, 0xff, 0xff, 0xff, 0xff, 0xff, 0xff, 0xff, 0xff, 0xff, 0xff,
0xff, 0xff, 0xff, 0xff, 0xff, 0xff, 0xff, 0xff, 0xfc, 0xfd, 0xff, 0xff, 0xd5, 0xda, 0xff, 0xff,
0xb8, 0xc0, 0xff, 0xff, 0xb8, 0xc0, 0xff, 0xff, 0xb8, 0xc0, 0xff, 0xff, 0xb8, 0xc0, 0xff, 0xff,
0xb8, 0xc0, 0xff, 0xff, 0xb8, 0xc0, 0xff, 0xff, 0xb8, 0xc0, 0xff, 0xff, 0xb8, 0xc0, 0xff, 0xff,
0xb8, 0xc0, 0xff, 0xff, 0xb8, 0xc0, 0xff, 0xff, 0xb8, 0xc0, 0xff, 0xff, 0xb8, 0xc0, 0xff, 0xff,
0xb8, 0xc0, 0xff, 0xff, 0xb8, 0xc0, 0xff, 0xff, 0xb8, 0xc0, 0xff, 0xff, 0xb8, 0xc0, 0xff, 0xff,
0xb8, 0xc0, 0xff, 0xff, 0xb8, 0xc0, 0xff, 0xff, 0xb8, 0xc0, 0xff, 0xff, 0xb8, 0xc0, 0xff, 0xff,
0xb8, 0xc0, 0xff, 0xff, 0xb8, 0xc0, 0xff, 0xff, 0xb8, 0xc0, 0xff, 0xff, 0xb8, 0xc0, 0xff, 0xff,
0xb8, 0xc0, 0xff, 0xff, 0xb8, 0xc0, 0xff, 0xff, 0xb8, 0xc0, 0xff, 0xff, 0xb8, 0xc0, 0xff, 0xff,
0xb8, 0xc0, 0xff, 0xff, 0xb8, 0xc0, 0xff, 0xf4, 0xb8, 0xc0, 0xff, 0x39, 0xb8, 0xc0, 0xff, 0x00,
0x00, 0x00, 0x00, 0x00, 0x00, 0x00, 0x00, 0x00, 0x00, 0x00, 0x00, 0x00, 0x00, 0x00, 0x00, 0x00,
0x00, 0x00, 0x00, 0x00, 0x00, 0x00, 0x00, 0x00, 0x00, 0x00, 0x00, 0x00, 0x00, 0x00, 0x00, 0x00,
0xd0, 0xd9, 0xff, 0x00, 0xd0, 0xd9, 0xff, 0x1e, 0xd0, 0xd9, 0xff, 0xe1, 0xd0, 0xd9, 0xff, 0xff,
0xd0, 0xd9, 0xff, 0xff, 0xd0, 0xd9, 0xff, 0xff, 0xd0, 0xd9, 0xff, 0xff, 0xd0, 0xd9, 0xff, 0xff,
0xd0, 0xd9, 0xff, 0xff, 0xd0, 0xd9, 0xff, 0xff, 0xd0, 0xd9, 0xff, 0xff, 0xd0, 0xd9, 0xff, 0xff,
0xd0, 0xd9, 0xff, 0xff, 0xd0, 0xd9, 0xff, 0xff, 0xd0, 0xd9, 0xff, 0xff, 0xd0, 0xd9, 0xff, 0xff,
0xd1, 0xda, 0xff, 0xff, 0xcd, 0xd6, 0xff, 0xff, 0xbb, 0xc3, 0xff, 0xff, 0xb8, 0xc0, 0xff, 0xff,
0xb8, 0xc0, 0xff, 0xff, 0xb8, 0xc0, 0xff, 0xff, 0xb8, 0xc0, 0xff, 0xff, 0xb8, 0xc0, 0xff, 0xff,
0xb8, 0xc0, 0xff, 0xff, 0xb8, 0xc0, 0xff, 0xff, 0xb8, 0xc0, 0xff, 0xff, 0xb8, 0xc0, 0xff, 0xff,
0xb8, 0xc0, 0xff, 0xff, 0xb8, 0xc0, 0xff, 0xff, 0xb8, 0xc0, 0xff, 0xff, 0xb8, 0xc0, 0xff, 0xff,
0xb8, 0xc0, 0xff, 0xff, 0xb8, 0xc0, 0xff, 0xff, 0xb8, 0xc0, 0xff, 0xff, 0xb8, 0xc0, 0xff, 0xff,
0xb8, 0xc0, 0xff, 0xff, 0xb8, 0xc0, 0xff, 0xff, 0xb8, 0xc0, 0xff, 0xff, 0xb8, 0xc0, 0xff, 0xff,
0xb8, 0xc0, 0xff, 0xff, 0xb8, 0xc0, 0xff, 0xff, 0xb8, 0xc0, 0xff, 0xff, 0xb8, 0xc0, 0xff, 0xff,
0xb8, 0xc0, 0xff, 0xff, 0xb8, 0xc0, 0xff, 0xff, 0xb8, 0xc0, 0xff, 0xff, 0xb8, 0xc0, 0xff, 0xff,
0xbe, 0xc5, 0xff, 0xff, 0xf3, 0xf4, 0xff, 0xff, 0xff, 0xff, 0xff, 0xff, 0xff, 0xff, 0xff, 0xff,
0xff, 0xff, 0xff, 0xff, 0xff, 0xff, 0xff, 0xff, 0xff, 0xff, 0xff, 0xff, 0xff, 0xff, 0xff, 0xff,
0xff, 0xff, 0xff, 0xff, 0xff, 0xff, 0xff, 0xff, 0xff, 0xff, 0xff, 0xff, 0xff, 0xff, 0xff, 0xff,
0xff, 0xff, 0xff, 0xff, 0xff, 0xff, 0xff, 0xff, 0xff, 0xff, 0xff, 0xff, 0xff, 0xff, 0xff, 0xff,
0xff, 0xff, 0xff, 0xff, 0xff, 0xff, 0xff, 0xff, 0xff, 0xff, 0xff, 0xff, 0xff, 0xff, 0xff, 0xff,
0xff, 0xff, 0xff, 0xff, 0xff, 0xff, 0xff, 0xff, 0xff, 0xff, 0xff, 0xff, 0xff, 0xff, 0xff, 0xff,
0xff, 0xff, 0xff, 0xff, 0xff, 0xff, 0xff, 0xff, 0xff, 0xff, 0xff, 0xff, 0xff, 0xff, 0xff, 0xff,
0xff, 0xff, 0xff, 0xff, 0xff, 0xff, 0xff, 0xff, 0xff, 0xff, 0xff, 0xff, 0xff, 0xff, 0xff, 0xff,
0xff, 0xff, 0xff, 0xff, 0xff, 0xff, 0xff, 0xff, 0xff, 0xff, 0xff, 0xff, 0xff, 0xff, 0xff, 0xff,
0xff, 0xff, 0xff, 0xff, 0xff, 0xff, 0xff, 0xff, 0xff, 0xff, 0xff, 0xff, 0xf5, 0xf6, 0xff, 0xff,
0xc1, 0xc8, 0xff, 0xff, 0xb8, 0xc0, 0xff, 0xff, 0xb8, 0xc0, 0xff, 0xff, 0xb8, 0xc0, 0xff, 0xff,
0xb8, 0xc0, 0xff, 0xff, 0xb8, 0xc0, 0xff, 0xff, 0xb8, 0xc0, 0xff, 0xff, 0xb8, 0xc0, 0xff, 0xff,
0xb8, 0xc0, 0xff, 0xff, 0xb8, 0xc0, 0xff, 0xff, 0xb8, 0xc0, 0xff, 0xff, 0xb8, 0xc0, 0xff, 0xff,
0xb8, 0xc0, 0xff, 0xff, 0xb8, 0xc0, 0xff, 0xff, 0xb8, 0xc0, 0xff, 0xff, 0xb8, 0xc0, 0xff, 0xff,
0xb8, 0xc0, 0xff, 0xff, 0xb8, 0xc0, 0xff, 0xff, 0xb8, 0xc0, 0xff, 0xff, 0xb8, 0xc0, 0xff, 0xff,
0xb8, 0xc0, 0xff, 0xff, 0xb8, 0xc0, 0xff, 0xff, 0xb8, 0xc0, 0xff, 0xff, 0xb8, 0xc0, 0xff, 0xff,
0xb8, 0xc0, 0xff, 0xff, 0xb8, 0xc0, 0xff, 0xff, 0xb8, 0xc0, 0xff, 0xff, 0xb8, 0xc0, 0xff, 0xff,
0xb8, 0xc0, 0xff, 0xff, 0xb8, 0xc0, 0xff, 0xf4, 0xb8, 0xc0, 0xff, 0x39, 0xb8, 0xc0, 0xff, 0x00,
0x00, 0x00, 0x00, 0x00, 0x00, 0x00, 0x00, 0x00, 0x00, 0x00, 0x00, 0x00, 0x00, 0x00, 0x00, 0x00,
0x00, 0x00, 0x00, 0x00, 0x00, 0x00, 0x00, 0x00, 0x00, 0x00, 0x00, 0x00, 0x00, 0x00, 0x00, 0x00,
0xd0, 0xd9, 0xff, 0x00, 0xd0, 0xd9, 0xff, 0x1e, 0xd0, 0xd9, 0xff, 0xe1, 0xd0, 0xd9, 0xff, 0xff,
0xd0, 0xd9, 0xff, 0xff, 0xd0, 0xd9, 0xff, 0xff, 0xd0, 0xd9, 0xff, 0xff, 0xd0, 0xd9, 0xff, 0xff,
0xd0, 0xd9, 0xff, 0xff, 0xd0, 0xd9, 0xff, 0xff, 0xd0, 0xd9, 0xff, 0xff, 0xd0, 0xd9, 0xff, 0xff,
0xd0, 0xd9, 0xff, 0xff, 0xd0, 0xd9, 0xff, 0xff, 0xd0, 0xd9, 0xff, 0xff, 0xd0, 0xd9, 0xff, 0xff,
0xd1, 0xda, 0xff, 0xff, 0xcd, 0xd6, 0xff, 0xff, 0xbb, 0xc3, 0xff, 0xff, 0xb8, 0xc0, 0xff, 0xff,
0xb8, 0xc0, 0xff, 0xff, 0xb8, 0xc0, 0xff, 0xff, 0xb8, 0xc0, 0xff, 0xff, 0xb8, 0xc0, 0xff, 0xff,
0xb8, 0xc0, 0xff, 0xff, 0xb8, 0xc0, 0xff, 0xff, 0xb8, 0xc0, 0xff, 0xff, 0xb8, 0xc0, 0xff, 0xff,
0xb8, 0xc0, 0xff, 0xff, 0xb8, 0xc0, 0xff, 0xff, 0xb8, 0xc0, 0xff, 0xff, 0xb8, 0xc0, 0xff, 0xff,
0xb8, 0xc0, 0xff, 0xff, 0xb8, 0xc0, 0xff, 0xff, 0xb8, 0xc0, 0xff, 0xff, 0xb8, 0xc0, 0xff, 0xff,
0xb8, 0xc0, 0xff, 0xff, 0xb8, 0xc0, 0xff, 0xff, 0xb8, 0xc0, 0xff, 0xff, 0xb8, 0xc0, 0xff, 0xff,
0xb8, 0xc0, 0xff, 0xff, 0xb8, 0xc0, 0xff, 0xff, 0xb8, 0xc0, 0xff, 0xff, 0xb8, 0xc0, 0xff, 0xff,
0xb8, 0xc0, 0xff, 0xff, 0xb8, 0xc0, 0xff, 0xff, 0xb8, 0xc0, 0xff, 0xff, 0xb8, 0xc0, 0xff, 0xff,
0xbe, 0xc5, 0xff, 0xff, 0xf3, 0xf4, 0xff, 0xff, 0xff, 0xff, 0xff, 0xff, 0xff, 0xff, 0xff, 0xff,
0xff, 0xff, 0xff, 0xff, 0xff, 0xff, 0xff, 0xff, 0xff, 0xff, 0xff, 0xff, 0xff, 0xff, 0xff, 0xff,
0xff, 0xff, 0xff, 0xff, 0xff, 0xff, 0xff, 0xff, 0xff, 0xff, 0xff, 0xff, 0xff, 0xff, 0xff, 0xff,
0xff, 0xff, 0xff, 0xff, 0xff, 0xff, 0xff, 0xff, 0xff, 0xff, 0xff, 0xff, 0xff, 0xff, 0xff, 0xff,
0xff, 0xff, 0xff, 0xff, 0xff, 0xff, 0xff, 0xff, 0xff, 0xff, 0xff, 0xff, 0xff, 0xff, 0xff, 0xff,
0xff, 0xff, 0xff, 0xff, 0xff, 0xff, 0xff, 0xff, 0xff, 0xff, 0xff, 0xff, 0xff, 0xff, 0xff, 0xff,
0xff, 0xff, 0xff, 0xff, 0xff, 0xff, 0xff, 0xff, 0xff, 0xff, 0xff, 0xff, 0xff, 0xff, 0xff, 0xff,
0xff, 0xff, 0xff, 0xff, 0xff, 0xff, 0xff, 0xff, 0xff, 0xff, 0xff, 0xff, 0xff, 0xff, 0xff, 0xff,
0xff, 0xff, 0xff, 0xff, 0xff, 0xff, 0xff, 0xff, 0xff, 0xff, 0xff, 0xff, 0xff, 0xff, 0xff, 0xff,
0xff, 0xff, 0xff, 0xff, 0xff, 0xff, 0xff, 0xff, 0xff, 0xff, 0xff, 0xff, 0xff, 0xff, 0xff, 0xff,
0xd4, 0xd9, 0xff, 0xff, 0xb7, 0xbf, 0xff, 0xff, 0xb8, 0xc0, 0xff, 0xff, 0xb8, 0xc0, 0xff, 0xff,
0xb8, 0xc0, 0xff, 0xff, 0xb8, 0xc0, 0xff, 0xff, 0xb8, 0xc0, 0xff, 0xff, 0xb8, 0xc0, 0xff, 0xff,
0xb8, 0xc0, 0xff, 0xff, 0xb8, 0xc0, 0xff, 0xff, 0xb8, 0xc0, 0xff, 0xff, 0xb8, 0xc0, 0xff, 0xff,
0xb8, 0xc0, 0xff, 0xff, 0xb8, 0xc0, 0xff, 0xff, 0xb8, 0xc0, 0xff, 0xff, 0xb8, 0xc0, 0xff, 0xff,
0xb8, 0xc0, 0xff, 0xff, 0xb8, 0xc0, 0xff, 0xff, 0xb8, 0xc0, 0xff, 0xff, 0xb8, 0xc0, 0xff, 0xff,
0xb8, 0xc0, 0xff, 0xff, 0xb8, 0xc0, 0xff, 0xff, 0xb8, 0xc0, 0xff, 0xff, 0xb8, 0xc0, 0xff, 0xff,
0xb8, 0xc0, 0xff, 0xff, 0xb8, 0xc0, 0xff, 0xff, 0xb8, 0xc0, 0xff, 0xff, 0xb8, 0xc0, 0xff, 0xff,
0xb8, 0xc0, 0xff, 0xff, 0xb8, 0xc0, 0xff, 0xf4, 0xb8, 0xc0, 0xff, 0x39, 0xb8, 0xc0, 0xff, 0x00,
0x00, 0x00, 0x00, 0x00, 0x00, 0x00, 0x00, 0x00, 0x00, 0x00, 0x00, 0x00, 0x00, 0x00, 0x00, 0x00,
0x00, 0x00, 0x00, 0x00, 0x00, 0x00, 0x00, 0x00, 0x00, 0x00, 0x00, 0x00, 0x00, 0x00, 0x00, 0x00,
0xd0, 0xd9, 0xff, 0x00, 0xd0, 0xd9, 0xff, 0x1e, 0xd0, 0xd9, 0xff, 0xe1, 0xd0, 0xd9, 0xff, 0xff,
0xd0, 0xd9, 0xff, 0xff, 0xd0, 0xd9, 0xff, 0xff, 0xd0, 0xd9, 0xff, 0xff, 0xd0, 0xd9, 0xff, 0xff,
0xd0, 0xd9, 0xff, 0xff, 0xd0, 0xd9, 0xff, 0xff, 0xd0, 0xd9, 0xff, 0xff, 0xd0, 0xd9, 0xff, 0xff,
0xd0, 0xd9, 0xff, 0xff, 0xd0, 0xd9, 0xff, 0xff, 0xd0, 0xd9, 0xff, 0xff, 0xd0, 0xd9, 0xff, 0xff,
0xd1, 0xda, 0xff, 0xff, 0xcd, 0xd6, 0xff, 0xff, 0xbb, 0xc3, 0xff, 0xff, 0xb8, 0xc0, 0xff, 0xff,
0xb8, 0xc0, 0xff, 0xff, 0xb8, 0xc0, 0xff, 0xff, 0xb8, 0xc0, 0xff, 0xff, 0xb8, 0xc0, 0xff, 0xff,
0xb8, 0xc0, 0xff, 0xff, 0xb8, 0xc0, 0xff, 0xff, 0xb8, 0xc0, 0xff, 0xff, 0xb8, 0xc0, 0xff, 0xff,
0xb8, 0xc0, 0xff, 0xff, 0xb8, 0xc0, 0xff, 0xff, 0xb8, 0xc0, 0xff, 0xff, 0xb8, 0xc0, 0xff, 0xff,
0xb8, 0xc0, 0xff, 0xff, 0xb8, 0xc0, 0xff, 0xff, 0xb8, 0xc0, 0xff, 0xff, 0xb8, 0xc0, 0xff, 0xff,
0xb8, 0xc0, 0xff, 0xff, 0xb8, 0xc0, 0xff, 0xff, 0xb8, 0xc0, 0xff, 0xff, 0xb8, 0xc0, 0xff, 0xff,
0xb8, 0xc0, 0xff, 0xff, 0xb8, 0xc0, 0xff, 0xff, 0xb8, 0xc0, 0xff, 0xff, 0xb8, 0xc0, 0xff, 0xff,
0xb8, 0xc0, 0xff, 0xff, 0xb8, 0xc0, 0xff, 0xff, 0xb8, 0xc0, 0xff, 0xff, 0xb8, 0xc0, 0xff, 0xff,
0xbe, 0xc5, 0xff, 0xff, 0xf3, 0xf4, 0xff, 0xff, 0xff, 0xff, 0xff, 0xff, 0xff, 0xff, 0xff, 0xff,
0xff, 0xff, 0xff, 0xff, 0xff, 0xff, 0xff, 0xff, 0xff, 0xff, 0xff, 0xff, 0xff, 0xff, 0xff, 0xff,
0xff, 0xff, 0xff, 0xff, 0xff, 0xff, 0xff, 0xff, 0xff, 0xff, 0xff, 0xff, 0xff, 0xff, 0xff, 0xff,
0xff, 0xff, 0xff, 0xff, 0xff, 0xff, 0xff, 0xff, 0xff, 0xff, 0xff, 0xff, 0xff, 0xff, 0xff, 0xff,
0xff, 0xff, 0xff, 0xff, 0xff, 0xff, 0xff, 0xff, 0xff, 0xff, 0xff, 0xff, 0xff, 0xff, 0xff, 0xff,
0xff, 0xff, 0xff, 0xff, 0xff, 0xff, 0xff, 0xff, 0xff, 0xff, 0xff, 0xff, 0xff, 0xff, 0xff, 0xff,
0xff, 0xff, 0xff, 0xff, 0xff, 0xff, 0xff, 0xff, 0xff, 0xff, 0xff, 0xff, 0xff, 0xff, 0xff, 0xff,
0xff, 0xff, 0xff, 0xff, 0xff, 0xff, 0xff, 0xff, 0xff, 0xff, 0xff, 0xff, 0xff, 0xff, 0xff, 0xff,
0xff, 0xff, 0xff, 0xff, 0xff, 0xff, 0xff, 0xff, 0xff, 0xff, 0xff, 0xff, 0xff, 0xff, 0xff, 0xff,
0xff, 0xff, 0xff, 0xff, 0xff, 0xff, 0xff, 0xff, 0xff, 0xff, 0xff, 0xff, 0xff, 0xff, 0xff, 0xff,
0xdf, 0xe3, 0xff, 0xff, 0xb8, 0xc0, 0xff, 0xff, 0xb8, 0xc0, 0xff, 0xff, 0xb8, 0xc0, 0xff, 0xff,
0xb8, 0xc0, 0xff, 0xff, 0xb8, 0xc0, 0xff, 0xff, 0xb8, 0xc0, 0xff, 0xff, 0xb8, 0xc0, 0xff, 0xff,
0xb8, 0xc0, 0xff, 0xff, 0xb8, 0xc0, 0xff, 0xff, 0xb8, 0xc0, 0xff, 0xff, 0xb8, 0xc0, 0xff, 0xff,
0xb8, 0xc0, 0xff, 0xff, 0xb8, 0xc0, 0xff, 0xff, 0xb8, 0xc0, 0xff, 0xff, 0xb8, 0xc0, 0xff, 0xff,
0xb8, 0xc0, 0xff, 0xff, 0xb8, 0xc0, 0xff, 0xff, 0xb8, 0xc0, 0xff, 0xff, 0xb8, 0xc0, 0xff, 0xff,
0xb8, 0xc0, 0xff, 0xff, 0xb8, 0xc0, 0xff, 0xff, 0xb8, 0xc0, 0xff, 0xff, 0xb8, 0xc0, 0xff, 0xff,
0xb8, 0xc0, 0xff, 0xff, 0xb8, 0xc0, 0xff, 0xff, 0xb8, 0xc0, 0xff, 0xff, 0xb8, 0xc0, 0xff, 0xff,
0xb8, 0xc0, 0xff, 0xff, 0xb8, 0xc0, 0xff, 0xf4, 0xb8, 0xc0, 0xff, 0x39, 0xb8, 0xc0, 0xff, 0x00,
0x00, 0x00, 0x00, 0x00, 0x00, 0x00, 0x00, 0x00, 0x00, 0x00, 0x00, 0x00, 0x00, 0x00, 0x00, 0x00,
0x00, 0x00, 0x00, 0x00, 0x00, 0x00, 0x00, 0x00, 0x00, 0x00, 0x00, 0x00, 0x00, 0x00, 0x00, 0x00,
0xd0, 0xd9, 0xff, 0x00, 0xd0, 0xd9, 0xff, 0x1e, 0xd0, 0xd9, 0xff, 0xe1, 0xd0, 0xd9, 0xff, 0xff,
0xd0, 0xd9, 0xff, 0xff, 0xd0, 0xd9, 0xff, 0xff, 0xd0, 0xd9, 0xff, 0xff, 0xd0, 0xd9, 0xff, 0xff,
0xd0, 0xd9, 0xff, 0xff, 0xd0, 0xd9, 0xff, 0xff, 0xd0, 0xd9, 0xff, 0xff, 0xd0, 0xd9, 0xff, 0xff,
0xd0, 0xd9, 0xff, 0xff, 0xd0, 0xd9, 0xff, 0xff, 0xd0, 0xd9, 0xff, 0xff, 0xd0, 0xd9, 0xff, 0xff,
0xd1, 0xda, 0xff, 0xff, 0xcd, 0xd6, 0xff, 0xff, 0xbb, 0xc3, 0xff, 0xff, 0xb8, 0xc0, 0xff, 0xff,
0xb8, 0xc0, 0xff, 0xff, 0xb8, 0xc0, 0xff, 0xff, 0xb8, 0xc0, 0xff, 0xff, 0xb8, 0xc0, 0xff, 0xff,
0xb8, 0xc0, 0xff, 0xff, 0xb8, 0xc0, 0xff, 0xff, 0xb8, 0xc0, 0xff, 0xff, 0xb8, 0xc0, 0xff, 0xff,
0xb8, 0xc0, 0xff, 0xff, 0xb8, 0xc0, 0xff, 0xff, 0xb8, 0xc0, 0xff, 0xff, 0xb8, 0xc0, 0xff, 0xff,
0xb8, 0xc0, 0xff, 0xff, 0xb8, 0xc0, 0xff, 0xff, 0xb8, 0xc0, 0xff, 0xff, 0xb8, 0xc0, 0xff, 0xff,
0xb8, 0xc0, 0xff, 0xff, 0xb8, 0xc0, 0xff, 0xff, 0xb8, 0xc0, 0xff, 0xff, 0xb8, 0xc0, 0xff, 0xff,
0xb8, 0xc0, 0xff, 0xff, 0xb8, 0xc0, 0xff, 0xff, 0xb8, 0xc0, 0xff, 0xff, 0xb8, 0xc0, 0xff, 0xff,
0xb8, 0xc0, 0xff, 0xff, 0xb8, 0xc0, 0xff, 0xff, 0xb8, 0xc0, 0xff, 0xff, 0xb8, 0xc0, 0xff, 0xff,
0xbe, 0xc5, 0xff, 0xff, 0xf3, 0xf4, 0xff, 0xff, 0xff, 0xff, 0xff, 0xff, 0xff, 0xff, 0xff, 0xff,
0xff, 0xff, 0xff, 0xff, 0xff, 0xff, 0xff, 0xff, 0xff, 0xff, 0xff, 0xff, 0xff, 0xff, 0xff, 0xff,
0xff, 0xff, 0xff, 0xff, 0xff, 0xff, 0xff, 0xff, 0xff, 0xff, 0xff, 0xff, 0xff, 0xff, 0xff, 0xff,
0xff, 0xff, 0xff, 0xff, 0xff, 0xff, 0xff, 0xff, 0xff, 0xff, 0xff, 0xff, 0xff, 0xff, 0xff, 0xff,
0xff, 0xff, 0xff, 0xff, 0xff, 0xff, 0xff, 0xff, 0xff, 0xff, 0xff, 0xff, 0xff, 0xff, 0xff, 0xff,
0xff, 0xff, 0xff, 0xff, 0xff, 0xff, 0xff, 0xff, 0xff, 0xff, 0xff, 0xff, 0xff, 0xff, 0xff, 0xff,
0xff, 0xff, 0xff, 0xff, 0xff, 0xff, 0xff, 0xff, 0xff, 0xff, 0xff, 0xff, 0xff, 0xff, 0xff, 0xff,
0xff, 0xff, 0xff, 0xff, 0xff, 0xff, 0xff, 0xff, 0xff, 0xff, 0xff, 0xff, 0xff, 0xff, 0xff, 0xff,
0xff, 0xff, 0xff, 0xff, 0xff, 0xff, 0xff, 0xff, 0xff, 0xff, 0xff, 0xff, 0xff, 0xff, 0xff, 0xff,
0xff, 0xff, 0xff, 0xff, 0xff, 0xff, 0xff, 0xff, 0xff, 0xff, 0xff, 0xff, 0xff, 0xff, 0xff, 0xff,
0xe0, 0xe3, 0xff, 0xff, 0xb8, 0xc0, 0xff, 0xff, 0xb8, 0xc0, 0xff, 0xff, 0xb8, 0xc0, 0xff, 0xff,
0xb8, 0xc0, 0xff, 0xff, 0xb8, 0xc0, 0xff, 0xff, 0xb8, 0xc0, 0xff, 0xff, 0xb8, 0xc0, 0xff, 0xff,
0xb8, 0xc0, 0xff, 0xff, 0xb8, 0xc0, 0xff, 0xff, 0xb8, 0xc0, 0xff, 0xff, 0xb8, 0xc0, 0xff, 0xff,
0xb8, 0xc0, 0xff, 0xff, 0xb8, 0xc0, 0xff, 0xff, 0xb8, 0xc0, 0xff, 0xff, 0xb8, 0xc0, 0xff, 0xff,
0xb8, 0xc0, 0xff, 0xff, 0xb8, 0xc0, 0xff, 0xff, 0xb8, 0xc0, 0xff, 0xff, 0xb8, 0xc0, 0xff, 0xff,
0xb8, 0xc0, 0xff, 0xff, 0xb8, 0xc0, 0xff, 0xff, 0xb8, 0xc0, 0xff, 0xff, 0xb8, 0xc0, 0xff, 0xff,
0xb8, 0xc0, 0xff, 0xff, 0xb8, 0xc0, 0xff, 0xff, 0xb8, 0xc0, 0xff, 0xff, 0xb8, 0xc0, 0xff, 0xff,
0xb8, 0xc0, 0xff, 0xff, 0xb8, 0xc0, 0xff, 0xf4, 0xb8, 0xc0, 0xff, 0x39, 0xb8, 0xc0, 0xff, 0x00,
0x00, 0x00, 0x00, 0x00, 0x00, 0x00, 0x00, 0x00, 0x00, 0x00, 0x00, 0x00, 0x00, 0x00, 0x00, 0x00,
0x00, 0x00, 0x00, 0x00, 0x00, 0x00, 0x00, 0x00, 0x00, 0x00, 0x00, 0x00, 0x00, 0x00, 0x00, 0x00,
0xd0, 0xd9, 0xff, 0x00, 0xd0, 0xd9, 0xff, 0x1e, 0xd0, 0xd9, 0xff, 0xe1, 0xd0, 0xd9, 0xff, 0xff,
0xd0, 0xd9, 0xff, 0xff, 0xd0, 0xd9, 0xff, 0xff, 0xd0, 0xd9, 0xff, 0xff, 0xd0, 0xd9, 0xff, 0xff,
0xd0, 0xd9, 0xff, 0xff, 0xd0, 0xd9, 0xff, 0xff, 0xd0, 0xd9, 0xff, 0xff, 0xd0, 0xd9, 0xff, 0xff,
0xd0, 0xd9, 0xff, 0xff, 0xd0, 0xd9, 0xff, 0xff, 0xd0, 0xd9, 0xff, 0xff, 0xd0, 0xd9, 0xff, 0xff,
0xd1, 0xda, 0xff, 0xff, 0xcd, 0xd6, 0xff, 0xff, 0xbb, 0xc3, 0xff, 0xff, 0xb8, 0xc0, 0xff, 0xff,
0xb8, 0xc0, 0xff, 0xff, 0xb8, 0xc0, 0xff, 0xff, 0xb8, 0xc0, 0xff, 0xff, 0xb8, 0xc0, 0xff, 0xff,
0xb8, 0xc0, 0xff, 0xff, 0xb8, 0xc0, 0xff, 0xff, 0xb8, 0xc0, 0xff, 0xff, 0xb8, 0xc0, 0xff, 0xff,
0xb8, 0xc0, 0xff, 0xff, 0xb8, 0xc0, 0xff, 0xff, 0xb8, 0xc0, 0xff, 0xff, 0xb8, 0xc0, 0xff, 0xff,
0xb8, 0xc0, 0xff, 0xff, 0xb8, 0xc0, 0xff, 0xff, 0xb8, 0xc0, 0xff, 0xff, 0xb8, 0xc0, 0xff, 0xff,
0xb8, 0xc0, 0xff, 0xff, 0xb8, 0xc0, 0xff, 0xff, 0xb8, 0xc0, 0xff, 0xff, 0xb8, 0xc0, 0xff, 0xff,
0xb8, 0xc0, 0xff, 0xff, 0xb8, 0xc0, 0xff, 0xff, 0xb8, 0xc0, 0xff, 0xff, 0xb8, 0xc0, 0xff, 0xff,
0xb8, 0xc0, 0xff, 0xff, 0xb8, 0xc0, 0xff, 0xff, 0xb8, 0xc0, 0xff, 0xff, 0xb8, 0xc0, 0xff, 0xff,
0xbe, 0xc5, 0xff, 0xff, 0xf3, 0xf4, 0xff, 0xff, 0xff, 0xff, 0xff, 0xff, 0xff, 0xff, 0xff, 0xff,
0xff, 0xff, 0xff, 0xff, 0xff, 0xff, 0xff, 0xff, 0xff, 0xff, 0xff, 0xff, 0xff, 0xff, 0xff, 0xff,
0xff, 0xff, 0xff, 0xff, 0xff, 0xff, 0xff, 0xff, 0xff, 0xff, 0xff, 0xff, 0xff, 0xff, 0xff, 0xff,
0xff, 0xff, 0xff, 0xff, 0xff, 0xff, 0xff, 0xff, 0xff, 0xff, 0xff, 0xff, 0xff, 0xff, 0xff, 0xff,
0xff, 0xff, 0xff, 0xff, 0xff, 0xff, 0xff, 0xff, 0xff, 0xff, 0xff, 0xff, 0xff, 0xff, 0xff, 0xff,
0xff, 0xff, 0xff, 0xff, 0xff, 0xff, 0xff, 0xff, 0xff, 0xff, 0xff, 0xff, 0xff, 0xff, 0xff, 0xff,
0xff, 0xff, 0xff, 0xff, 0xff, 0xff, 0xff, 0xff, 0xff, 0xff, 0xff, 0xff, 0xff, 0xff, 0xff, 0xff,
0xff, 0xff, 0xff, 0xff, 0xff, 0xff, 0xff, 0xff, 0xff, 0xff, 0xff, 0xff, 0xff, 0xff, 0xff, 0xff,
0xff, 0xff, 0xff, 0xff, 0xff, 0xff, 0xff, 0xff, 0xff, 0xff, 0xff, 0xff, 0xff, 0xff, 0xff, 0xff,
0xff, 0xff, 0xff, 0xff, 0xff, 0xff, 0xff, 0xff, 0xff, 0xff, 0xff, 0xff, 0xff, 0xff, 0xff, 0xff,
0xd7, 0xdb, 0xff, 0xff, 0xb7, 0xbf, 0xff, 0xff, 0xb8, 0xc0, 0xff, 0xff, 0xb8, 0xc0, 0xff, 0xff,
0xb8, 0xc0, 0xff, 0xff, 0xb8, 0xc0, 0xff, 0xff, 0xb8, 0xc0, 0xff, 0xff, 0xb8, 0xc0, 0xff, 0xff,
0xb8, 0xc0, 0xff, 0xff, 0xb8, 0xc0, 0xff, 0xff, 0xb8, 0xc0, 0xff, 0xff, 0xb8, 0xc0, 0xff, 0xff,
0xb8, 0xc0, 0xff, 0xff, 0xb8, 0xc0, 0xff, 0xff, 0xb8, 0xc0, 0xff, 0xff, 0xb8, 0xc0, 0xff, 0xff,
0xb8, 0xc0, 0xff, 0xff, 0xb8, 0xc0, 0xff, 0xff, 0xb8, 0xc0, 0xff, 0xff, 0xb8, 0xc0, 0xff, 0xff,
0xb8, 0xc0, 0xff, 0xff, 0xb8, 0xc0, 0xff, 0xff, 0xb8, 0xc0, 0xff, 0xff, 0xb8, 0xc0, 0xff, 0xff,
0xb8, 0xc0, 0xff, 0xff, 0xb8, 0xc0, 0xff, 0xff, 0xb8, 0xc0, 0xff, 0xff, 0xb8, 0xc0, 0xff, 0xff,
0xb8, 0xc0, 0xff, 0xff, 0xb8, 0xc0, 0xff, 0xf4, 0xb8, 0xc0, 0xff, 0x39, 0xb8, 0xc0, 0xff, 0x00,
0x00, 0x00, 0x00, 0x00, 0x00, 0x00, 0x00, 0x00, 0x00, 0x00, 0x00, 0x00, 0x00, 0x00, 0x00, 0x00,
0x00, 0x00, 0x00, 0x00, 0x00, 0x00, 0x00, 0x00, 0x00, 0x00, 0x00, 0x00, 0x00, 0x00, 0x00, 0x00,
0xd0, 0xd9, 0xff, 0x00, 0xd0, 0xd9, 0xff, 0x1e, 0xd0, 0xd9, 0xff, 0xe1, 0xd0, 0xd9, 0xff, 0xff,
0xd0, 0xd9, 0xff, 0xff, 0xd0, 0xd9, 0xff, 0xff, 0xd0, 0xd9, 0xff, 0xff, 0xd0, 0xd9, 0xff, 0xff,
0xd0, 0xd9, 0xff, 0xff, 0xd0, 0xd9, 0xff, 0xff, 0xd0, 0xd9, 0xff, 0xff, 0xd0, 0xd9, 0xff, 0xff,
0xd0, 0xd9, 0xff, 0xff, 0xd0, 0xd9, 0xff, 0xff, 0xd0, 0xd9, 0xff, 0xff, 0xd0, 0xd9, 0xff, 0xff,
0xd1, 0xda, 0xff, 0xff, 0xcd, 0xd6, 0xff, 0xff, 0xbb, 0xc3, 0xff, 0xff, 0xb8, 0xc0, 0xff, 0xff,
0xb8, 0xc0, 0xff, 0xff, 0xb8, 0xc0, 0xff, 0xff, 0xb8, 0xc0, 0xff, 0xff, 0xb8, 0xc0, 0xff, 0xff,
0xb8, 0xc0, 0xff, 0xff, 0xb8, 0xc0, 0xff, 0xff, 0xb8, 0xc0, 0xff, 0xff, 0xb8, 0xc0, 0xff, 0xff,
0xb8, 0xc0, 0xff, 0xff, 0xb8, 0xc0, 0xff, 0xff, 0xb8, 0xc0, 0xff, 0xff, 0xb8, 0xc0, 0xff, 0xff,
0xb8, 0xc0, 0xff, 0xff, 0xb8, 0xc0, 0xff, 0xff, 0xb8, 0xc0, 0xff, 0xff, 0xb8, 0xc0, 0xff, 0xff,
0xb8, 0xc0, 0xff, 0xff, 0xb8, 0xc0, 0xff, 0xff, 0xb8, 0xc0, 0xff, 0xff, 0xb8, 0xc0, 0xff, 0xff,
0xb8, 0xc0, 0xff, 0xff, 0xb8, 0xc0, 0xff, 0xff, 0xb8, 0xc0, 0xff, 0xff, 0xb8, 0xc0, 0xff, 0xff,
0xb8, 0xc0, 0xff, 0xff, 0xb8, 0xc0, 0xff, 0xff, 0xb8, 0xc0, 0xff, 0xff, 0xb8, 0xc0, 0xff, 0xff,
0xbe, 0xc5, 0xff, 0xff, 0xf3, 0xf4, 0xff, 0xff, 0xff, 0xff, 0xff, 0xff, 0xff, 0xff, 0xff, 0xff,
0xff, 0xff, 0xff, 0xff, 0xff, 0xff, 0xff, 0xff, 0xff, 0xff, 0xff, 0xff, 0xff, 0xff, 0xff, 0xff,
0xff, 0xff, 0xff, 0xff, 0xff, 0xff, 0xff, 0xff, 0xff, 0xff, 0xff, 0xff, 0xff, 0xff, 0xff, 0xff,
0xff, 0xff, 0xff, 0xff, 0xff, 0xff, 0xff, 0xff, 0xff, 0xff, 0xff, 0xff, 0xff, 0xff, 0xff, 0xff,
0xff, 0xff, 0xff, 0xff, 0xff, 0xff, 0xff, 0xff, 0xff, 0xff, 0xff, 0xff, 0xff, 0xff, 0xff, 0xff,
0xff, 0xff, 0xff, 0xff, 0xff, 0xff, 0xff, 0xff, 0xff, 0xff, 0xff, 0xff, 0xff, 0xff, 0xff, 0xff,
0xff, 0xff, 0xff, 0xff, 0xff, 0xff, 0xff, 0xff, 0xff, 0xff, 0xff, 0xff, 0xff, 0xff, 0xff, 0xff,
0xff, 0xff, 0xff, 0xff, 0xff, 0xff, 0xff, 0xff, 0xff, 0xff, 0xff, 0xff, 0xff, 0xff, 0xff, 0xff,
0xff, 0xff, 0xff, 0xff, 0xff, 0xff, 0xff, 0xff, 0xff, 0xff, 0xff, 0xff, 0xff, 0xff, 0xff, 0xff,
0xff, 0xff, 0xff, 0xff, 0xff, 0xff, 0xff, 0xff, 0xff, 0xff, 0xff, 0xff, 0xf8, 0xf9, 0xff, 0xff,
0xc4, 0xcb, 0xff, 0xff, 0xb8, 0xc0, 0xff, 0xff, 0xb8, 0xc0, 0xff, 0xff, 0xb8, 0xc0, 0xff, 0xff,
0xb8, 0xc0, 0xff, 0xff, 0xb8, 0xc0, 0xff, 0xff, 0xb8, 0xc0, 0xff, 0xff, 0xb8, 0xc0, 0xff, 0xff,
0xb8, 0xc0, 0xff, 0xff, 0xb8, 0xc0, 0xff, 0xff, 0xb8, 0xc0, 0xff, 0xff, 0xb8, 0xc0, 0xff, 0xff,
0xb8, 0xc0, 0xff, 0xff, 0xb8, 0xc0, 0xff, 0xff, 0xb8, 0xc0, 0xff, 0xff, 0xb8, 0xc0, 0xff, 0xff,
0xb8, 0xc0, 0xff, 0xff, 0xb8, 0xc0, 0xff, 0xff, 0xb8, 0xc0, 0xff, 0xff, 0xb8, 0xc0, 0xff, 0xff,
0xb8, 0xc0, 0xff, 0xff, 0xb8, 0xc0, 0xff, 0xff, 0xb8, 0xc0, 0xff, 0xff, 0xb8, 0xc0, 0xff, 0xff,
0xb8, 0xc0, 0xff, 0xff, 0xb8, 0xc0, 0xff, 0xff, 0xb8, 0xc0, 0xff, 0xff, 0xb8, 0xc0, 0xff, 0xff,
0xb8, 0xc0, 0xff, 0xff, 0xb8, 0xc0, 0xff, 0xf4, 0xb8, 0xc0, 0xff, 0x39, 0xb8, 0xc0, 0xff, 0x00,
0x00, 0x00, 0x00, 0x00, 0x00, 0x00, 0x00, 0x00, 0x00, 0x00, 0x00, 0x00, 0x00, 0x00, 0x00, 0x00,
0x00, 0x00, 0x00, 0x00, 0x00, 0x00, 0x00, 0x00, 0x00, 0x00, 0x00, 0x00, 0x00, 0x00, 0x00, 0x00,
0xd0, 0xd9, 0xff, 0x00, 0xd0, 0xd9, 0xff, 0x1e, 0xd0, 0xd9, 0xff, 0xe1, 0xd0, 0xd9, 0xff, 0xff,
0xd0, 0xd9, 0xff, 0xff, 0xd0, 0xd9, 0xff, 0xff, 0xd0, 0xd9, 0xff, 0xff, 0xd0, 0xd9, 0xff, 0xff,
0xd0, 0xd9, 0xff, 0xff, 0xd0, 0xd9, 0xff, 0xff, 0xd0, 0xd9, 0xff, 0xff, 0xd0, 0xd9, 0xff, 0xff,
0xd0, 0xd9, 0xff, 0xff, 0xd0, 0xd9, 0xff, 0xff, 0xd0, 0xd9, 0xff, 0xff, 0xd0, 0xd9, 0xff, 0xff,
0xd1, 0xda, 0xff, 0xff, 0xcd, 0xd6, 0xff, 0xff, 0xbb, 0xc3, 0xff, 0xff, 0xb8, 0xc0, 0xff, 0xff,
0xb8, 0xc0, 0xff, 0xff, 0xb8, 0xc0, 0xff, 0xff, 0xb8, 0xc0, 0xff, 0xff, 0xb8, 0xc0, 0xff, 0xff,
0xb8, 0xc0, 0xff, 0xff, 0xb8, 0xc0, 0xff, 0xff, 0xb8, 0xc0, 0xff, 0xff, 0xb8, 0xc0, 0xff, 0xff,
0xb8, 0xc0, 0xff, 0xff, 0xb8, 0xc0, 0xff, 0xff, 0xb8, 0xc0, 0xff, 0xff, 0xb8, 0xc0, 0xff, 0xff,
0xb8, 0xc0, 0xff, 0xff, 0xb8, 0xc0, 0xff, 0xff, 0xb8, 0xc0, 0xff, 0xff, 0xb8, 0xc0, 0xff, 0xff,
0xb8, 0xc0, 0xff, 0xff, 0xb8, 0xc0, 0xff, 0xff, 0xb8, 0xc0, 0xff, 0xff, 0xb8, 0xc0, 0xff, 0xff,
0xb8, 0xc0, 0xff, 0xff, 0xb8, 0xc0, 0xff, 0xff, 0xb8, 0xc0, 0xff, 0xff, 0xb8, 0xc0, 0xff, 0xff,
0xb8, 0xc0, 0xff, 0xff, 0xb8, 0xc0, 0xff, 0xff, 0xb8, 0xc0, 0xff, 0xff, 0xb8, 0xc0, 0xff, 0xff,
0xbe, 0xc5, 0xff, 0xff, 0xf3, 0xf4, 0xff, 0xff, 0xff, 0xff, 0xff, 0xff, 0xff, 0xff, 0xff, 0xff,
0xff, 0xff, 0xff, 0xff, 0xff, 0xff, 0xff, 0xff, 0xff, 0xff, 0xff, 0xff, 0xff, 0xff, 0xff, 0xff,
0xff, 0xff, 0xff, 0xff, 0xff, 0xff, 0xff, 0xff, 0xff, 0xff, 0xff, 0xff, 0xff, 0xff, 0xff, 0xff,
0xff, 0xff, 0xff, 0xff, 0xff, 0xff, 0xff, 0xff, 0xff, 0xff, 0xff, 0xff, 0xff, 0xff, 0xff, 0xff,
0xff, 0xff, 0xff, 0xff, 0xff, 0xff, 0xff, 0xff, 0xff, 0xff, 0xff, 0xff, 0xff, 0xff, 0xff, 0xff,
0xff, 0xff, 0xff, 0xff, 0xff, 0xff, 0xff, 0xff, 0xff, 0xff, 0xff, 0xff, 0xff, 0xff, 0xff, 0xff,
0xff, 0xff, 0xff, 0xff, 0xff, 0xff, 0xff, 0xff, 0xff, 0xff, 0xff, 0xff, 0xff, 0xff, 0xff, 0xff,
0xff, 0xff, 0xff, 0xff, 0xff, 0xff, 0xff, 0xff, 0xff, 0xff, 0xff, 0xff, 0xff, 0xff, 0xff, 0xff,
0xff, 0xff, 0xff, 0xff, 0xff, 0xff, 0xff, 0xff, 0xff, 0xff, 0xff, 0xff, 0xff, 0xff, 0xff, 0xff,
0xff, 0xff, 0xff, 0xff, 0xff, 0xff, 0xff, 0xff, 0xfe, 0xff, 0xff, 0xff, 0xdc, 0xe0, 0xff, 0xff,
0xb9, 0xc1, 0xff, 0xff, 0xb8, 0xc0, 0xff, 0xff, 0xb8, 0xc0, 0xff, 0xff, 0xb8, 0xc0, 0xff, 0xff,
0xb8, 0xc0, 0xff, 0xff, 0xb8, 0xc0, 0xff, 0xff, 0xb8, 0xc0, 0xff, 0xff, 0xb8, 0xc0, 0xff, 0xff,
0xb8, 0xc0, 0xff, 0xff, 0xb8, 0xc0, 0xff, 0xff, 0xb8, 0xc0, 0xff, 0xff, 0xb8, 0xc0, 0xff, 0xff,
0xb8, 0xc0, 0xff, 0xff, 0xb8, 0xc0, 0xff, 0xff, 0xb8, 0xc0, 0xff, 0xff, 0xb8, 0xc0, 0xff, 0xff,
0xb8, 0xc0, 0xff, 0xff, 0xb8, 0xc0, 0xff, 0xff, 0xb8, 0xc0, 0xff, 0xff, 0xb8, 0xc0, 0xff, 0xff,
0xb8, 0xc0, 0xff, 0xff, 0xb8, 0xc0, 0xff, 0xff, 0xb8, 0xc0, 0xff, 0xff, 0xb8, 0xc0, 0xff, 0xff,
0xb8, 0xc0, 0xff, 0xff, 0xb8, 0xc0, 0xff, 0xff, 0xb8, 0xc0, 0xff, 0xff, 0xb8, 0xc0, 0xff, 0xff,
0xb8, 0xc0, 0xff, 0xff, 0xb8, 0xc0, 0xff, 0xf4, 0xb8, 0xc0, 0xff, 0x39, 0xb8, 0xc0, 0xff, 0x00,
0x00, 0x00, 0x00, 0x00, 0x00, 0x00, 0x00, 0x00, 0x00, 0x00, 0x00, 0x00, 0x00, 0x00, 0x00, 0x00,
0x00, 0x00, 0x00, 0x00, 0x00, 0x00, 0x00, 0x00, 0x00, 0x00, 0x00, 0x00, 0x00, 0x00, 0x00, 0x00,
0xd0, 0xd9, 0xff, 0x00, 0xd0, 0xd9, 0xff, 0x1e, 0xd0, 0xd9, 0xff, 0xe1, 0xd0, 0xd9, 0xff, 0xff,
0xd0, 0xd9, 0xff, 0xff, 0xd0, 0xd9, 0xff, 0xff, 0xd0, 0xd9, 0xff, 0xff, 0xd0, 0xd9, 0xff, 0xff,
0xd0, 0xd9, 0xff, 0xff, 0xd0, 0xd9, 0xff, 0xff, 0xd0, 0xd9, 0xff, 0xff, 0xd0, 0xd9, 0xff, 0xff,
0xd0, 0xd9, 0xff, 0xff, 0xd0, 0xd9, 0xff, 0xff, 0xd0, 0xd9, 0xff, 0xff, 0xd0, 0xd9, 0xff, 0xff,
0xd1, 0xda, 0xff, 0xff, 0xcd, 0xd6, 0xff, 0xff, 0xbb, 0xc3, 0xff, 0xff, 0xb8, 0xc0, 0xff, 0xff,
0xb8, 0xc0, 0xff, 0xff, 0xb8, 0xc0, 0xff, 0xff, 0xb8, 0xc0, 0xff, 0xff, 0xb8, 0xc0, 0xff, 0xff,
0xb8, 0xc0, 0xff, 0xff, 0xb8, 0xc0, 0xff, 0xff, 0xb8, 0xc0, 0xff, 0xff, 0xb8, 0xc0, 0xff, 0xff,
0xb8, 0xc0, 0xff, 0xff, 0xb8, 0xc0, 0xff, 0xff, 0xb8, 0xc0, 0xff, 0xff, 0xb8, 0xc0, 0xff, 0xff,
0xb8, 0xc0, 0xff, 0xff, 0xb8, 0xc0, 0xff, 0xff, 0xb8, 0xc0, 0xff, 0xff, 0xb8, 0xc0, 0xff, 0xff,
0xb8, 0xc0, 0xff, 0xff, 0xb8, 0xc0, 0xff, 0xff, 0xb8, 0xc0, 0xff, 0xff, 0xb8, 0xc0, 0xff, 0xff,
0xb8, 0xc0, 0xff, 0xff, 0xb8, 0xc0, 0xff, 0xff, 0xb8, 0xc0, 0xff, 0xff, 0xb8, 0xc0, 0xff, 0xff,
0xb8, 0xc0, 0xff, 0xff, 0xb8, 0xc0, 0xff, 0xff, 0xb8, 0xc0, 0xff, 0xff, 0xb8, 0xc0, 0xff, 0xff,
0xbe, 0xc5, 0xff, 0xff, 0xf3, 0xf4, 0xff, 0xff, 0xff, 0xff, 0xff, 0xff, 0xff, 0xff, 0xff, 0xff,
0xff, 0xff, 0xff, 0xff, 0xff, 0xff, 0xff, 0xff, 0xff, 0xff, 0xff, 0xff, 0xff, 0xff, 0xff, 0xff,
0xff, 0xff, 0xff, 0xff, 0xff, 0xff, 0xff, 0xff, 0xff, 0xff, 0xff, 0xff, 0xff, 0xff, 0xff, 0xff,
0xff, 0xff, 0xff, 0xff, 0xff, 0xff, 0xff, 0xff, 0xff, 0xff, 0xff, 0xff, 0xff, 0xff, 0xff, 0xff,
0xff, 0xff, 0xff, 0xff, 0xff, 0xff, 0xff, 0xff, 0xff, 0xff, 0xff, 0xff, 0xff, 0xff, 0xff, 0xff,
0xff, 0xff, 0xff, 0xff, 0xff, 0xff, 0xff, 0xff, 0xff, 0xff, 0xff, 0xff, 0xff, 0xff, 0xff, 0xff,
0xff, 0xff, 0xff, 0xff, 0xff, 0xff, 0xff, 0xff, 0xff, 0xff, 0xff, 0xff, 0xff, 0xff, 0xff, 0xff,
0xff, 0xff, 0xff, 0xff, 0xff, 0xff, 0xff, 0xff, 0xff, 0xff, 0xff, 0xff, 0xff, 0xff, 0xff, 0xff,
0xff, 0xff, 0xff, 0xff, 0xff, 0xff, 0xff, 0xff, 0xff, 0xff, 0xff, 0xff, 0xff, 0xff, 0xff, 0xff,
0xff, 0xff, 0xff, 0xff, 0xfb, 0xfc, 0xff, 0xff, 0xdd, 0xe1, 0xff, 0xff, 0xbb, 0xc3, 0xff, 0xff,
0xb8, 0xc0, 0xff, 0xff, 0xb8, 0xc0, 0xff, 0xff, 0xb8, 0xc0, 0xff, 0xff, 0xb8, 0xc0, 0xff, 0xff,
0xb8, 0xc0, 0xff, 0xff, 0xb8, 0xc0, 0xff, 0xff, 0xb8, 0xc0, 0xff, 0xff, 0xb8, 0xc0, 0xff, 0xff,
0xb8, 0xc0, 0xff, 0xff, 0xb8, 0xc0, 0xff, 0xff, 0xb8, 0xc0, 0xff, 0xff, 0xb8, 0xc0, 0xff, 0xff,
0xb8, 0xc0, 0xff, 0xff, 0xb8, 0xc0, 0xff, 0xff, 0xb8, 0xc0, 0xff, 0xff, 0xb8, 0xc0, 0xff, 0xff,
0xb8, 0xc0, 0xff, 0xff, 0xb8, 0xc0, 0xff, 0xff, 0xb8, 0xc0, 0xff, 0xff, 0xb8, 0xc0, 0xff, 0xff,
0xb8, 0xc0, 0xff, 0xff, 0xb8, 0xc0, 0xff, 0xff, 0xb8, 0xc0, 0xff, 0xff, 0xb8, 0xc0, 0xff, 0xff,
0xb8, 0xc0, 0xff, 0xff, 0xb8, 0xc0, 0xff, 0xff, 0xb8, 0xc0, 0xff, 0xff, 0xb8, 0xc0, 0xff, 0xff,
0xb8, 0xc0, 0xff, 0xff, 0xb8, 0xc0, 0xff, 0xf4, 0xb8, 0xc0, 0xff, 0x39, 0xb8, 0xc0, 0xff, 0x00,
0x00, 0x00, 0x00, 0x00, 0x00, 0x00, 0x00, 0x00, 0x00, 0x00, 0x00, 0x00, 0x00, 0x00, 0x00, 0x00,
0x00, 0x00, 0x00, 0x00, 0x00, 0x00, 0x00, 0x00, 0x00, 0x00, 0x00, 0x00, 0x00, 0x00, 0x00, 0x00,
0xd0, 0xd9, 0xff, 0x00, 0xd0, 0xd9, 0xff, 0x1e, 0xd0, 0xd9, 0xff, 0xe1, 0xd0, 0xd9, 0xff, 0xff,
0xd0, 0xd9, 0xff, 0xff, 0xd0, 0xd9, 0xff, 0xff, 0xd0, 0xd9, 0xff, 0xff, 0xd0, 0xd9, 0xff, 0xff,
0xd0, 0xd9, 0xff, 0xff, 0xd0, 0xd9, 0xff, 0xff, 0xd0, 0xd9, 0xff, 0xff, 0xd0, 0xd9, 0xff, 0xff,
0xd0, 0xd9, 0xff, 0xff, 0xd0, 0xd9, 0xff, 0xff, 0xd0, 0xd9, 0xff, 0xff, 0xd0, 0xd9, 0xff, 0xff,
0xd1, 0xda, 0xff, 0xff, 0xcd, 0xd6, 0xff, 0xff, 0xbb, 0xc3, 0xff, 0xff, 0xb8, 0xc0, 0xff, 0xff,
0xb8, 0xc0, 0xff, 0xff, 0xb8, 0xc0, 0xff, 0xff, 0xb8, 0xc0, 0xff, 0xff, 0xb8, 0xc0, 0xff, 0xff,
0xb8, 0xc0, 0xff, 0xff, 0xb8, 0xc0, 0xff, 0xff, 0xb8, 0xc0, 0xff, 0xff, 0xb8, 0xc0, 0xff, 0xff,
0xb8, 0xc0, 0xff, 0xff, 0xb8, 0xc0, 0xff, 0xff, 0xb8, 0xc0, 0xff, 0xff, 0xb8, 0xc0, 0xff, 0xff,
0xb8, 0xc0, 0xff, 0xff, 0xb8, 0xc0, 0xff, 0xff, 0xb8, 0xc0, 0xff, 0xff, 0xb8, 0xc0, 0xff, 0xff,
0xb8, 0xc0, 0xff, 0xff, 0xb8, 0xc0, 0xff, 0xff, 0xb8, 0xc0, 0xff, 0xff, 0xb8, 0xc0, 0xff, 0xff,
0xb8, 0xc0, 0xff, 0xff, 0xb8, 0xc0, 0xff, 0xff, 0xb8, 0xc0, 0xff, 0xff, 0xb8, 0xc0, 0xff, 0xff,
0xb8, 0xc0, 0xff, 0xff, 0xb8, 0xc0, 0xff, 0xff, 0xb8, 0xc0, 0xff, 0xff, 0xb8, 0xc0, 0xff, 0xff,
0xbe, 0xc5, 0xff, 0xff, 0xf3, 0xf4, 0xff, 0xff, 0xff, 0xff, 0xff, 0xff, 0xff, 0xff, 0xff, 0xff,
0xff, 0xff, 0xff, 0xff, 0xff, 0xff, 0xff, 0xff, 0xff, 0xff, 0xff, 0xff, 0xff, 0xff, 0xff, 0xff,
0xff, 0xff, 0xff, 0xff, 0xff, 0xff, 0xff, 0xff, 0xff, 0xff, 0xff, 0xff, 0xff, 0xff, 0xff, 0xff,
0xff, 0xff, 0xff, 0xff, 0xff, 0xff, 0xff, 0xff, 0xff, 0xff, 0xff, 0xff, 0xff, 0xff, 0xff, 0xff,
0xff, 0xff, 0xff, 0xff, 0xff, 0xff, 0xff, 0xff, 0xff, 0xff, 0xff, 0xff, 0xff, 0xff, 0xff, 0xff,
0xff, 0xff, 0xff, 0xff, 0xff, 0xff, 0xff, 0xff, 0xff, 0xff, 0xff, 0xff, 0xff, 0xff, 0xff, 0xff,
0xff, 0xff, 0xff, 0xff, 0xff, 0xff, 0xff, 0xff, 0xff, 0xff, 0xff, 0xff, 0xff, 0xff, 0xff, 0xff,
0xff, 0xff, 0xff, 0xff, 0xff, 0xff, 0xff, 0xff, 0xff, 0xff, 0xff, 0xff, 0xff, 0xff, 0xff, 0xff,
0xff, 0xff, 0xff, 0xff, 0xff, 0xff, 0xff, 0xff, 0xff, 0xff, 0xff, 0xff, 0xff, 0xff, 0xff, 0xff,
0xef, 0xf1, 0xff, 0xff, 0xce, 0xd4, 0xff, 0xff, 0xb9, 0xc1, 0xff, 0xff, 0xb8, 0xc0, 0xff, 0xff,
0xb8, 0xc0, 0xff, 0xff, 0xb8, 0xc0, 0xff, 0xff, 0xb8, 0xc0, 0xff, 0xff, 0xb8, 0xc0, 0xff, 0xff,
0xb8, 0xc0, 0xff, 0xff, 0xb8, 0xc0, 0xff, 0xff, 0xb8, 0xc0, 0xff, 0xff, 0xb8, 0xc0, 0xff, 0xff,
0xb8, 0xc0, 0xff, 0xff, 0xb8, 0xc0, 0xff, 0xff, 0xb8, 0xc0, 0xff, 0xff, 0xb8, 0xc0, 0xff, 0xff,
0xb8, 0xc0, 0xff, 0xff, 0xb8, 0xc0, 0xff, 0xff, 0xb8, 0xc0, 0xff, 0xff, 0xb8, 0xc0, 0xff, 0xff,
0xb8, 0xc0, 0xff, 0xff, 0xb8, 0xc0, 0xff, 0xff, 0xb8, 0xc0, 0xff, 0xff, 0xb8, 0xc0, 0xff, 0xff,
0xb8, 0xc0, 0xff, 0xff, 0xb8, 0xc0, 0xff, 0xff, 0xb8, 0xc0, 0xff, 0xff, 0xb8, 0xc0, 0xff, 0xff,
0xb8, 0xc0, 0xff, 0xff, 0xb8, 0xc0, 0xff, 0xff, 0xb8, 0xc0, 0xff, 0xff, 0xb8, 0xc0, 0xff, 0xff,
0xb8, 0xc0, 0xff, 0xff, 0xb8, 0xc0, 0xff, 0xf4, 0xb8, 0xc0, 0xff, 0x39, 0xb8, 0xc0, 0xff, 0x00,
0x00, 0x00, 0x00, 0x00, 0x00, 0x00, 0x00, 0x00, 0x00, 0x00, 0x00, 0x00, 0x00, 0x00, 0x00, 0x00,
0x00, 0x00, 0x00, 0x00, 0x00, 0x00, 0x00, 0x00, 0x00, 0x00, 0x00, 0x00, 0x00, 0x00, 0x00, 0x00,
0xd0, 0xd9, 0xff, 0x00, 0xd0, 0xd9, 0xff, 0x1e, 0xd0, 0xd9, 0xff, 0xe1, 0xd0, 0xd9, 0xff, 0xff,
0xd0, 0xd9, 0xff, 0xff, 0xd0, 0xd9, 0xff, 0xff, 0xd0, 0xd9, 0xff, 0xff, 0xd0, 0xd9, 0xff, 0xff,
0xd0, 0xd9, 0xff, 0xff, 0xd0, 0xd9, 0xff, 0xff, 0xd0, 0xd9, 0xff, 0xff, 0xd0, 0xd9, 0xff, 0xff,
0xd0, 0xd9, 0xff, 0xff, 0xd0, 0xd9, 0xff, 0xff, 0xd0, 0xd9, 0xff, 0xff, 0xd0, 0xd9, 0xff, 0xff,
0xd1, 0xda, 0xff, 0xff, 0xcd, 0xd6, 0xff, 0xff, 0xbb, 0xc3, 0xff, 0xff, 0xb8, 0xc0, 0xff, 0xff,
0xb8, 0xc0, 0xff, 0xff, 0xb8, 0xc0, 0xff, 0xff, 0xb8, 0xc0, 0xff, 0xff, 0xb8, 0xc0, 0xff, 0xff,
0xb8, 0xc0, 0xff, 0xff, 0xb8, 0xc0, 0xff, 0xff, 0xb8, 0xc0, 0xff, 0xff, 0xb8, 0xc0, 0xff, 0xff,
0xb8, 0xc0, 0xff, 0xff, 0xb8, 0xc0, 0xff, 0xff, 0xb8, 0xc0, 0xff, 0xff, 0xb8, 0xc0, 0xff, 0xff,
0xb8, 0xc0, 0xff, 0xff, 0xb8, 0xc0, 0xff, 0xff, 0xb8, 0xc0, 0xff, 0xff, 0xb8, 0xc0, 0xff, 0xff,
0xb8, 0xc0, 0xff, 0xff, 0xb8, 0xc0, 0xff, 0xff, 0xb8, 0xc0, 0xff, 0xff, 0xb8, 0xc0, 0xff, 0xff,
0xb8, 0xc0, 0xff, 0xff, 0xb8, 0xc0, 0xff, 0xff, 0xb8, 0xc0, 0xff, 0xff, 0xb8, 0xc0, 0xff, 0xff,
0xb8, 0xc0, 0xff, 0xff, 0xb8, 0xc0, 0xff, 0xff, 0xb8, 0xc0, 0xff, 0xff, 0xb8, 0xc0, 0xff, 0xff,
0xbe, 0xc5, 0xff, 0xff, 0xf3, 0xf4, 0xff, 0xff, 0xff, 0xff, 0xff, 0xff, 0xff, 0xff, 0xff, 0xff,
0xff, 0xff, 0xff, 0xff, 0xff, 0xff, 0xff, 0xff, 0xff, 0xff, 0xff, 0xff, 0xff, 0xff, 0xff, 0xff,
0xff, 0xff, 0xff, 0xff, 0xff, 0xff, 0xff, 0xff, 0xff, 0xff, 0xff, 0xff, 0xff, 0xff, 0xff, 0xff,
0xff, 0xff, 0xff, 0xff, 0xff, 0xff, 0xff, 0xff, 0xff, 0xff, 0xff, 0xff, 0xff, 0xff, 0xff, 0xff,
0xff, 0xff, 0xff, 0xff, 0xff, 0xff, 0xff, 0xff, 0xff, 0xff, 0xff, 0xff, 0xff, 0xff, 0xff, 0xff,
0xff, 0xff, 0xff, 0xff, 0xff, 0xff, 0xff, 0xff, 0xff, 0xff, 0xff, 0xff, 0xff, 0xff, 0xff, 0xff,
0xff, 0xff, 0xff, 0xff, 0xff, 0xff, 0xff, 0xff, 0xff, 0xff, 0xff, 0xff, 0xff, 0xff, 0xff, 0xff,
0xff, 0xff, 0xff, 0xff, 0xff, 0xff, 0xff, 0xff, 0xff, 0xff, 0xff, 0xff, 0xff, 0xff, 0xff, 0xff,
0xff, 0xff, 0xff, 0xff, 0xff, 0xff, 0xff, 0xff, 0xf6, 0xf7, 0xff, 0xff, 0xd9, 0xdd, 0xff, 0xff,
0xbe, 0xc6, 0xff, 0xff, 0xb7, 0xbf, 0xff, 0xff, 0xb8, 0xc0, 0xff, 0xff, 0xb8, 0xc0, 0xff, 0xff,
0xb8, 0xc0, 0xff, 0xff, 0xb8, 0xc0, 0xff, 0xff, 0xb8, 0xc0, 0xff, 0xff, 0xb8, 0xc0, 0xff, 0xff,
0xb8, 0xc0, 0xff, 0xff, 0xb8, 0xc0, 0xff, 0xff, 0xb8, 0xc0, 0xff, 0xff, 0xb8, 0xc0, 0xff, 0xff,
0xb8, 0xc0, 0xff, 0xff, 0xb8, 0xc0, 0xff, 0xff, 0xb8, 0xc0, 0xff, 0xff, 0xb8, 0xc0, 0xff, 0xff,
0xb8, 0xc0, 0xff, 0xff, 0xb8, 0xc0, 0xff, 0xff, 0xb8, 0xc0, 0xff, 0xff, 0xb8, 0xc0, 0xff, 0xff,
0xb8, 0xc0, 0xff, 0xff, 0xb8, 0xc0, 0xff, 0xff, 0xb8, 0xc0, 0xff, 0xff, 0xb8, 0xc0, 0xff, 0xff,
0xb8, 0xc0, 0xff, 0xff, 0xb8, 0xc0, 0xff, 0xff, 0xb8, 0xc0, 0xff, 0xff, 0xb8, 0xc0, 0xff, 0xff,
0xb8, 0xc0, 0xff, 0xff, 0xb8, 0xc0, 0xff, 0xff, 0xb8, 0xc0, 0xff, 0xff, 0xb8, 0xc0, 0xff, 0xff,
0xb8, 0xc0, 0xff, 0xff, 0xb8, 0xc0, 0xff, 0xf4, 0xb8, 0xc0, 0xff, 0x39, 0xb8, 0xc0, 0xff, 0x00,
0x00, 0x00, 0x00, 0x00, 0x00, 0x00, 0x00, 0x00, 0x00, 0x00, 0x00, 0x00, 0x00, 0x00, 0x00, 0x00,
0x00, 0x00, 0x00, 0x00, 0x00, 0x00, 0x00, 0x00, 0x00, 0x00, 0x00, 0x00, 0x00, 0x00, 0x00, 0x00,
0xd0, 0xd9, 0xff, 0x00, 0xd0, 0xd9, 0xff, 0x1e, 0xd0, 0xd9, 0xff, 0xe1, 0xd0, 0xd9, 0xff, 0xff,
0xd0, 0xd9, 0xff, 0xff, 0xd0, 0xd9, 0xff, 0xff, 0xd0, 0xd9, 0xff, 0xff, 0xd0, 0xd9, 0xff, 0xff,
0xd0, 0xd9, 0xff, 0xff, 0xd0, 0xd9, 0xff, 0xff, 0xd0, 0xd9, 0xff, 0xff, 0xd0, 0xd9, 0xff, 0xff,
0xd0, 0xd9, 0xff, 0xff, 0xd0, 0xd9, 0xff, 0xff, 0xd0, 0xd9, 0xff, 0xff, 0xd0, 0xd9, 0xff, 0xff,
0xd1, 0xda, 0xff, 0xff, 0xcd, 0xd6, 0xff, 0xff, 0xbb, 0xc3, 0xff, 0xff, 0xb8, 0xc0, 0xff, 0xff,
0xb8, 0xc0, 0xff, 0xff, 0xb8, 0xc0, 0xff, 0xff, 0xb8, 0xc0, 0xff, 0xff, 0xb8, 0xc0, 0xff, 0xff,
0xb8, 0xc0, 0xff, 0xff, 0xb8, 0xc0, 0xff, 0xff, 0xb8, 0xc0, 0xff, 0xff, 0xb8, 0xc0, 0xff, 0xff,
0xb8, 0xc0, 0xff, 0xff, 0xb8, 0xc0, 0xff, 0xff, 0xb8, 0xc0, 0xff, 0xff, 0xb8, 0xc0, 0xff, 0xff,
0xb8, 0xc0, 0xff, 0xff, 0xb8, 0xc0, 0xff, 0xff, 0xb8, 0xc0, 0xff, 0xff, 0xb8, 0xc0, 0xff, 0xff,
0xb8, 0xc0, 0xff, 0xff, 0xb8, 0xc0, 0xff, 0xff, 0xb8, 0xc0, 0xff, 0xff, 0xb8, 0xc0, 0xff, 0xff,
0xb8, 0xc0, 0xff, 0xff, 0xb8, 0xc0, 0xff, 0xff, 0xb8, 0xc0, 0xff, 0xff, 0xb8, 0xc0, 0xff, 0xff,
0xb8, 0xc0, 0xff, 0xff, 0xb8, 0xc0, 0xff, 0xff, 0xb8, 0xc0, 0xff, 0xff, 0xb8, 0xc0, 0xff, 0xff,
0xbe, 0xc5, 0xff, 0xff, 0xf3, 0xf4, 0xff, 0xff, 0xff, 0xff, 0xff, 0xff, 0xff, 0xff, 0xff, 0xff,
0xff, 0xff, 0xff, 0xff, 0xff, 0xff, 0xff, 0xff, 0xff, 0xff, 0xff, 0xff, 0xff, 0xff, 0xff, 0xff,
0xff, 0xff, 0xff, 0xff, 0xff, 0xff, 0xff, 0xff, 0xff, 0xff, 0xff, 0xff, 0xff, 0xff, 0xff, 0xff,
0xff, 0xff, 0xff, 0xff, 0xff, 0xff, 0xff, 0xff, 0xff, 0xff, 0xff, 0xff, 0xff, 0xff, 0xff, 0xff,
0xff, 0xff, 0xff, 0xff, 0xff, 0xff, 0xff, 0xff, 0xff, 0xff, 0xff, 0xff, 0xff, 0xff, 0xff, 0xff,
0xff, 0xff, 0xff, 0xff, 0xff, 0xff, 0xff, 0xff, 0xff, 0xff, 0xff, 0xff, 0xff, 0xff, 0xff, 0xff,
0xff, 0xff, 0xff, 0xff, 0xff, 0xff, 0xff, 0xff, 0xff, 0xff, 0xff, 0xff, 0xff, 0xff, 0xff, 0xff,
0xff, 0xff, 0xff, 0xff, 0xff, 0xff, 0xff, 0xff, 0xff, 0xff, 0xff, 0xff, 0xff, 0xff, 0xff, 0xff,
0xf9, 0xfa, 0xff, 0xff, 0xdf, 0xe3, 0xff, 0xff, 0xc3, 0xca, 0xff, 0xff, 0xb8, 0xc0, 0xff, 0xff,
0xb8, 0xc0, 0xff, 0xff, 0xb8, 0xc0, 0xff, 0xff, 0xb8, 0xc0, 0xff, 0xff, 0xb8, 0xc0, 0xff, 0xff,
0xb8, 0xc0, 0xff, 0xff, 0xb8, 0xc0, 0xff, 0xff, 0xb8, 0xc0, 0xff, 0xff, 0xb8, 0xc0, 0xff, 0xff,
0xb8, 0xc0, 0xff, 0xff, 0xb8, 0xc0, 0xff, 0xff, 0xb8, 0xc0, 0xff, 0xff, 0xb8, 0xc0, 0xff, 0xff,
0xb8, 0xc0, 0xff, 0xff, 0xb8, 0xc0, 0xff, 0xff, 0xb8, 0xc0, 0xff, 0xff, 0xb8, 0xc0, 0xff, 0xff,
0xb8, 0xc0, 0xff, 0xff, 0xb8, 0xc0, 0xff, 0xff, 0xb8, 0xc0, 0xff, 0xff, 0xb8, 0xc0, 0xff, 0xff,
0xb8, 0xc0, 0xff, 0xff, 0xb8, 0xc0, 0xff, 0xff, 0xb8, 0xc0, 0xff, 0xff, 0xb8, 0xc0, 0xff, 0xff,
0xb8, 0xc0, 0xff, 0xff, 0xb8, 0xc0, 0xff, 0xff, 0xb8, 0xc0, 0xff, 0xff, 0xb8, 0xc0, 0xff, 0xff,
0xb8, 0xc0, 0xff, 0xff, 0xb8, 0xc0, 0xff, 0xff, 0xb8, 0xc0, 0xff, 0xff, 0xb8, 0xc0, 0xff, 0xff,
0xb8, 0xc0, 0xff, 0xff, 0xb8, 0xc0, 0xff, 0xf4, 0xb8, 0xc0, 0xff, 0x39, 0xb8, 0xc0, 0xff, 0x00,
0x00, 0x00, 0x00, 0x00, 0x00, 0x00, 0x00, 0x00, 0x00, 0x00, 0x00, 0x00, 0x00, 0x00, 0x00, 0x00,
0x00, 0x00, 0x00, 0x00, 0x00, 0x00, 0x00, 0x00, 0x00, 0x00, 0x00, 0x00, 0x00, 0x00, 0x00, 0x00,
0xd0, 0xd9, 0xff, 0x00, 0xd0, 0xd9, 0xff, 0x1e, 0xd0, 0xd9, 0xff, 0xe1, 0xd0, 0xd9, 0xff, 0xff,
0xd0, 0xd9, 0xff, 0xff, 0xd0, 0xd9, 0xff, 0xff, 0xd0, 0xd9, 0xff, 0xff, 0xd0, 0xd9, 0xff, 0xff,
0xd0, 0xd9, 0xff, 0xff, 0xd0, 0xd9, 0xff, 0xff, 0xd0, 0xd9, 0xff, 0xff, 0xd0, 0xd9, 0xff, 0xff,
0xd0, 0xd9, 0xff, 0xff, 0xd0, 0xd9, 0xff, 0xff, 0xd0, 0xd9, 0xff, 0xff, 0xd0, 0xd9, 0xff, 0xff,
0xd1, 0xda, 0xff, 0xff, 0xcd, 0xd6, 0xff, 0xff, 0xbb, 0xc3, 0xff, 0xff, 0xb8, 0xc0, 0xff, 0xff,
0xb8, 0xc0, 0xff, 0xff, 0xb8, 0xc0, 0xff, 0xff, 0xb8, 0xc0, 0xff, 0xff, 0xb8, 0xc0, 0xff, 0xff,
0xb8, 0xc0, 0xff, 0xff, 0xb8, 0xc0, 0xff, 0xff, 0xb8, 0xc0, 0xff, 0xff, 0xb8, 0xc0, 0xff, 0xff,
0xb8, 0xc0, 0xff, 0xff, 0xb8, 0xc0, 0xff, 0xff, 0xb8, 0xc0, 0xff, 0xff, 0xb8, 0xc0, 0xff, 0xff,
0xb8, 0xc0, 0xff, 0xff, 0xb8, 0xc0, 0xff, 0xff, 0xb8, 0xc0, 0xff, 0xff, 0xb8, 0xc0, 0xff, 0xff,
0xb8, 0xc0, 0xff, 0xff, 0xb8, 0xc0, 0xff, 0xff, 0xb8, 0xc0, 0xff, 0xff, 0xb8, 0xc0, 0xff, 0xff,
0xb8, 0xc0, 0xff, 0xff, 0xb8, 0xc0, 0xff, 0xff, 0xb8, 0xc0, 0xff, 0xff, 0xb8, 0xc0, 0xff, 0xff,
0xb8, 0xc0, 0xff, 0xff, 0xb8, 0xc0, 0xff, 0xff, 0xb8, 0xc0, 0xff, 0xff, 0xb8, 0xc0, 0xff, 0xff,
0xbe, 0xc5, 0xff, 0xff, 0xf3, 0xf4, 0xff, 0xff, 0xff, 0xff, 0xff, 0xff, 0xff, 0xff, 0xff, 0xff,
0xff, 0xff, 0xff, 0xff, 0xff, 0xff, 0xff, 0xff, 0xff, 0xff, 0xff, 0xff, 0xff, 0xff, 0xff, 0xff,
0xff, 0xff, 0xff, 0xff, 0xff, 0xff, 0xff, 0xff, 0xff, 0xff, 0xff, 0xff, 0xff, 0xff, 0xff, 0xff,
0xff, 0xff, 0xff, 0xff, 0xff, 0xff, 0xff, 0xff, 0xff, 0xff, 0xff, 0xff, 0xff, 0xff, 0xff, 0xff,
0xff, 0xff, 0xff, 0xff, 0xff, 0xff, 0xff, 0xff, 0xff, 0xff, 0xff, 0xff, 0xff, 0xff, 0xff, 0xff,
0xff, 0xff, 0xff, 0xff, 0xff, 0xff, 0xff, 0xff, 0xff, 0xff, 0xff, 0xff, 0xff, 0xff, 0xff, 0xff,
0xff, 0xff, 0xff, 0xff, 0xff, 0xff, 0xff, 0xff, 0xff, 0xff, 0xff, 0xff, 0xff, 0xff, 0xff, 0xff,
0xff, 0xff, 0xff, 0xff, 0xff, 0xff, 0xff, 0xff, 0xfb, 0xfc, 0xff, 0xff, 0xe4, 0xe7, 0xff, 0xff,
0xc7, 0xcd, 0xff, 0xff, 0xb8, 0xc0, 0xff, 0xff, 0xb8, 0xc0, 0xff, 0xff, 0xb8, 0xc0, 0xff, 0xff,
0xb8, 0xc0, 0xff, 0xff, 0xb8, 0xc0, 0xff, 0xff, 0xb8, 0xc0, 0xff, 0xff, 0xb8, 0xc0, 0xff, 0xff,
0xb8, 0xc0, 0xff, 0xff, 0xb8, 0xc0, 0xff, 0xff, 0xb8, 0xc0, 0xff, 0xff, 0xb8, 0xc0, 0xff, 0xff,
0xb8, 0xc0, 0xff, 0xff, 0xb8, 0xc0, 0xff, 0xff, 0xb8, 0xc0, 0xff, 0xff, 0xb8, 0xc0, 0xff, 0xff,
0xb8, 0xc0, 0xff, 0xff, 0xb8, 0xc0, 0xff, 0xff, 0xb8, 0xc0, 0xff, 0xff, 0xb8, 0xc0, 0xff, 0xff,
0xb8, 0xc0, 0xff, 0xff, 0xb8, 0xc0, 0xff, 0xff, 0xb8, 0xc0, 0xff, 0xff, 0xb8, 0xc0, 0xff, 0xff,
0xb8, 0xc0, 0xff, 0xff, 0xb8, 0xc0, 0xff, 0xff, 0xb8, 0xc0, 0xff, 0xff, 0xb8, 0xc0, 0xff, 0xff,
0xb8, 0xc0, 0xff, 0xff, 0xb8, 0xc0, 0xff, 0xff, 0xb8, 0xc0, 0xff, 0xff, 0xb8, 0xc0, 0xff, 0xff,
0xb8, 0xc0, 0xff, 0xff, 0xb8, 0xc0, 0xff, 0xff, 0xb8, 0xc0, 0xff, 0xff, 0xb8, 0xc0, 0xff, 0xff,
0xb8, 0xc0, 0xff, 0xff, 0xb8, 0xc0, 0xff, 0xf4, 0xb8, 0xc0, 0xff, 0x39, 0xb8, 0xc0, 0xff, 0x00,
0x00, 0x00, 0x00, 0x00, 0x00, 0x00, 0x00, 0x00, 0x00, 0x00, 0x00, 0x00, 0x00, 0x00, 0x00, 0x00,
0x00, 0x00, 0x00, 0x00, 0x00, 0x00, 0x00, 0x00, 0x00, 0x00, 0x00, 0x00, 0x00, 0x00, 0x00, 0x00,
0xd0, 0xd9, 0xff, 0x00, 0xd0, 0xd9, 0xff, 0x1e, 0xd0, 0xd9, 0xff, 0xe1, 0xd0, 0xd9, 0xff, 0xff,
0xd0, 0xd9, 0xff, 0xff, 0xd0, 0xd9, 0xff, 0xff, 0xd0, 0xd9, 0xff, 0xff, 0xd0, 0xd9, 0xff, 0xff,
0xd0, 0xd9, 0xff, 0xff, 0xd0, 0xd9, 0xff, 0xff, 0xd0, 0xd9, 0xff, 0xff, 0xd0, 0xd9, 0xff, 0xff,
0xd0, 0xd9, 0xff, 0xff, 0xd0, 0xd9, 0xff, 0xff, 0xd0, 0xd9, 0xff, 0xff, 0xd0, 0xd9, 0xff, 0xff,
0xd1, 0xda, 0xff, 0xff, 0xcd, 0xd6, 0xff, 0xff, 0xbb, 0xc3, 0xff, 0xff, 0xb8, 0xc0, 0xff, 0xff,
0xb8, 0xc0, 0xff, 0xff, 0xb8, 0xc0, 0xff, 0xff, 0xb8, 0xc0, 0xff, 0xff, 0xb8, 0xc0, 0xff, 0xff,
0xb8, 0xc0, 0xff, 0xff, 0xb8, 0xc0, 0xff, 0xff, 0xb8, 0xc0, 0xff, 0xff, 0xb8, 0xc0, 0xff, 0xff,
0xb8, 0xc0, 0xff, 0xff, 0xb8, 0xc0, 0xff, 0xff, 0xb8, 0xc0, 0xff, 0xff, 0xb8, 0xc0, 0xff, 0xff,
0xb8, 0xc0, 0xff, 0xff, 0xb8, 0xc0, 0xff, 0xff, 0xb8, 0xc0, 0xff, 0xff, 0xb8, 0xc0, 0xff, 0xff,
0xb8, 0xc0, 0xff, 0xff, 0xb8, 0xc0, 0xff, 0xff, 0xb8, 0xc0, 0xff, 0xff, 0xb8, 0xc0, 0xff, 0xff,
0xb8, 0xc0, 0xff, 0xff, 0xb8, 0xc0, 0xff, 0xff, 0xb8, 0xc0, 0xff, 0xff, 0xb8, 0xc0, 0xff, 0xff,
0xb8, 0xc0, 0xff, 0xff, 0xb8, 0xc0, 0xff, 0xff, 0xb8, 0xc0, 0xff, 0xff, 0xb8, 0xc0, 0xff, 0xff,
0xbe, 0xc5, 0xff, 0xff, 0xf3, 0xf4, 0xff, 0xff, 0xff, 0xff, 0xff, 0xff, 0xff, 0xff, 0xff, 0xff,
0xff, 0xff, 0xff, 0xff, 0xff, 0xff, 0xff, 0xff, 0xff, 0xff, 0xff, 0xff, 0xff, 0xff, 0xff, 0xff,
0xff, 0xff, 0xff, 0xff, 0xff, 0xff, 0xff, 0xff, 0xff, 0xff, 0xff, 0xff, 0xff, 0xff, 0xff, 0xff,
0xff, 0xff, 0xff, 0xff, 0xff, 0xff, 0xff, 0xff, 0xff, 0xff, 0xff, 0xff, 0xff, 0xff, 0xff, 0xff,
0xff, 0xff, 0xff, 0xff, 0xff, 0xff, 0xff, 0xff, 0xff, 0xff, 0xff, 0xff, 0xff, 0xff, 0xff, 0xff,
0xff, 0xff, 0xff, 0xff, 0xff, 0xff, 0xff, 0xff, 0xff, 0xff, 0xff, 0xff, 0xff, 0xff, 0xff, 0xff,
0xff, 0xff, 0xff, 0xff, 0xff, 0xff, 0xff, 0xff, 0xff, 0xff, 0xff, 0xff, 0xff, 0xff, 0xff, 0xff,
0xfd, 0xfd, 0xff, 0xff, 0xe9, 0xec, 0xff, 0xff, 0xcb, 0xd1, 0xff, 0xff, 0xb9, 0xc1, 0xff, 0xff,
0xb7, 0xbf, 0xff, 0xff, 0xb8, 0xc0, 0xff, 0xff, 0xb8, 0xc0, 0xff, 0xff, 0xb8, 0xc0, 0xff, 0xff,
0xb8, 0xc0, 0xff, 0xff, 0xb8, 0xc0, 0xff, 0xff, 0xb8, 0xc0, 0xff, 0xff, 0xb8, 0xc0, 0xff, 0xff,
0xb8, 0xc0, 0xff, 0xff, 0xb8, 0xc0, 0xff, 0xff, 0xb8, 0xc0, 0xff, 0xff, 0xb8, 0xc0, 0xff, 0xff,
0xb8, 0xc0, 0xff, 0xff, 0xb8, 0xc0, 0xff, 0xff, 0xb8, 0xc0, 0xff, 0xff, 0xb8, 0xc0, 0xff, 0xff,
0xb8, 0xc0, 0xff, 0xff, 0xb8, 0xc0, 0xff, 0xff, 0xb8, 0xc0, 0xff, 0xff, 0xb8, 0xc0, 0xff, 0xff,
0xb8, 0xc0, 0xff, 0xff, 0xb8, 0xc0, 0xff, 0xff, 0xb8, 0xc0, 0xff, 0xff, 0xb8, 0xc0, 0xff, 0xff,
0xb8, 0xc0, 0xff, 0xff, 0xb8, 0xc0, 0xff, 0xff, 0xb8, 0xc0, 0xff, 0xff, 0xb8, 0xc0, 0xff, 0xff,
0xb8, 0xc0, 0xff, 0xff, 0xb8, 0xc0, 0xff, 0xff, 0xb8, 0xc0, 0xff, 0xff, 0xb8, 0xc0, 0xff, 0xff,
0xb8, 0xc0, 0xff, 0xff, 0xb8, 0xc0, 0xff, 0xff, 0xb8, 0xc0, 0xff, 0xff, 0xb8, 0xc0, 0xff, 0xff,
0xb8, 0xc0, 0xff, 0xff, 0xb8, 0xc0, 0xff, 0xf4, 0xb8, 0xc0, 0xff, 0x39, 0xb8, 0xc0, 0xff, 0x00,
0x00, 0x00, 0x00, 0x00, 0x00, 0x00, 0x00, 0x00, 0x00, 0x00, 0x00, 0x00, 0x00, 0x00, 0x00, 0x00,
0x00, 0x00, 0x00, 0x00, 0x00, 0x00, 0x00, 0x00, 0x00, 0x00, 0x00, 0x00, 0x00, 0x00, 0x00, 0x00,
0xd0, 0xd9, 0xff, 0x00, 0xd0, 0xd9, 0xff, 0x1e, 0xd0, 0xd9, 0xff, 0xe1, 0xd0, 0xd9, 0xff, 0xff,
0xd0, 0xd9, 0xff, 0xff, 0xd0, 0xd9, 0xff, 0xff, 0xd0, 0xd9, 0xff, 0xff, 0xd0, 0xd9, 0xff, 0xff,
0xd0, 0xd9, 0xff, 0xff, 0xd0, 0xd9, 0xff, 0xff, 0xd0, 0xd9, 0xff, 0xff, 0xd0, 0xd9, 0xff, 0xff,
0xd0, 0xd9, 0xff, 0xff, 0xd0, 0xd9, 0xff, 0xff, 0xd0, 0xd9, 0xff, 0xff, 0xd0, 0xd9, 0xff, 0xff,
0xd1, 0xda, 0xff, 0xff, 0xcd, 0xd6, 0xff, 0xff, 0xbb, 0xc3, 0xff, 0xff, 0xb8, 0xc0, 0xff, 0xff,
0xb8, 0xc0, 0xff, 0xff, 0xb8, 0xc0, 0xff, 0xff, 0xb8, 0xc0, 0xff, 0xff, 0xb8, 0xc0, 0xff, 0xff,
0xb8, 0xc0, 0xff, 0xff, 0xb8, 0xc0, 0xff, 0xff, 0xb8, 0xc0, 0xff, 0xff, 0xb8, 0xc0, 0xff, 0xff,
0xb8, 0xc0, 0xff, 0xff, 0xb8, 0xc0, 0xff, 0xff, 0xb8, 0xc0, 0xff, 0xff, 0xb8, 0xc0, 0xff, 0xff,
0xb8, 0xc0, 0xff, 0xff, 0xb8, 0xc0, 0xff, 0xff, 0xb8, 0xc0, 0xff, 0xff, 0xb8, 0xc0, 0xff, 0xff,
0xb8, 0xc0, 0xff, 0xff, 0xb8, 0xc0, 0xff, 0xff, 0xb8, 0xc0, 0xff, 0xff, 0xb8, 0xc0, 0xff, 0xff,
0xb8, 0xc0, 0xff, 0xff, 0xb8, 0xc0, 0xff, 0xff, 0xb8, 0xc0, 0xff, 0xff, 0xb8, 0xc0, 0xff, 0xff,
0xb8, 0xc0, 0xff, 0xff, 0xb8, 0xc0, 0xff, 0xff, 0xb8, 0xc0, 0xff, 0xff, 0xb8, 0xc0, 0xff, 0xff,
0xbe, 0xc5, 0xff, 0xff, 0xf3, 0xf4, 0xff, 0xff, 0xff, 0xff, 0xff, 0xff, 0xff, 0xff, 0xff, 0xff,
0xff, 0xff, 0xff, 0xff, 0xff, 0xff, 0xff, 0xff, 0xff, 0xff, 0xff, 0xff, 0xff, 0xff, 0xff, 0xff,
0xff, 0xff, 0xff, 0xff, 0xff, 0xff, 0xff, 0xff, 0xff, 0xff, 0xff, 0xff, 0xff, 0xff, 0xff, 0xff,
0xff, 0xff, 0xff, 0xff, 0xff, 0xff, 0xff, 0xff, 0xff, 0xff, 0xff, 0xff, 0xff, 0xff, 0xff, 0xff,
0xff, 0xff, 0xff, 0xff, 0xff, 0xff, 0xff, 0xff, 0xff, 0xff, 0xff, 0xff, 0xff, 0xff, 0xff, 0xff,
0xff, 0xff, 0xff, 0xff, 0xff, 0xff, 0xff, 0xff, 0xff, 0xff, 0xff, 0xff, 0xff, 0xff, 0xff, 0xff,
0xff, 0xff, 0xff, 0xff, 0xff, 0xff, 0xff, 0xff, 0xfe, 0xfe, 0xff, 0xff, 0xed, 0xef, 0xff, 0xff,
0xcf, 0xd5, 0xff, 0xff, 0xbb, 0xc3, 0xff, 0xff, 0xb7, 0xbf, 0xff, 0xff, 0xb8, 0xc0, 0xff, 0xff,
0xb8, 0xc0, 0xff, 0xff, 0xb8, 0xc0, 0xff, 0xff, 0xb8, 0xc0, 0xff, 0xff, 0xb8, 0xc0, 0xff, 0xff,
0xb8, 0xc0, 0xff, 0xff, 0xb8, 0xc0, 0xff, 0xff, 0xb8, 0xc0, 0xff, 0xff, 0xb8, 0xc0, 0xff, 0xff,
0xb8, 0xc0, 0xff, 0xff, 0xb8, 0xc0, 0xff, 0xff, 0xb8, 0xc0, 0xff, 0xff, 0xb8, 0xc0, 0xff, 0xff,
0xb8, 0xc0, 0xff, 0xff, 0xb8, 0xc0, 0xff, 0xff, 0xb8, 0xc0, 0xff, 0xff, 0xb8, 0xc0, 0xff, 0xff,
0xb8, 0xc0, 0xff, 0xff, 0xb8, 0xc0, 0xff, 0xff, 0xb8, 0xc0, 0xff, 0xff, 0xb8, 0xc0, 0xff, 0xff,
0xb8, 0xc0, 0xff, 0xff, 0xb8, 0xc0, 0xff, 0xff, 0xb8, 0xc0, 0xff, 0xff, 0xb8, 0xc0, 0xff, 0xff,
0xb8, 0xc0, 0xff, 0xff, 0xb8, 0xc0, 0xff, 0xff, 0xb8, 0xc0, 0xff, 0xff, 0xb8, 0xc0, 0xff, 0xff,
0xb8, 0xc0, 0xff, 0xff, 0xb8, 0xc0, 0xff, 0xff, 0xb8, 0xc0, 0xff, 0xff, 0xb8, 0xc0, 0xff, 0xff,
0xb8, 0xc0, 0xff, 0xff, 0xb8, 0xc0, 0xff, 0xff, 0xb8, 0xc0, 0xff, 0xff, 0xb8, 0xc0, 0xff, 0xff,
0xb8, 0xc0, 0xff, 0xff, 0xb8, 0xc0, 0xff, 0xf4, 0xb8, 0xc0, 0xff, 0x39, 0xb8, 0xc0, 0xff, 0x00,
0x00, 0x00, 0x00, 0x00, 0x00, 0x00, 0x00, 0x00, 0x00, 0x00, 0x00, 0x00, 0x00, 0x00, 0x00, 0x00,
0x00, 0x00, 0x00, 0x00, 0x00, 0x00, 0x00, 0x00, 0x00, 0x00, 0x00, 0x00, 0x00, 0x00, 0x00, 0x00,
0xd0, 0xd9, 0xff, 0x00, 0xd0, 0xd9, 0xff, 0x1e, 0xd0, 0xd9, 0xff, 0xe1, 0xd0, 0xd9, 0xff, 0xff,
0xd0, 0xd9, 0xff, 0xff, 0xd0, 0xd9, 0xff, 0xff, 0xd0, 0xd9, 0xff, 0xff, 0xd0, 0xd9, 0xff, 0xff,
0xd0, 0xd9, 0xff, 0xff, 0xd0, 0xd9, 0xff, 0xff, 0xd0, 0xd9, 0xff, 0xff, 0xd0, 0xd9, 0xff, 0xff,
0xd0, 0xd9, 0xff, 0xff, 0xd0, 0xd9, 0xff, 0xff, 0xd0, 0xd9, 0xff, 0xff, 0xd0, 0xd9, 0xff, 0xff,
0xd1, 0xda, 0xff, 0xff, 0xcd, 0xd6, 0xff, 0xff, 0xbb, 0xc3, 0xff, 0xff, 0xb8, 0xc0, 0xff, 0xff,
0xb8, 0xc0, 0xff, 0xff, 0xb8, 0xc0, 0xff, 0xff, 0xb8, 0xc0, 0xff, 0xff, 0xb8, 0xc0, 0xff, 0xff,
0xb8, 0xc0, 0xff, 0xff, 0xb8, 0xc0, 0xff, 0xff, 0xb8, 0xc0, 0xff, 0xff, 0xb8, 0xc0, 0xff, 0xff,
0xb8, 0xc0, 0xff, 0xff, 0xb8, 0xc0, 0xff, 0xff, 0xb8, 0xc0, 0xff, 0xff, 0xb8, 0xc0, 0xff, 0xff,
0xb8, 0xc0, 0xff, 0xff, 0xb8, 0xc0, 0xff, 0xff, 0xb8, 0xc0, 0xff, 0xff, 0xb8, 0xc0, 0xff, 0xff,
0xb8, 0xc0, 0xff, 0xff, 0xb8, 0xc0, 0xff, 0xff, 0xb8, 0xc0, 0xff, 0xff, 0xb8, 0xc0, 0xff, 0xff,
0xb8, 0xc0, 0xff, 0xff, 0xb8, 0xc0, 0xff, 0xff, 0xb8, 0xc0, 0xff, 0xff, 0xb8, 0xc0, 0xff, 0xff,
0xb8, 0xc0, 0xff, 0xff, 0xb8, 0xc0, 0xff, 0xff, 0xb8, 0xc0, 0xff, 0xff, 0xb8, 0xc0, 0xff, 0xff,
0xbe, 0xc5, 0xff, 0xff, 0xf3, 0xf4, 0xff, 0xff, 0xff, 0xff, 0xff, 0xff, 0xff, 0xff, 0xff, 0xff,
0xff, 0xff, 0xff, 0xff, 0xff, 0xff, 0xff, 0xff, 0xff, 0xff, 0xff, 0xff, 0xff, 0xff, 0xff, 0xff,
0xff, 0xff, 0xff, 0xff, 0xff, 0xff, 0xff, 0xff, 0xff, 0xff, 0xff, 0xff, 0xff, 0xff, 0xff, 0xff,
0xff, 0xff, 0xff, 0xff, 0xff, 0xff, 0xff, 0xff, 0xff, 0xff, 0xff, 0xff, 0xff, 0xff, 0xff, 0xff,
0xff, 0xff, 0xff, 0xff, 0xff, 0xff, 0xff, 0xff, 0xff, 0xff, 0xff, 0xff, 0xff, 0xff, 0xff, 0xff,
0xff, 0xff, 0xff, 0xff, 0xff, 0xff, 0xff, 0xff, 0xff, 0xff, 0xff, 0xff, 0xff, 0xff, 0xff, 0xff,
0xff, 0xff, 0xff, 0xff, 0xf2, 0xf3, 0xff, 0xff, 0xd4, 0xd9, 0xff, 0xff, 0xbd, 0xc4, 0xff, 0xff,
0xb7, 0xbf, 0xff, 0xff, 0xb8, 0xc0, 0xff, 0xff, 0xb8, 0xc0, 0xff, 0xff, 0xb8, 0xc0, 0xff, 0xff,
0xb8, 0xc0, 0xff, 0xff, 0xb8, 0xc0, 0xff, 0xff, 0xb8, 0xc0, 0xff, 0xff, 0xb8, 0xc0, 0xff, 0xff,
0xb8, 0xc0, 0xff, 0xff, 0xb8, 0xc0, 0xff, 0xff, 0xb8, 0xc0, 0xff, 0xff, 0xb8, 0xc0, 0xff, 0xff,
0xb8, 0xc0, 0xff, 0xff, 0xb8, 0xc0, 0xff, 0xff, 0xb8, 0xc0, 0xff, 0xff, 0xb8, 0xc0, 0xff, 0xff,
0xb8, 0xc0, 0xff, 0xff, 0xb8, 0xc0, 0xff, 0xff, 0xb8, 0xc0, 0xff, 0xff, 0xb8, 0xc0, 0xff, 0xff,
0xb8, 0xc0, 0xff, 0xff, 0xb8, 0xc0, 0xff, 0xff, 0xb8, 0xc0, 0xff, 0xff, 0xb8, 0xc0, 0xff, 0xff,
0xb8, 0xc0, 0xff, 0xff, 0xb8, 0xc0, 0xff, 0xff, 0xb8, 0xc0, 0xff, 0xff, 0xb8, 0xc0, 0xff, 0xff,
0xb8, 0xc0, 0xff, 0xff, 0xb8, 0xc0, 0xff, 0xff, 0xb8, 0xc0, 0xff, 0xff, 0xb8, 0xc0, 0xff, 0xff,
0xb8, 0xc0, 0xff, 0xff, 0xb8, 0xc0, 0xff, 0xff, 0xb8, 0xc0, 0xff, 0xff, 0xb8, 0xc0, 0xff, 0xff,
0xb8, 0xc0, 0xff, 0xff, 0xb8, 0xc0, 0xff, 0xff, 0xb8, 0xc0, 0xff, 0xff, 0xb8, 0xc0, 0xff, 0xff,
0xb8, 0xc0, 0xff, 0xff, 0xb8, 0xc0, 0xff, 0xf4, 0xb8, 0xc0, 0xff, 0x39, 0xb8, 0xc0, 0xff, 0x00,
0x00, 0x00, 0x00, 0x00, 0x00, 0x00, 0x00, 0x00, 0x00, 0x00, 0x00, 0x00, 0x00, 0x00, 0x00, 0x00,
0x00, 0x00, 0x00, 0x00, 0x00, 0x00, 0x00, 0x00, 0x00, 0x00, 0x00, 0x00, 0x00, 0x00, 0x00, 0x00,
0xd0, 0xd9, 0xff, 0x00, 0xd0, 0xd9, 0xff, 0x1e, 0xd0, 0xd9, 0xff, 0xe0, 0xd0, 0xd9, 0xff, 0xff,
0xd0, 0xd9, 0xff, 0xff, 0xd0, 0xd9, 0xff, 0xff, 0xd0, 0xd9, 0xff, 0xff, 0xd0, 0xd9, 0xff, 0xff,
0xd0, 0xd9, 0xff, 0xff, 0xd0, 0xd9, 0xff, 0xff, 0xd0, 0xd9, 0xff, 0xff, 0xd0, 0xd9, 0xff, 0xff,
0xd0, 0xd9, 0xff, 0xff, 0xd0, 0xd9, 0xff, 0xff, 0xd0, 0xd9, 0xff, 0xff, 0xd0, 0xd9, 0xff, 0xff,
0xd1, 0xda, 0xff, 0xff, 0xcd, 0xd6, 0xff, 0xff, 0xbb, 0xc3, 0xff, 0xff, 0xb8, 0xc0, 0xff, 0xff,
0xb8, 0xc0, 0xff, 0xff, 0xb8, 0xc0, 0xff, 0xff, 0xb8, 0xc0, 0xff, 0xff, 0xb8, 0xc0, 0xff, 0xff,
0xb8, 0xc0, 0xff, 0xff, 0xb8, 0xc0, 0xff, 0xff, 0xb8, 0xc0, 0xff, 0xff, 0xb8, 0xc0, 0xff, 0xff,
0xb8, 0xc0, 0xff, 0xff, 0xb8, 0xc0, 0xff, 0xff, 0xb8, 0xc0, 0xff, 0xff, 0xb8, 0xc0, 0xff, 0xff,
0xb8, 0xc0, 0xff, 0xff, 0xb8, 0xc0, 0xff, 0xff, 0xb8, 0xc0, 0xff, 0xff, 0xb8, 0xc0, 0xff, 0xff,
0xb8, 0xc0, 0xff, 0xff, 0xb8, 0xc0, 0xff, 0xff, 0xb8, 0xc0, 0xff, 0xff, 0xb8, 0xc0, 0xff, 0xff,
0xb8, 0xc0, 0xff, 0xff, 0xb8, 0xc0, 0xff, 0xff, 0xb8, 0xc0, 0xff, 0xff, 0xb8, 0xc0, 0xff, 0xff,
0xb8, 0xc0, 0xff, 0xff, 0xb8, 0xc0, 0xff, 0xff, 0xb8, 0xc0, 0xff, 0xff, 0xb8, 0xc0, 0xff, 0xff,
0xbd, 0xc5, 0xff, 0xff, 0xf2, 0xf4, 0xff, 0xff, 0xff, 0xff, 0xff, 0xff, 0xff, 0xff, 0xff, 0xff,
0xff, 0xff, 0xff, 0xff, 0xff, 0xff, 0xff, 0xff, 0xff, 0xff, 0xff, 0xff, 0xff, 0xff, 0xff, 0xff,
0xff, 0xff, 0xff, 0xff, 0xff, 0xff, 0xff, 0xff, 0xff, 0xff, 0xff, 0xff, 0xff, 0xff, 0xff, 0xff,
0xff, 0xff, 0xff, 0xff, 0xff, 0xff, 0xff, 0xff, 0xff, 0xff, 0xff, 0xff, 0xff, 0xff, 0xff, 0xff,
0xff, 0xff, 0xff, 0xff, 0xff, 0xff, 0xff, 0xff, 0xff, 0xff, 0xff, 0xff, 0xff, 0xff, 0xff, 0xff,
0xff, 0xff, 0xff, 0xff, 0xff, 0xff, 0xff, 0xff, 0xff, 0xff, 0xff, 0xff, 0xf5, 0xf6, 0xff, 0xff,
0xd9, 0xdd, 0xff, 0xff, 0xbf, 0xc6, 0xff, 0xff, 0xb7, 0xbf, 0xff, 0xff, 0xb8, 0xc0, 0xff, 0xff,
0xb8, 0xc0, 0xff, 0xff, 0xb8, 0xc0, 0xff, 0xff, 0xb8, 0xc0, 0xff, 0xff, 0xb8, 0xc0, 0xff, 0xff,
0xb8, 0xc0, 0xff, 0xff, 0xb8, 0xc0, 0xff, 0xff, 0xb8, 0xc0, 0xff, 0xff, 0xb8, 0xc0, 0xff, 0xff,
0xb8, 0xc0, 0xff, 0xff, 0xb8, 0xc0, 0xff, 0xff, 0xb8, 0xc0, 0xff, 0xff, 0xb8, 0xc0, 0xff, 0xff,
0xb8, 0xc0, 0xff, 0xff, 0xb8, 0xc0, 0xff, 0xff, 0xb8, 0xc0, 0xff, 0xff, 0xb8, 0xc0, 0xff, 0xff,
0xb8, 0xc0, 0xff, 0xff, 0xb8, 0xc0, 0xff, 0xff, 0xb8, 0xc0, 0xff, 0xff, 0xb8, 0xc0, 0xff, 0xff,
0xb8, 0xc0, 0xff, 0xff, 0xb8, 0xc0, 0xff, 0xff, 0xb8, 0xc0, 0xff, 0xff, 0xb8, 0xc0, 0xff, 0xff,
0xb8, 0xc0, 0xff, 0xff, 0xb8, 0xc0, 0xff, 0xff, 0xb8, 0xc0, 0xff, 0xff, 0xb8, 0xc0, 0xff, 0xff,
0xb8, 0xc0, 0xff, 0xff, 0xb8, 0xc0, 0xff, 0xff, 0xb8, 0xc0, 0xff, 0xff, 0xb8, 0xc0, 0xff, 0xff,
0xb8, 0xc0, 0xff, 0xff, 0xb8, 0xc0, 0xff, 0xff, 0xb8, 0xc0, 0xff, 0xff, 0xb8, 0xc0, 0xff, 0xff,
0xb8, 0xc0, 0xff, 0xff, 0xb8, 0xc0, 0xff, 0xff, 0xb8, 0xc0, 0xff, 0xff, 0xb8, 0xc0, 0xff, 0xff,
0xb8, 0xc0, 0xff, 0xff, 0xb8, 0xc0, 0xff, 0xf4, 0xb8, 0xc0, 0xff, 0x39, 0xb8, 0xc0, 0xff, 0x00,
0x00, 0x00, 0x00, 0x00, 0x00, 0x00, 0x00, 0x00, 0x00, 0x00, 0x00, 0x00, 0x00, 0x00, 0x00, 0x00,
0x00, 0x00, 0x00, 0x00, 0x00, 0x00, 0x00, 0x00, 0x00, 0x00, 0x00, 0x00, 0x00, 0x00, 0x00, 0x00,
0xd0, 0xd9, 0xff, 0x00, 0xd0, 0xd9, 0xff, 0x1d, 0xd0, 0xd9, 0xff, 0xdf, 0xd0, 0xd9, 0xff, 0xff,
0xd0, 0xd9, 0xff, 0xff, 0xd0, 0xd9, 0xff, 0xff, 0xd0, 0xd9, 0xff, 0xff, 0xd0, 0xd9, 0xff, 0xff,
0xd0, 0xd9, 0xff, 0xff, 0xd0, 0xd9, 0xff, 0xff, 0xd0, 0xd9, 0xff, 0xff, 0xd0, 0xd9, 0xff, 0xff,
0xd0, 0xd9, 0xff, 0xff, 0xd0, 0xd9, 0xff, 0xff, 0xd0, 0xd9, 0xff, 0xff, 0xd0, 0xd9, 0xff, 0xff,
0xd1, 0xda, 0xff, 0xff, 0xcd, 0xd6, 0xff, 0xff, 0xbb, 0xc3, 0xff, 0xff, 0xb8, 0xc0, 0xff, 0xff,
0xb8, 0xc0, 0xff, 0xff, 0xb8, 0xc0, 0xff, 0xff, 0xb8, 0xc0, 0xff, 0xff, 0xb8, 0xc0, 0xff, 0xff,
0xb8, 0xc0, 0xff, 0xff, 0xb8, 0xc0, 0xff, 0xff, 0xb8, 0xc0, 0xff, 0xff, 0xb8, 0xc0, 0xff, 0xff,
0xb8, 0xc0, 0xff, 0xff, 0xb8, 0xc0, 0xff, 0xff, 0xb8, 0xc0, 0xff, 0xff, 0xb8, 0xc0, 0xff, 0xff,
0xb8, 0xc0, 0xff, 0xff, 0xb8, 0xc0, 0xff, 0xff, 0xb8, 0xc0, 0xff, 0xff, 0xb8, 0xc0, 0xff, 0xff,
0xb8, 0xc0, 0xff, 0xff, 0xb8, 0xc0, 0xff, 0xff, 0xb8, 0xc0, 0xff, 0xff, 0xb8, 0xc0, 0xff, 0xff,
0xb8, 0xc0, 0xff, 0xff, 0xb8, 0xc0, 0xff, 0xff, 0xb8, 0xc0, 0xff, 0xff, 0xb8, 0xc0, 0xff, 0xff,
0xb8, 0xc0, 0xff, 0xff, 0xb8, 0xc0, 0xff, 0xff, 0xb8, 0xc0, 0xff, 0xff, 0xb8, 0xc0, 0xff, 0xff,
0xbd, 0xc4, 0xff, 0xff, 0xf1, 0xf3, 0xff, 0xff, 0xff, 0xff, 0xff, 0xff, 0xff, 0xff, 0xff, 0xff,
0xff, 0xff, 0xff, 0xff, 0xff, 0xff, 0xff, 0xff, 0xff, 0xff, 0xff, 0xff, 0xff, 0xff, 0xff, 0xff,
0xff, 0xff, 0xff, 0xff, 0xff, 0xff, 0xff, 0xff, 0xff, 0xff, 0xff, 0xff, 0xff, 0xff, 0xff, 0xff,
0xff, 0xff, 0xff, 0xff, 0xff, 0xff, 0xff, 0xff, 0xff, 0xff, 0xff, 0xff, 0xff, 0xff, 0xff, 0xff,
0xff, 0xff, 0xff, 0xff, 0xff, 0xff, 0xff, 0xff, 0xff, 0xff, 0xff, 0xff, 0xff, 0xff, 0xff, 0xff,
0xff, 0xff, 0xff, 0xff, 0xf8, 0xf9, 0xff, 0xff, 0xde, 0xe2, 0xff, 0xff, 0xc2, 0xc9, 0xff, 0xff,
0xb8, 0xc0, 0xff, 0xff, 0xb8, 0xc0, 0xff, 0xff, 0xb8, 0xc0, 0xff, 0xff, 0xb8, 0xc0, 0xff, 0xff,
0xb8, 0xc0, 0xff, 0xff, 0xb8, 0xc0, 0xff, 0xff, 0xb8, 0xc0, 0xff, 0xff, 0xb8, 0xc0, 0xff, 0xff,
0xb8, 0xc0, 0xff, 0xff, 0xb8, 0xc0, 0xff, 0xff, 0xb8, 0xc0, 0xff, 0xff, 0xb8, 0xc0, 0xff, 0xff,
0xb8, 0xc0, 0xff, 0xff, 0xb8, 0xc0, 0xff, 0xff, 0xb8, 0xc0, 0xff, 0xff, 0xb8, 0xc0, 0xff, 0xff,
0xb8, 0xc0, 0xff, 0xff, 0xb8, 0xc0, 0xff, 0xff, 0xb8, 0xc0, 0xff, 0xff, 0xb8, 0xc0, 0xff, 0xff,
0xb8, 0xc0, 0xff, 0xff, 0xb8, 0xc0, 0xff, 0xff, 0xb8, 0xc0, 0xff, 0xff, 0xb8, 0xc0, 0xff, 0xff,
0xb8, 0xc0, 0xff, 0xff, 0xb8, 0xc0, 0xff, 0xff, 0xb8, 0xc0, 0xff, 0xff, 0xb8, 0xc0, 0xff, 0xff,
0xb8, 0xc0, 0xff, 0xff, 0xb8, 0xc0, 0xff, 0xff, 0xb8, 0xc0, 0xff, 0xff, 0xb8, 0xc0, 0xff, 0xff,
0xb8, 0xc0, 0xff, 0xff, 0xb8, 0xc0, 0xff, 0xff, 0xb8, 0xc0, 0xff, 0xff, 0xb8, 0xc0, 0xff, 0xff,
0xb8, 0xc0, 0xff, 0xff, 0xb8, 0xc0, 0xff, 0xff, 0xb8, 0xc0, 0xff, 0xff, 0xb8, 0xc0, 0xff, 0xff,
0xb8, 0xc0, 0xff, 0xff, 0xb8, 0xc0, 0xff, 0xff, 0xb8, 0xc0, 0xff, 0xff, 0xb8, 0xc0, 0xff, 0xff,
0xb8, 0xc0, 0xff, 0xff, 0xb8, 0xc0, 0xff, 0xf4, 0xb8, 0xc0, 0xff, 0x39, 0xb8, 0xc0, 0xff, 0x00,
0x00, 0x00, 0x00, 0x00, 0x00, 0x00, 0x00, 0x00, 0x00, 0x00, 0x00, 0x00, 0x00, 0x00, 0x00, 0x00,
0x00, 0x00, 0x00, 0x00, 0x00, 0x00, 0x00, 0x00, 0x00, 0x00, 0x00, 0x00, 0x00, 0x00, 0x00, 0x00,
0xd0, 0xd9, 0xff, 0x00, 0xd0, 0xd9, 0xff, 0x1b, 0xd0, 0xd9, 0xff, 0xdd, 0xd0, 0xd9, 0xff, 0xff,
0xd0, 0xd9, 0xff, 0xff, 0xd0, 0xd9, 0xff, 0xff, 0xd0, 0xd9, 0xff, 0xff, 0xd0, 0xd9, 0xff, 0xff,
0xd0, 0xd9, 0xff, 0xff, 0xd0, 0xd9, 0xff, 0xff, 0xd0, 0xd9, 0xff, 0xff, 0xd0, 0xd9, 0xff, 0xff,
0xd0, 0xd9, 0xff, 0xff, 0xd0, 0xd9, 0xff, 0xff, 0xd0, 0xd9, 0xff, 0xff, 0xd0, 0xd9, 0xff, 0xff,
0xd1, 0xda, 0xff, 0xff, 0xcd, 0xd6, 0xff, 0xff, 0xbb, 0xc3, 0xff, 0xff, 0xb8, 0xc0, 0xff, 0xff,
0xb8, 0xc0, 0xff, 0xff, 0xb8, 0xc0, 0xff, 0xff, 0xb8, 0xc0, 0xff, 0xff, 0xb8, 0xc0, 0xff, 0xff,
0xb8, 0xc0, 0xff, 0xff, 0xb8, 0xc0, 0xff, 0xff, 0xb8, 0xc0, 0xff, 0xff, 0xb8, 0xc0, 0xff, 0xff,
0xb8, 0xc0, 0xff, 0xff, 0xb8, 0xc0, 0xff, 0xff, 0xb8, 0xc0, 0xff, 0xff, 0xb8, 0xc0, 0xff, 0xff,
0xb8, 0xc0, 0xff, 0xff, 0xb8, 0xc0, 0xff, 0xff, 0xb8, 0xc0, 0xff, 0xff, 0xb8, 0xc0, 0xff, 0xff,
0xb8, 0xc0, 0xff, 0xff, 0xb8, 0xc0, 0xff, 0xff, 0xb8, 0xc0, 0xff, 0xff, 0xb8, 0xc0, 0xff, 0xff,
0xb8, 0xc0, 0xff, 0xff, 0xb8, 0xc0, 0xff, 0xff, 0xb8, 0xc0, 0xff, 0xff, 0xb8, 0xc0, 0xff, 0xff,
0xb8, 0xc0, 0xff, 0xff, 0xb8, 0xc0, 0xff, 0xff, 0xb8, 0xc0, 0xff, 0xff, 0xb8, 0xc0, 0xff, 0xff,
0xbc, 0xc3, 0xff, 0xff, 0xf0, 0xf2, 0xff, 0xff, 0xff, 0xff, 0xff, 0xff, 0xff, 0xff, 0xff, 0xff,
0xff, 0xff, 0xff, 0xff, 0xff, 0xff, 0xff, 0xff, 0xff, 0xff, 0xff, 0xff, 0xff, 0xff, 0xff, 0xff,
0xff, 0xff, 0xff, 0xff, 0xff, 0xff, 0xff, 0xff, 0xff, 0xff, 0xff, 0xff, 0xff, 0xff, 0xff, 0xff,
0xff, 0xff, 0xff, 0xff, 0xff, 0xff, 0xff, 0xff, 0xff, 0xff, 0xff, 0xff, 0xff, 0xff, 0xff, 0xff,
0xff, 0xff, 0xff, 0xff, 0xff, 0xff, 0xff, 0xff, 0xff, 0xff, 0xff, 0xff, 0xfa, 0xfb, 0xff, 0xff,
0xe3, 0xe6, 0xff, 0xff, 0xc6, 0xcc, 0xff, 0xff, 0xb8, 0xc0, 0xff, 0xff, 0xb8, 0xc0, 0xff, 0xff,
0xb8, 0xc0, 0xff, 0xff, 0xb8, 0xc0, 0xff, 0xff, 0xb8, 0xc0, 0xff, 0xff, 0xb8, 0xc0, 0xff, 0xff,
0xb8, 0xc0, 0xff, 0xff, 0xb8, 0xc0, 0xff, 0xff, 0xb8, 0xc0, 0xff, 0xff, 0xb8, 0xc0, 0xff, 0xff,
0xb8, 0xc0, 0xff, 0xff, 0xb8, 0xc0, 0xff, 0xff, 0xb8, 0xc0, 0xff, 0xff, 0xb8, 0xc0, 0xff, 0xff,
0xb8, 0xc0, 0xff, 0xff, 0xb8, 0xc0, 0xff, 0xff, 0xb8, 0xc0, 0xff, 0xff, 0xb8, 0xc0, 0xff, 0xff,
0xb8, 0xc0, 0xff, 0xff, 0xb8, 0xc0, 0xff, 0xff, 0xb8, 0xc0, 0xff, 0xff, 0xb8, 0xc0, 0xff, 0xff,
0xb8, 0xc0, 0xff, 0xff, 0xb8, 0xc0, 0xff, 0xff, 0xb8, 0xc0, 0xff, 0xff, 0xb8, 0xc0, 0xff, 0xff,
0xb8, 0xc0, 0xff, 0xff, 0xb8, 0xc0, 0xff, 0xff, 0xb8, 0xc0, 0xff, 0xff, 0xb8, 0xc0, 0xff, 0xff,
0xb8, 0xc0, 0xff, 0xff, 0xb8, 0xc0, 0xff, 0xff, 0xb8, 0xc0, 0xff, 0xff, 0xb8, 0xc0, 0xff, 0xff,
0xb8, 0xc0, 0xff, 0xff, 0xb8, 0xc0, 0xff, 0xff, 0xb8, 0xc0, 0xff, 0xff, 0xb8, 0xc0, 0xff, 0xff,
0xb8, 0xc0, 0xff, 0xff, 0xb8, 0xc0, 0xff, 0xff, 0xb8, 0xc0, 0xff, 0xff, 0xb8, 0xc0, 0xff, 0xff,
0xb8, 0xc0, 0xff, 0xff, 0xb8, 0xc0, 0xff, 0xff, 0xb8, 0xc0, 0xff, 0xff, 0xb8, 0xc0, 0xff, 0xff,
0xb8, 0xc0, 0xff, 0xff, 0xb8, 0xc0, 0xff, 0xf4, 0xb8, 0xc0, 0xff, 0x39, 0xb8, 0xc0, 0xff, 0x00,
0x00, 0x00, 0x00, 0x00, 0x00, 0x00, 0x00, 0x00, 0x00, 0x00, 0x00, 0x00, 0x00, 0x00, 0x00, 0x00,
0x00, 0x00, 0x00, 0x00, 0x00, 0x00, 0x00, 0x00, 0x00, 0x00, 0x00, 0x00, 0x00, 0x00, 0x00, 0x00,
0xd0, 0xd9, 0xff, 0x00, 0xd0, 0xd9, 0xff, 0x19, 0xd0, 0xd9, 0xff, 0xda, 0xd0, 0xd9, 0xff, 0xff,
0xd0, 0xd9, 0xff, 0xff, 0xd0, 0xd9, 0xff, 0xff, 0xd0, 0xd9, 0xff, 0xff, 0xd0, 0xd9, 0xff, 0xff,
0xd0, 0xd9, 0xff, 0xff, 0xd0, 0xd9, 0xff, 0xff, 0xd0, 0xd9, 0xff, 0xff, 0xd0, 0xd9, 0xff, 0xff,
0xd0, 0xd9, 0xff, 0xff, 0xd0, 0xd9, 0xff, 0xff, 0xd0, 0xd9, 0xff, 0xff, 0xd0, 0xd9, 0xff, 0xff,
0xd1, 0xda, 0xff, 0xff, 0xcd, 0xd6, 0xff, 0xff, 0xbb, 0xc3, 0xff, 0xff, 0xb8, 0xc0, 0xff, 0xff,
0xb8, 0xc0, 0xff, 0xff, 0xb8, 0xc0, 0xff, 0xff, 0xb8, 0xc0, 0xff, 0xff, 0xb8, 0xc0, 0xff, 0xff,
0xb8, 0xc0, 0xff, 0xff, 0xb8, 0xc0, 0xff, 0xff, 0xb8, 0xc0, 0xff, 0xff, 0xb8, 0xc0, 0xff, 0xff,
0xb8, 0xc0, 0xff, 0xff, 0xb8, 0xc0, 0xff, 0xff, 0xb8, 0xc0, 0xff, 0xff, 0xb8, 0xc0, 0xff, 0xff,
0xb8, 0xc0, 0xff, 0xff, 0xb8, 0xc0, 0xff, 0xff, 0xb8, 0xc0, 0xff, 0xff, 0xb8, 0xc0, 0xff, 0xff,
0xb8, 0xc0, 0xff, 0xff, 0xb8, 0xc0, 0xff, 0xff, 0xb8, 0xc0, 0xff, 0xff, 0xb8, 0xc0, 0xff, 0xff,
0xb8, 0xc0, 0xff, 0xff, 0xb8, 0xc0, 0xff, 0xff, 0xb8, 0xc0, 0xff, 0xff, 0xb8, 0xc0, 0xff, 0xff,
0xb8, 0xc0, 0xff, 0xff, 0xb8, 0xc0, 0xff, 0xff, 0xb8, 0xc0, 0xff, 0xff, 0xb8, 0xc0, 0xff, 0xff,
0xba, 0xc2, 0xff, 0xff, 0xec, 0xee, 0xff, 0xff, 0xff, 0xff, 0xff, 0xff, 0xff, 0xff, 0xff, 0xff,
0xff, 0xff, 0xff, 0xff, 0xff, 0xff, 0xff, 0xff, 0xff, 0xff, 0xff, 0xff, 0xff, 0xff, 0xff, 0xff,
0xff, 0xff, 0xff, 0xff, 0xff, 0xff, 0xff, 0xff, 0xff, 0xff, 0xff, 0xff, 0xff, 0xff, 0xff, 0xff,
0xff, 0xff, 0xff, 0xff, 0xff, 0xff, 0xff, 0xff, 0xff, 0xff, 0xff, 0xff, 0xff, 0xff, 0xff, 0xff,
0xff, 0xff, 0xff, 0xff, 0xfc, 0xfd, 0xff, 0xff, 0xe8, 0xeb, 0xff, 0xff, 0xca, 0xd0, 0xff, 0xff,
0xb9, 0xc1, 0xff, 0xff, 0xb7, 0xc0, 0xff, 0xff, 0xb8, 0xc0, 0xff, 0xff, 0xb8, 0xc0, 0xff, 0xff,
0xb8, 0xc0, 0xff, 0xff, 0xb8, 0xc0, 0xff, 0xff, 0xb8, 0xc0, 0xff, 0xff, 0xb8, 0xc0, 0xff, 0xff,
0xb8, 0xc0, 0xff, 0xff, 0xb8, 0xc0, 0xff, 0xff, 0xb8, 0xc0, 0xff, 0xff, 0xb8, 0xc0, 0xff, 0xff,
0xb8, 0xc0, 0xff, 0xff, 0xb8, 0xc0, 0xff, 0xff, 0xb8, 0xc0, 0xff, 0xff, 0xb8, 0xc0, 0xff, 0xff,
0xb8, 0xc0, 0xff, 0xff, 0xb8, 0xc0, 0xff, 0xff, 0xb8, 0xc0, 0xff, 0xff, 0xb8, 0xc0, 0xff, 0xff,
0xb8, 0xc0, 0xff, 0xff, 0xb8, 0xc0, 0xff, 0xff, 0xb8, 0xc0, 0xff, 0xff, 0xb8, 0xc0, 0xff, 0xff,
0xb8, 0xc0, 0xff, 0xff, 0xb8, 0xc0, 0xff, 0xff, 0xb8, 0xc0, 0xff, 0xff, 0xb8, 0xc0, 0xff, 0xff,
0xb8, 0xc0, 0xff, 0xff, 0xb8, 0xc0, 0xff, 0xff, 0xb8, 0xc0, 0xff, 0xff, 0xb8, 0xc0, 0xff, 0xff,
0xb8, 0xc0, 0xff, 0xff, 0xb8, 0xc0, 0xff, 0xff, 0xb8, 0xc0, 0xff, 0xff, 0xb8, 0xc0, 0xff, 0xff,
0xb8, 0xc0, 0xff, 0xff, 0xb8, 0xc0, 0xff, 0xff, 0xb8, 0xc0, 0xff, 0xff, 0xb8, 0xc0, 0xff, 0xff,
0xb8, 0xc0, 0xff, 0xff, 0xb8, 0xc0, 0xff, 0xff, 0xb8, 0xc0, 0xff, 0xff, 0xb8, 0xc0, 0xff, 0xff,
0xb8, 0xc0, 0xff, 0xff, 0xb8, 0xc0, 0xff, 0xff, 0xb8, 0xc0, 0xff, 0xff, 0xb8, 0xc0, 0xff, 0xff,
0xb8, 0xc0, 0xff, 0xff, 0xb8, 0xc0, 0xff, 0xf4, 0xb8, 0xc0, 0xff, 0x39, 0xb8, 0xc0, 0xff, 0x00,
0x00, 0x00, 0x00, 0x00, 0x00, 0x00, 0x00, 0x00, 0x00, 0x00, 0x00, 0x00, 0x00, 0x00, 0x00, 0x00,
0x00, 0x00, 0x00, 0x00, 0x00, 0x00, 0x00, 0x00, 0x00, 0x00, 0x00, 0x00, 0x00, 0x00, 0x00, 0x00,
0xd0, 0xd9, 0xff, 0x00, 0xd0, 0xd9, 0xff, 0x15, 0xd0, 0xd9, 0xff, 0xd4, 0xd0, 0xd9, 0xff, 0xff,
0xd0, 0xd9, 0xff, 0xff, 0xd0, 0xd9, 0xff, 0xff, 0xd0, 0xd9, 0xff, 0xff, 0xd0, 0xd9, 0xff, 0xff,
0xd0, 0xd9, 0xff, 0xff, 0xd0, 0xd9, 0xff, 0xff, 0xd0, 0xd9, 0xff, 0xff, 0xd0, 0xd9, 0xff, 0xff,
0xd0, 0xd9, 0xff, 0xff, 0xd0, 0xd9, 0xff, 0xff, 0xd0, 0xd9, 0xff, 0xff, 0xd0, 0xd9, 0xff, 0xff,
0xd1, 0xda, 0xff, 0xff, 0xcd, 0xd6, 0xff, 0xff, 0xbb, 0xc3, 0xff, 0xff, 0xb8, 0xc0, 0xff, 0xff,
0xb8, 0xc0, 0xff, 0xff, 0xb8, 0xc0, 0xff, 0xff, 0xb8, 0xc0, 0xff, 0xff, 0xb8, 0xc0, 0xff, 0xff,
0xb8, 0xc0, 0xff, 0xff, 0xb8, 0xc0, 0xff, 0xff, 0xb8, 0xc0, 0xff, 0xff, 0xb8, 0xc0, 0xff, 0xff,
0xb8, 0xc0, 0xff, 0xff, 0xb8, 0xc0, 0xff, 0xff, 0xb8, 0xc0, 0xff, 0xff, 0xb8, 0xc0, 0xff, 0xff,
0xb8, 0xc0, 0xff, 0xff, 0xb8, 0xc0, 0xff, 0xff, 0xb8, 0xc0, 0xff, 0xff, 0xb8, 0xc0, 0xff, 0xff,
0xb8, 0xc0, 0xff, 0xff, 0xb8, 0xc0, 0xff, 0xff, 0xb8, 0xc0, 0xff, 0xff, 0xb8, 0xc0, 0xff, 0xff,
0xb8, 0xc0, 0xff, 0xff, 0xb8, 0xc0, 0xff, 0xff, 0xb8, 0xc0, 0xff, 0xff, 0xb8, 0xc0, 0xff, 0xff,
0xb8, 0xc0, 0xff, 0xff, 0xb8, 0xc0, 0xff, 0xff, 0xb8, 0xc0, 0xff, 0xff, 0xb8, 0xc0, 0xff, 0xff,
0xb8, 0xc0, 0xff, 0xff, 0xe3, 0xe6, 0xff, 0xff, 0xff, 0xff, 0xff, 0xff, 0xff, 0xff, 0xff, 0xff,
0xff, 0xff, 0xff, 0xff, 0xff, 0xff, 0xff, 0xff, 0xff, 0xff, 0xff, 0xff, 0xff, 0xff, 0xff, 0xff,
0xff, 0xff, 0xff, 0xff, 0xff, 0xff, 0xff, 0xff, 0xff, 0xff, 0xff, 0xff, 0xff, 0xff, 0xff, 0xff,
0xff, 0xff, 0xff, 0xff, 0xff, 0xff, 0xff, 0xff, 0xff, 0xff, 0xff, 0xff, 0xfe, 0xfe, 0xff, 0xff,
0xec, 0xef, 0xff, 0xff, 0xce, 0xd4, 0xff, 0xff, 0xba, 0xc2, 0xff, 0xff, 0xb7, 0xbf, 0xff, 0xff,
0xb8, 0xc0, 0xff, 0xff, 0xb8, 0xc0, 0xff, 0xff, 0xb8, 0xc0, 0xff, 0xff, 0xb8, 0xc0, 0xff, 0xff,
0xb8, 0xc0, 0xff, 0xff, 0xb8, 0xc0, 0xff, 0xff, 0xb8, 0xc0, 0xff, 0xff, 0xb8, 0xc0, 0xff, 0xff,
0xb8, 0xc0, 0xff, 0xff, 0xb8, 0xc0, 0xff, 0xff, 0xb8, 0xc0, 0xff, 0xff, 0xb8, 0xc0, 0xff, 0xff,
0xb8, 0xc0, 0xff, 0xff, 0xb8, 0xc0, 0xff, 0xff, 0xb8, 0xc0, 0xff, 0xff, 0xb8, 0xc0, 0xff, 0xff,
0xb8, 0xc0, 0xff, 0xff, 0xb8, 0xc0, 0xff, 0xff, 0xb8, 0xc0, 0xff, 0xff, 0xb8, 0xc0, 0xff, 0xff,
0xb8, 0xc0, 0xff, 0xff, 0xb8, 0xc0, 0xff, 0xff, 0xb8, 0xc0, 0xff, 0xff, 0xb8, 0xc0, 0xff, 0xff,
0xb8, 0xc0, 0xff, 0xff, 0xb8, 0xc0, 0xff, 0xff, 0xb8, 0xc0, 0xff, 0xff, 0xb8, 0xc0, 0xff, 0xff,
0xb8, 0xc0, 0xff, 0xff, 0xb8, 0xc0, 0xff, 0xff, 0xb8, 0xc0, 0xff, 0xff, 0xb8, 0xc0, 0xff, 0xff,
0xb8, 0xc0, 0xff, 0xff, 0xb8, 0xc0, 0xff, 0xff, 0xb8, 0xc0, 0xff, 0xff, 0xb8, 0xc0, 0xff, 0xff,
0xb8, 0xc0, 0xff, 0xff, 0xb8, 0xc0, 0xff, 0xff, 0xb8, 0xc0, 0xff, 0xff, 0xb8, 0xc0, 0xff, 0xff,
0xb8, 0xc0, 0xff, 0xff, 0xb8, 0xc0, 0xff, 0xff, 0xb8, 0xc0, 0xff, 0xff, 0xb8, 0xc0, 0xff, 0xff,
0xb8, 0xc0, 0xff, 0xff, 0xb8, 0xc0, 0xff, 0xff, 0xb8, 0xc0, 0xff, 0xff, 0xb8, 0xc0, 0xff, 0xff,
0xb8, 0xc0, 0xff, 0xff, 0xb8, 0xc0, 0xff, 0xf4, 0xb8, 0xc0, 0xff, 0x39, 0xb8, 0xc0, 0xff, 0x00,
0x00, 0x00, 0x00, 0x00, 0x00, 0x00, 0x00, 0x00, 0x00, 0x00, 0x00, 0x00, 0x00, 0x00, 0x00, 0x00,
0x00, 0x00, 0x00, 0x00, 0x00, 0x00, 0x00, 0x00, 0x00, 0x00, 0x00, 0x00, 0x00, 0x00, 0x00, 0x00,
0xd0, 0xd9, 0xff, 0x00, 0xd0, 0xd9, 0xff, 0x11, 0xd0, 0xd9, 0xff, 0xce, 0xd0, 0xd9, 0xff, 0xff,
0xd0, 0xd9, 0xff, 0xff, 0xd0, 0xd9, 0xff, 0xff, 0xd0, 0xd9, 0xff, 0xff, 0xd0, 0xd9, 0xff, 0xff,
0xd0, 0xd9, 0xff, 0xff, 0xd0, 0xd9, 0xff, 0xff, 0xd0, 0xd9, 0xff, 0xff, 0xd0, 0xd9, 0xff, 0xff,
0xd0, 0xd9, 0xff, 0xff, 0xd0, 0xd9, 0xff, 0xff, 0xd0, 0xd9, 0xff, 0xff, 0xd0, 0xd9, 0xff, 0xff,
0xd1, 0xda, 0xff, 0xff, 0xcd, 0xd6, 0xff, 0xff, 0xbb, 0xc3, 0xff, 0xff, 0xb8, 0xc0, 0xff, 0xff,
0xb8, 0xc0, 0xff, 0xff, 0xb8, 0xc0, 0xff, 0xff, 0xb8, 0xc0, 0xff, 0xff, 0xb8, 0xc0, 0xff, 0xff,
0xb8, 0xc0, 0xff, 0xff, 0xb8, 0xc0, 0xff, 0xff, 0xb8, 0xc0, 0xff, 0xff, 0xb8, 0xc0, 0xff, 0xff,
0xb8, 0xc0, 0xff, 0xff, 0xb8, 0xc0, 0xff, 0xff, 0xb8, 0xc0, 0xff, 0xff, 0xb8, 0xc0, 0xff, 0xff,
0xb8, 0xc0, 0xff, 0xff, 0xb8, 0xc0, 0xff, 0xff, 0xb8, 0xc0, 0xff, 0xff, 0xb8, 0xc0, 0xff, 0xff,
0xb8, 0xc0, 0xff, 0xff, 0xb8, 0xc0, 0xff, 0xff, 0xb8, 0xc0, 0xff, 0xff, 0xb8, 0xc0, 0xff, 0xff,
0xb8, 0xc0, 0xff, 0xff, 0xb8, 0xc0, 0xff, 0xff, 0xb8, 0xc0, 0xff, 0xff, 0xb8, 0xc0, 0xff, 0xff,
0xb8, 0xc0, 0xff, 0xff, 0xb8, 0xc0, 0xff, 0xff, 0xb8, 0xc0, 0xff, 0xff, 0xb8, 0xc0, 0xff, 0xff,
0xb7, 0xbf, 0xff, 0xff, 0xd1, 0xd6, 0xff, 0xff, 0xfe, 0xfe, 0xff, 0xff, 0xff, 0xff, 0xff, 0xff,
0xff, 0xff, 0xff, 0xff, 0xff, 0xff, 0xff, 0xff, 0xff, 0xff, 0xff, 0xff, 0xff, 0xff, 0xff, 0xff,
0xff, 0xff, 0xff, 0xff, 0xff, 0xff, 0xff, 0xff, 0xff, 0xff, 0xff, 0xff, 0xff, 0xff, 0xff, 0xff,
0xff, 0xff, 0xff, 0xff, 0xff, 0xff, 0xff, 0xff, 0xf1, 0xf2, 0xff, 0xff, 0xd3, 0xd8, 0xff, 0xff,
0xbc, 0xc4, 0xff, 0xff, 0xb7, 0xbf, 0xff, 0xff, 0xb8, 0xc0, 0xff, 0xff, 0xb8, 0xc0, 0xff, 0xff,
0xb8, 0xc0, 0xff, 0xff, 0xb8, 0xc0, 0xff, 0xff, 0xb8, 0xc0, 0xff, 0xff, 0xb8, 0xc0, 0xff, 0xff,
0xb8, 0xc0, 0xff, 0xff, 0xb8, 0xc0, 0xff, 0xff, 0xb8, 0xc0, 0xff, 0xff, 0xb8, 0xc0, 0xff, 0xff,
0xb8, 0xc0, 0xff, 0xff, 0xb8, 0xc0, 0xff, 0xff, 0xb8, 0xc0, 0xff, 0xff, 0xb8, 0xc0, 0xff, 0xff,
0xb8, 0xc0, 0xff, 0xff, 0xb8, 0xc0, 0xff, 0xff, 0xb8, 0xc0, 0xff, 0xff, 0xb8, 0xc0, 0xff, 0xff,
0xb8, 0xc0, 0xff, 0xff, 0xb8, 0xc0, 0xff, 0xff, 0xb8, 0xc0, 0xff, 0xff, 0xb8, 0xc0, 0xff, 0xff,
0xb8, 0xc0, 0xff, 0xff, 0xb8, 0xc0, 0xff, 0xff, 0xb8, 0xc0, 0xff, 0xff, 0xb8, 0xc0, 0xff, 0xff,
0xb8, 0xc0, 0xff, 0xff, 0xb8, 0xc0, 0xff, 0xff, 0xb8, 0xc0, 0xff, 0xff, 0xb8, 0xc0, 0xff, 0xff,
0xb8, 0xc0, 0xff, 0xff, 0xb8, 0xc0, 0xff, 0xff, 0xb8, 0xc0, 0xff, 0xff, 0xb8, 0xc0, 0xff, 0xff,
0xb8, 0xc0, 0xff, 0xff, 0xb8, 0xc0, 0xff, 0xff, 0xb8, 0xc0, 0xff, 0xff, 0xb8, 0xc0, 0xff, 0xff,
0xb8, 0xc0, 0xff, 0xff, 0xb8, 0xc0, 0xff, 0xff, 0xb8, 0xc0, 0xff, 0xff, 0xb8, 0xc0, 0xff, 0xff,
0xb8, 0xc0, 0xff, 0xff, 0xb8, 0xc0, 0xff, 0xff, 0xb8, 0xc0, 0xff, 0xff, 0xb8, 0xc0, 0xff, 0xff,
0xb8, 0xc0, 0xff, 0xff, 0xb8, 0xc0, 0xff, 0xff, 0xb8, 0xc0, 0xff, 0xff, 0xb8, 0xc0, 0xff, 0xff,
0xb8, 0xc0, 0xff, 0xff, 0xb8, 0xc0, 0xff, 0xf4, 0xb8, 0xc0, 0xff, 0x39, 0xb8, 0xc0, 0xff, 0x00,
0x00, 0x00, 0x00, 0x00, 0x00, 0x00, 0x00, 0x00, 0x00, 0x00, 0x00, 0x00, 0x00, 0x00, 0x00, 0x00,
0x00, 0x00, 0x00, 0x00, 0x00, 0x00, 0x00, 0x00, 0x00, 0x00, 0x00, 0x00, 0x00, 0x00, 0x00, 0x00,
0xd0, 0xd9, 0xff, 0x00, 0xd0, 0xd9, 0xff, 0x0d, 0xd0, 0xd9, 0xff, 0xc8, 0xd0, 0xd9, 0xff, 0xff,
0xd0, 0xd9, 0xff, 0xff, 0xd0, 0xd9, 0xff, 0xff, 0xd0, 0xd9, 0xff, 0xff, 0xd0, 0xd9, 0xff, 0xff,
0xd0, 0xd9, 0xff, 0xff, 0xd0, 0xd9, 0xff, 0xff, 0xd0, 0xd9, 0xff, 0xff, 0xd0, 0xd9, 0xff, 0xff,
0xd0, 0xd9, 0xff, 0xff, 0xd0, 0xd9, 0xff, 0xff, 0xd0, 0xd9, 0xff, 0xff, 0xd0, 0xd9, 0xff, 0xff,
0xd1, 0xda, 0xff, 0xff, 0xcd, 0xd6, 0xff, 0xff, 0xbb, 0xc3, 0xff, 0xff, 0xb8, 0xc0, 0xff, 0xff,
0xb8, 0xc0, 0xff, 0xff, 0xb8, 0xc0, 0xff, 0xff, 0xb8, 0xc0, 0xff, 0xff, 0xb8, 0xc0, 0xff, 0xff,
0xb8, 0xc0, 0xff, 0xff, 0xb8, 0xc0, 0xff, 0xff, 0xb8, 0xc0, 0xff, 0xff, 0xb8, 0xc0, 0xff, 0xff,
0xb8, 0xc0, 0xff, 0xff, 0xb8, 0xc0, 0xff, 0xff, 0xb8, 0xc0, 0xff, 0xff, 0xb8, 0xc0, 0xff, 0xff,
0xb8, 0xc0, 0xff, 0xff, 0xb8, 0xc0, 0xff, 0xff, 0xb8, 0xc0, 0xff, 0xff, 0xb8, 0xc0, 0xff, 0xff,
0xb8, 0xc0, 0xff, 0xff, 0xb8, 0xc0, 0xff, 0xff, 0xb8, 0xc0, 0xff, 0xff, 0xb8, 0xc0, 0xff, 0xff,
0xb8, 0xc0, 0xff, 0xff, 0xb8, 0xc0, 0xff, 0xff, 0xb8, 0xc0, 0xff, 0xff, 0xb8, 0xc0, 0xff, 0xff,
0xb8, 0xc0, 0xff, 0xff, 0xb8, 0xc0, 0xff, 0xff, 0xb8, 0xc0, 0xff, 0xff, 0xb8, 0xc0, 0xff, 0xff,
0xb8, 0xc0, 0xff, 0xff, 0xbc, 0xc4, 0xff, 0xff, 0xe8, 0xeb, 0xff, 0xff, 0xff, 0xff, 0xff, 0xff,
0xff, 0xff, 0xff, 0xff, 0xff, 0xff, 0xff, 0xff, 0xff, 0xff, 0xff, 0xff, 0xff, 0xff, 0xff, 0xff,
0xff, 0xff, 0xff, 0xff, 0xff, 0xff, 0xff, 0xff, 0xff, 0xff, 0xff, 0xff, 0xff, 0xff, 0xff, 0xff,
0xf4, 0xf5, 0xff, 0xff, 0xd7, 0xdc, 0xff, 0xff, 0xbe, 0xc6, 0xff, 0xff, 0xb7, 0xbf, 0xff, 0xff,
0xb8, 0xc0, 0xff, 0xff, 0xb8, 0xc0, 0xff, 0xff, 0xb8, 0xc0, 0xff, 0xff, 0xb8, 0xc0, 0xff, 0xff,
0xb8, 0xc0, 0xff, 0xff, 0xb8, 0xc0, 0xff, 0xff, 0xb8, 0xc0, 0xff, 0xff, 0xb8, 0xc0, 0xff, 0xff,
0xb8, 0xc0, 0xff, 0xff, 0xb8, 0xc0, 0xff, 0xff, 0xb8, 0xc0, 0xff, 0xff, 0xb8, 0xc0, 0xff, 0xff,
0xb8, 0xc0, 0xff, 0xff, 0xb8, 0xc0, 0xff, 0xff, 0xb8, 0xc0, 0xff, 0xff, 0xb8, 0xc0, 0xff, 0xff,
0xb8, 0xc0, 0xff, 0xff, 0xb8, 0xc0, 0xff, 0xff, 0xb8, 0xc0, 0xff, 0xff, 0xb8, 0xc0, 0xff, 0xff,
0xb8, 0xc0, 0xff, 0xff, 0xb8, 0xc0, 0xff, 0xff, 0xb8, 0xc0, 0xff, 0xff, 0xb8, 0xc0, 0xff, 0xff,
0xb8, 0xc0, 0xff, 0xff, 0xb8, 0xc0, 0xff, 0xff, 0xb8, 0xc0, 0xff, 0xff, 0xb8, 0xc0, 0xff, 0xff,
0xb8, 0xc0, 0xff, 0xff, 0xb8, 0xc0, 0xff, 0xff, 0xb8, 0xc0, 0xff, 0xff, 0xb8, 0xc0, 0xff, 0xff,
0xb8, 0xc0, 0xff, 0xff, 0xb8, 0xc0, 0xff, 0xff, 0xb8, 0xc0, 0xff, 0xff, 0xb8, 0xc0, 0xff, 0xff,
0xb8, 0xc0, 0xff, 0xff, 0xb8, 0xc0, 0xff, 0xff, 0xb8, 0xc0, 0xff, 0xff, 0xb8, 0xc0, 0xff, 0xff,
0xb8, 0xc0, 0xff, 0xff, 0xb8, 0xc0, 0xff, 0xff, 0xb8, 0xc0, 0xff, 0xff, 0xb8, 0xc0, 0xff, 0xff,
0xb8, 0xc0, 0xff, 0xff, 0xb8, 0xc0, 0xff, 0xff, 0xb8, 0xc0, 0xff, 0xff, 0xb8, 0xc0, 0xff, 0xff,
0xb8, 0xc0, 0xff, 0xff, 0xb8, 0xc0, 0xff, 0xff, 0xb8, 0xc0, 0xff, 0xff, 0xb8, 0xc0, 0xff, 0xff,
0xb8, 0xc0, 0xff, 0xff, 0xb8, 0xc0, 0xff, 0xf4, 0xb8, 0xc0, 0xff, 0x39, 0xb8, 0xc0, 0xff, 0x00,
0x00, 0x00, 0x00, 0x00, 0x00, 0x00, 0x00, 0x00, 0x00, 0x00, 0x00, 0x00, 0x00, 0x00, 0x00, 0x00,
0x00, 0x00, 0x00, 0x00, 0x00, 0x00, 0x00, 0x00, 0x00, 0x00, 0x00, 0x00, 0x00, 0x00, 0x00, 0x00,
0xd0, 0xd9, 0xff, 0x00, 0xd0, 0xd9, 0xff, 0x07, 0xd0, 0xd9, 0xff, 0xba, 0xd0, 0xd9, 0xff, 0xff,
0xd0, 0xd9, 0xff, 0xff, 0xd0, 0xd9, 0xff, 0xff, 0xd0, 0xd9, 0xff, 0xff, 0xd0, 0xd9, 0xff, 0xff,
0xd0, 0xd9, 0xff, 0xff, 0xd0, 0xd9, 0xff, 0xff, 0xd0, 0xd9, 0xff, 0xff, 0xd0, 0xd9, 0xff, 0xff,
0xd0, 0xd9, 0xff, 0xff, 0xd0, 0xd9, 0xff, 0xff, 0xd0, 0xd9, 0xff, 0xff, 0xd0, 0xd9, 0xff, 0xff,
0xd1, 0xda, 0xff, 0xff, 0xcd, 0xd6, 0xff, 0xff, 0xbb, 0xc3, 0xff, 0xff, 0xb8, 0xc0, 0xff, 0xff,
0xb8, 0xc0, 0xff, 0xff, 0xb8, 0xc0, 0xff, 0xff, 0xb8, 0xc0, 0xff, 0xff, 0xb8, 0xc0, 0xff, 0xff,
0xb8, 0xc0, 0xff, 0xff, 0xb8, 0xc0, 0xff, 0xff, 0xb8, 0xc0, 0xff, 0xff, 0xb8, 0xc0, 0xff, 0xff,
0xb8, 0xc0, 0xff, 0xff, 0xb8, 0xc0, 0xff, 0xff, 0xb8, 0xc0, 0xff, 0xff, 0xb8, 0xc0, 0xff, 0xff,
0xb8, 0xc0, 0xff, 0xff, 0xb8, 0xc0, 0xff, 0xff, 0xb8, 0xc0, 0xff, 0xff, 0xb8, 0xc0, 0xff, 0xff,
0xb8, 0xc0, 0xff, 0xff, 0xb8, 0xc0, 0xff, 0xff, 0xb8, 0xc0, 0xff, 0xff, 0xb8, 0xc0, 0xff, 0xff,
0xb8, 0xc0, 0xff, 0xff, 0xb8, 0xc0, 0xff, 0xff, 0xb8, 0xc0, 0xff, 0xff, 0xb8, 0xc0, 0xff, 0xff,
0xb8, 0xc0, 0xff, 0xff, 0xb8, 0xc0, 0xff, 0xff, 0xb8, 0xc0, 0xff, 0xff, 0xb8, 0xc0, 0xff, 0xff,
0xb8, 0xc0, 0xff, 0xff, 0xb8, 0xc0, 0xff, 0xff, 0xc1, 0xc8, 0xff, 0xff, 0xe9, 0xec, 0xff, 0xff,
0xff, 0xff, 0xff, 0xff, 0xff, 0xff, 0xff, 0xff, 0xff, 0xff, 0xff, 0xff, 0xff, 0xff, 0xff, 0xff,
0xff, 0xff, 0xff, 0xff, 0xff, 0xff, 0xff, 0xff, 0xf5, 0xf6, 0xff, 0xff, 0xdb, 0xdf, 0xff, 0xff,
0xc1, 0xc8, 0xff, 0xff, 0xb8, 0xc0, 0xff, 0xff, 0xb8, 0xc0, 0xff, 0xff, 0xb8, 0xc0, 0xff, 0xff,
0xb8, 0xc0, 0xff, 0xff, 0xb8, 0xc0, 0xff, 0xff, 0xb8, 0xc0, 0xff, 0xff, 0xb8, 0xc0, 0xff, 0xff,
0xb8, 0xc0, 0xff, 0xff, 0xb8, 0xc0, 0xff, 0xff, 0xb8, 0xc0, 0xff, 0xff, 0xb8, 0xc0, 0xff, 0xff,
0xb8, 0xc0, 0xff, 0xff, 0xb8, 0xc0, 0xff, 0xff, 0xb8, 0xc0, 0xff, 0xff, 0xb8, 0xc0, 0xff, 0xff,
0xb8, 0xc0, 0xff, 0xff, 0xb8, 0xc0, 0xff, 0xff, 0xb8, 0xc0, 0xff, 0xff, 0xb8, 0xc0, 0xff, 0xff,
0xb8, 0xc0, 0xff, 0xff, 0xb8, 0xc0, 0xff, 0xff, 0xb8, 0xc0, 0xff, 0xff, 0xb8, 0xc0, 0xff, 0xff,
0xb8, 0xc0, 0xff, 0xff, 0xb8, 0xc0, 0xff, 0xff, 0xb8, 0xc0, 0xff, 0xff, 0xb8, 0xc0, 0xff, 0xff,
0xb8, 0xc0, 0xff, 0xff, 0xb8, 0xc0, 0xff, 0xff, 0xb8, 0xc0, 0xff, 0xff, 0xb8, 0xc0, 0xff, 0xff,
0xb8, 0xc0, 0xff, 0xff, 0xb8, 0xc0, 0xff, 0xff, 0xb8, 0xc0, 0xff, 0xff, 0xb8, 0xc0, 0xff, 0xff,
0xb8, 0xc0, 0xff, 0xff, 0xb8, 0xc0, 0xff, 0xff, 0xb8, 0xc0, 0xff, 0xff, 0xb8, 0xc0, 0xff, 0xff,
0xb8, 0xc0, 0xff, 0xff, 0xb8, 0xc0, 0xff, 0xff, 0xb8, 0xc0, 0xff, 0xff, 0xb8, 0xc0, 0xff, 0xff,
0xb8, 0xc0, 0xff, 0xff, 0xb8, 0xc0, 0xff, 0xff, 0xb8, 0xc0, 0xff, 0xff, 0xb8, 0xc0, 0xff, 0xff,
0xb8, 0xc0, 0xff, 0xff, 0xb8, 0xc0, 0xff, 0xff, 0xb8, 0xc0, 0xff, 0xff, 0xb8, 0xc0, 0xff, 0xff,
0xb8, 0xc0, 0xff, 0xff, 0xb8, 0xc0, 0xff, 0xff, 0xb8, 0xc0, 0xff, 0xff, 0xb8, 0xc0, 0xff, 0xff,
0xb8, 0xc0, 0xff, 0xff, 0xb8, 0xc0, 0xff, 0xf4, 0xb8, 0xc0, 0xff, 0x39, 0xb8, 0xc0, 0xff, 0x00,
0x00, 0x00, 0x00, 0x00, 0x00, 0x00, 0x00, 0x00, 0x00, 0x00, 0x00, 0x00, 0x00, 0x00, 0x00, 0x00,
0x00, 0x00, 0x00, 0x00, 0x00, 0x00, 0x00, 0x00, 0x00, 0x00, 0x00, 0x00, 0x00, 0x00, 0x00, 0x00,
0xd0, 0xd9, 0xff, 0x00, 0xd0, 0xd9, 0xff, 0x01, 0xd0, 0xd9, 0xff, 0xa3, 0xd0, 0xd9, 0xff, 0xff,
0xd0, 0xd9, 0xff, 0xff, 0xd0, 0xd9, 0xff, 0xff, 0xd0, 0xd9, 0xff, 0xff, 0xd0, 0xd9, 0xff, 0xff,
0xd0, 0xd9, 0xff, 0xff, 0xd0, 0xd9, 0xff, 0xff, 0xd0, 0xd9, 0xff, 0xff, 0xd0, 0xd9, 0xff, 0xff,
0xd0, 0xd9, 0xff, 0xff, 0xd0, 0xd9, 0xff, 0xff, 0xd0, 0xd9, 0xff, 0xff, 0xd0, 0xd9, 0xff, 0xff,
0xd1, 0xda, 0xff, 0xff, 0xcd, 0xd6, 0xff, 0xff, 0xbb, 0xc3, 0xff, 0xff, 0xb8, 0xc0, 0xff, 0xff,
0xb8, 0xc0, 0xff, 0xff, 0xb8, 0xc0, 0xff, 0xff, 0xb8, 0xc0, 0xff, 0xff, 0xb8, 0xc0, 0xff, 0xff,
0xb8, 0xc0, 0xff, 0xff, 0xb8, 0xc0, 0xff, 0xff, 0xb8, 0xc0, 0xff, 0xff, 0xb8, 0xc0, 0xff, 0xff,
0xb8, 0xc0, 0xff, 0xff, 0xb8, 0xc0, 0xff, 0xff, 0xb8, 0xc0, 0xff, 0xff, 0xb8, 0xc0, 0xff, 0xff,
0xb8, 0xc0, 0xff, 0xff, 0xb8, 0xc0, 0xff, 0xff, 0xb8, 0xc0, 0xff, 0xff, 0xb8, 0xc0, 0xff, 0xff,
0xb8, 0xc0, 0xff, 0xff, 0xb8, 0xc0, 0xff, 0xff, 0xb8, 0xc0, 0xff, 0xff, 0xb8, 0xc0, 0xff, 0xff,
0xb8, 0xc0, 0xff, 0xff, 0xb8, 0xc0, 0xff, 0xff, 0xb8, 0xc0, 0xff, 0xff, 0xb8, 0xc0, 0xff, 0xff,
0xb8, 0xc0, 0xff, 0xff, 0xb8, 0xc0, 0xff, 0xff, 0xb8, 0xc0, 0xff, 0xff, 0xb8, 0xc0, 0xff, 0xff,
0xb8, 0xc0, 0xff, 0xff, 0xb8, 0xc0, 0xff, 0xff, 0xb8, 0xc0, 0xff, 0xff, 0xbd, 0xc4, 0xff, 0xff,
0xd5, 0xda, 0xff, 0xff, 0xec, 0xee, 0xff, 0xff, 0xf5, 0xf7, 0xff, 0xff, 0xf6, 0xf7, 0xff, 0xff,
0xed, 0xef, 0xff, 0xff, 0xd8, 0xdc, 0xff, 0xff, 0xc1, 0xc8, 0xff, 0xff, 0xb8, 0xc0, 0xff, 0xff,
0xb8, 0xc0, 0xff, 0xff, 0xb8, 0xc0, 0xff, 0xff, 0xb8, 0xc0, 0xff, 0xff, 0xb8, 0xc0, 0xff, 0xff,
0xb8, 0xc0, 0xff, 0xff, 0xb8, 0xc0, 0xff, 0xff, 0xb8, 0xc0, 0xff, 0xff, 0xb8, 0xc0, 0xff, 0xff,
0xb8, 0xc0, 0xff, 0xff, 0xb8, 0xc0, 0xff, 0xff, 0xb8, 0xc0, 0xff, 0xff, 0xb8, 0xc0, 0xff, 0xff,
0xb8, 0xc0, 0xff, 0xff, 0xb8, 0xc0, 0xff, 0xff, 0xb8, 0xc0, 0xff, 0xff, 0xb8, 0xc0, 0xff, 0xff,
0xb8, 0xc0, 0xff, 0xff, 0xb8, 0xc0, 0xff, 0xff, 0xb8, 0xc0, 0xff, 0xff, 0xb8, 0xc0, 0xff, 0xff,
0xb8, 0xc0, 0xff, 0xff, 0xb8, 0xc0, 0xff, 0xff, 0xb8, 0xc0, 0xff, 0xff, 0xb8, 0xc0, 0xff, 0xff,
0xb8, 0xc0, 0xff, 0xff, 0xb8, 0xc0, 0xff, 0xff, 0xb8, 0xc0, 0xff, 0xff, 0xb8, 0xc0, 0xff, 0xff,
0xb8, 0xc0, 0xff, 0xff, 0xb8, 0xc0, 0xff, 0xff, 0xb8, 0xc0, 0xff, 0xff, 0xb8, 0xc0, 0xff, 0xff,
0xb8, 0xc0, 0xff, 0xff, 0xb8, 0xc0, 0xff, 0xff, 0xb8, 0xc0, 0xff, 0xff, 0xb8, 0xc0, 0xff, 0xff,
0xb8, 0xc0, 0xff, 0xff, 0xb8, 0xc0, 0xff, 0xff, 0xb8, 0xc0, 0xff, 0xff, 0xb8, 0xc0, 0xff, 0xff,
0xb8, 0xc0, 0xff, 0xff, 0xb8, 0xc0, 0xff, 0xff, 0xb8, 0xc0, 0xff, 0xff, 0xb8, 0xc0, 0xff, 0xff,
0xb8, 0xc0, 0xff, 0xff, 0xb8, 0xc0, 0xff, 0xff, 0xb8, 0xc0, 0xff, 0xff, 0xb8, 0xc0, 0xff, 0xff,
0xb8, 0xc0, 0xff, 0xff, 0xb8, 0xc0, 0xff, 0xff, 0xb8, 0xc0, 0xff, 0xff, 0xb8, 0xc0, 0xff, 0xff,
0xb8, 0xc0, 0xff, 0xff, 0xb8, 0xc0, 0xff, 0xff, 0xb8, 0xc0, 0xff, 0xff, 0xb8, 0xc0, 0xff, 0xff,
0xb8, 0xc0, 0xff, 0xff, 0xb8, 0xc0, 0xff, 0xf4, 0xb8, 0xc0, 0xff, 0x39, 0xb8, 0xc0, 0xff, 0x00,
0x00, 0x00, 0x00, 0x00, 0x00, 0x00, 0x00, 0x00, 0x00, 0x00, 0x00, 0x00, 0x00, 0x00, 0x00, 0x00,
0x00, 0x00, 0x00, 0x00, 0x00, 0x00, 0x00, 0x00, 0x00, 0x00, 0x00, 0x00, 0x00, 0x00, 0x00, 0x00,
0xd0, 0xd9, 0xff, 0x00, 0xd0, 0xd9, 0xff, 0x00, 0xd0, 0xd9, 0xff, 0x81, 0xd0, 0xd9, 0xff, 0xff,
0xd0, 0xd9, 0xff, 0xff, 0xd0, 0xd9, 0xff, 0xff, 0xd0, 0xd9, 0xff, 0xff, 0xd0, 0xd9, 0xff, 0xff,
0xd0, 0xd9, 0xff, 0xff, 0xd0, 0xd9, 0xff, 0xff, 0xd0, 0xd9, 0xff, 0xff, 0xd0, 0xd9, 0xff, 0xff,
0xd0, 0xd9, 0xff, 0xff, 0xd0, 0xd9, 0xff, 0xff, 0xd0, 0xd9, 0xff, 0xff, 0xd0, 0xd9, 0xff, 0xff,
0xd1, 0xda, 0xff, 0xff, 0xcd, 0xd6, 0xff, 0xff, 0xbb, 0xc3, 0xff, 0xff, 0xb8, 0xc0, 0xff, 0xff,
0xb8, 0xc0, 0xff, 0xff, 0xb8, 0xc0, 0xff, 0xff, 0xb8, 0xc0, 0xff, 0xff, 0xb8, 0xc0, 0xff, 0xff,
0xb8, 0xc0, 0xff, 0xff, 0xb8, 0xc0, 0xff, 0xff, 0xb8, 0xc0, 0xff, 0xff, 0xb8, 0xc0, 0xff, 0xff,
0xb8, 0xc0, 0xff, 0xff, 0xb8, 0xc0, 0xff, 0xff, 0xb8, 0xc0, 0xff, 0xff, 0xb8, 0xc0, 0xff, 0xff,
0xb8, 0xc0, 0xff, 0xff, 0xb8, 0xc0, 0xff, 0xff, 0xb8, 0xc0, 0xff, 0xff, 0xb8, 0xc0, 0xff, 0xff,
0xb8, 0xc0, 0xff, 0xff, 0xb8, 0xc0, 0xff, 0xff, 0xb8, 0xc0, 0xff, 0xff, 0xb8, 0xc0, 0xff, 0xff,
0xb8, 0xc0, 0xff, 0xff, 0xb8, 0xc0, 0xff, 0xff, 0xb8, 0xc0, 0xff, 0xff, 0xb8, 0xc0, 0xff, 0xff,
0xb8, 0xc0, 0xff, 0xff, 0xb8, 0xc0, 0xff, 0xff, 0xb8, 0xc0, 0xff, 0xff, 0xb8, 0xc0, 0xff, 0xff,
0xb8, 0xc0, 0xff, 0xff, 0xb8, 0xc0, 0xff, 0xff, 0xb8, 0xc0, 0xff, 0xff, 0xb8, 0xc0, 0xff, 0xff,
0xb7, 0xbf, 0xff, 0xff, 0xbb, 0xc2, 0xff, 0xff, 0xc0, 0xc7, 0xff, 0xff, 0xc0, 0xc8, 0xff, 0xff,
0xbb, 0xc3, 0xff, 0xff, 0xb7, 0xbf, 0xff, 0xff, 0xb8, 0xc0, 0xff, 0xff, 0xb8, 0xc0, 0xff, 0xff,
0xb8, 0xc0, 0xff, 0xff, 0xb8, 0xc0, 0xff, 0xff, 0xb8, 0xc0, 0xff, 0xff, 0xb8, 0xc0, 0xff, 0xff,
0xb8, 0xc0, 0xff, 0xff, 0xb8, 0xc0, 0xff, 0xff, 0xb8, 0xc0, 0xff, 0xff, 0xb8, 0xc0, 0xff, 0xff,
0xb8, 0xc0, 0xff, 0xff, 0xb8, 0xc0, 0xff, 0xff, 0xb8, 0xc0, 0xff, 0xff, 0xb8, 0xc0, 0xff, 0xff,
0xb8, 0xc0, 0xff, 0xff, 0xb8, 0xc0, 0xff, 0xff, 0xb8, 0xc0, 0xff, 0xff, 0xb8, 0xc0, 0xff, 0xff,
0xb8, 0xc0, 0xff, 0xff, 0xb8, 0xc0, 0xff, 0xff, 0xb8, 0xc0, 0xff, 0xff, 0xb8, 0xc0, 0xff, 0xff,
0xb8, 0xc0, 0xff, 0xff, 0xb8, 0xc0, 0xff, 0xff, 0xb8, 0xc0, 0xff, 0xff, 0xb8, 0xc0, 0xff, 0xff,
0xb8, 0xc0, 0xff, 0xff, 0xb8, 0xc0, 0xff, 0xff, 0xb8, 0xc0, 0xff, 0xff, 0xb8, 0xc0, 0xff, 0xff,
0xb8, 0xc0, 0xff, 0xff, 0xb8, 0xc0, 0xff, 0xff, 0xb8, 0xc0, 0xff, 0xff, 0xb8, 0xc0, 0xff, 0xff,
0xb8, 0xc0, 0xff, 0xff, 0xb8, 0xc0, 0xff, 0xff, 0xb8, 0xc0, 0xff, 0xff, 0xb8, 0xc0, 0xff, 0xff,
0xb8, 0xc0, 0xff, 0xff, 0xb8, 0xc0, 0xff, 0xff, 0xb8, 0xc0, 0xff, 0xff, 0xb8, 0xc0, 0xff, 0xff,
0xb8, 0xc0, 0xff, 0xff, 0xb8, 0xc0, 0xff, 0xff, 0xb8, 0xc0, 0xff, 0xff, 0xb8, 0xc0, 0xff, 0xff,
0xb8, 0xc0, 0xff, 0xff, 0xb8, 0xc0, 0xff, 0xff, 0xb8, 0xc0, 0xff, 0xff, 0xb8, 0xc0, 0xff, 0xff,
0xb8, 0xc0, 0xff, 0xff, 0xb8, 0xc0, 0xff, 0xff, 0xb8, 0xc0, 0xff, 0xff, 0xb8, 0xc0, 0xff, 0xff,
0xb8, 0xc0, 0xff, 0xff, 0xb8, 0xc0, 0xff, 0xff, 0xb8, 0xc0, 0xff, 0xff, 0xb8, 0xc0, 0xff, 0xff,
0xb8, 0xc0, 0xff, 0xff, 0xb8, 0xc0, 0xff, 0xf4, 0xb8, 0xc0, 0xff, 0x39, 0xb8, 0xc0, 0xff, 0x00,
0x00, 0x00, 0x00, 0x00, 0x00, 0x00, 0x00, 0x00, 0x00, 0x00, 0x00, 0x00, 0x00, 0x00, 0x00, 0x00,
0x00, 0x00, 0x00, 0x00, 0x00, 0x00, 0x00, 0x00, 0x00, 0x00, 0x00, 0x00, 0x00, 0x00, 0x00, 0x00,
0x00, 0x00, 0x00, 0x00, 0xd0, 0xd9, 0xff, 0x00, 0xd0, 0xd9, 0xff, 0x51, 0xd0, 0xd9, 0xff, 0xfa,
0xd0, 0xd9, 0xff, 0xff, 0xd0, 0xd9, 0xff, 0xff, 0xd0, 0xd9, 0xff, 0xff, 0xd0, 0xd9, 0xff, 0xff,
0xd0, 0xd9, 0xff, 0xff, 0xd0, 0xd9, 0xff, 0xff, 0xd0, 0xd9, 0xff, 0xff, 0xd0, 0xd9, 0xff, 0xff,
0xd0, 0xd9, 0xff, 0xff, 0xd0, 0xd9, 0xff, 0xff, 0xd0, 0xd9, 0xff, 0xff, 0xd0, 0xd9, 0xff, 0xff,
0xd1, 0xda, 0xff, 0xff, 0xcd, 0xd6, 0xff, 0xff, 0xbb, 0xc3, 0xff, 0xff, 0xb8, 0xc0, 0xff, 0xff,
0xb8, 0xc0, 0xff, 0xff, 0xb8, 0xc0, 0xff, 0xff, 0xb8, 0xc0, 0xff, 0xff, 0xb8, 0xc0, 0xff, 0xff,
0xb8, 0xc0, 0xff, 0xff, 0xb8, 0xc0, 0xff, 0xff, 0xb8, 0xc0, 0xff, 0xff, 0xb8, 0xc0, 0xff, 0xff,
0xb8, 0xc0, 0xff, 0xff, 0xb8, 0xc0, 0xff, 0xff, 0xb8, 0xc0, 0xff, 0xff, 0xb8, 0xc0, 0xff, 0xff,
0xb8, 0xc0, 0xff, 0xff, 0xb8, 0xc0, 0xff, 0xff, 0xb8, 0xc0, 0xff, 0xff, 0xb8, 0xc0, 0xff, 0xff,
0xb8, 0xc0, 0xff, 0xff, 0xb8, 0xc0, 0xff, 0xff, 0xb8, 0xc0, 0xff, 0xff, 0xb8, 0xc0, 0xff, 0xff,
0xb8, 0xc0, 0xff, 0xff, 0xb8, 0xc0, 0xff, 0xff, 0xb8, 0xc0, 0xff, 0xff, 0xb8, 0xc0, 0xff, 0xff,
0xb8, 0xc0, 0xff, 0xff, 0xb8, 0xc0, 0xff, 0xff, 0xb8, 0xc0, 0xff, 0xff, 0xb8, 0xc0, 0xff, 0xff,
0xb8, 0xc0, 0xff, 0xff, 0xb8, 0xc0, 0xff, 0xff, 0xb8, 0xc0, 0xff, 0xff, 0xb8, 0xc0, 0xff, 0xff,
0xb8, 0xc0, 0xff, 0xff, 0xb8, 0xc0, 0xff, 0xff, 0xb8, 0xc0, 0xff, 0xff, 0xb8, 0xc0, 0xff, 0xff,
0xb8, 0xc0, 0xff, 0xff, 0xb8, 0xc0, 0xff, 0xff, 0xb8, 0xc0, 0xff, 0xff, 0xb8, 0xc0, 0xff, 0xff,
0xb8, 0xc0, 0xff, 0xff, 0xb8, 0xc0, 0xff, 0xff, 0xb8, 0xc0, 0xff, 0xff, 0xb8, 0xc0, 0xff, 0xff,
0xb8, 0xc0, 0xff, 0xff, 0xb8, 0xc0, 0xff, 0xff, 0xb8, 0xc0, 0xff, 0xff, 0xb8, 0xc0, 0xff, 0xff,
0xb8, 0xc0, 0xff, 0xff, 0xb8, 0xc0, 0xff, 0xff, 0xb8, 0xc0, 0xff, 0xff, 0xb8, 0xc0, 0xff, 0xff,
0xb8, 0xc0, 0xff, 0xff, 0xb8, 0xc0, 0xff, 0xff, 0xb8, 0xc0, 0xff, 0xff, 0xb8, 0xc0, 0xff, 0xff,
0xb8, 0xc0, 0xff, 0xff, 0xb8, 0xc0, 0xff, 0xff, 0xb8, 0xc0, 0xff, 0xff, 0xb8, 0xc0, 0xff, 0xff,
0xb8, 0xc0, 0xff, 0xff, 0xb8, 0xc0, 0xff, 0xff, 0xb8, 0xc0, 0xff, 0xff, 0xb8, 0xc0, 0xff, 0xff,
0xb8, 0xc0, 0xff, 0xff, 0xb8, 0xc0, 0xff, 0xff, 0xb8, 0xc0, 0xff, 0xff, 0xb8, 0xc0, 0xff, 0xff,
0xb8, 0xc0, 0xff, 0xff, 0xb8, 0xc0, 0xff, 0xff, 0xb8, 0xc0, 0xff, 0xff, 0xb8, 0xc0, 0xff, 0xff,
0xb8, 0xc0, 0xff, 0xff, 0xb8, 0xc0, 0xff, 0xff, 0xb8, 0xc0, 0xff, 0xff, 0xb8, 0xc0, 0xff, 0xff,
0xb8, 0xc0, 0xff, 0xff, 0xb8, 0xc0, 0xff, 0xff, 0xb8, 0xc0, 0xff, 0xff, 0xb8, 0xc0, 0xff, 0xff,
0xb8, 0xc0, 0xff, 0xff, 0xb8, 0xc0, 0xff, 0xff, 0xb8, 0xc0, 0xff, 0xff, 0xb8, 0xc0, 0xff, 0xff,
0xb8, 0xc0, 0xff, 0xff, 0xb8, 0xc0, 0xff, 0xff, 0xb8, 0xc0, 0xff, 0xff, 0xb8, 0xc0, 0xff, 0xff,
0xb8, 0xc0, 0xff, 0xff, 0xb8, 0xc0, 0xff, 0xff, 0xb8, 0xc0, 0xff, 0xff, 0xb8, 0xc0, 0xff, 0xff,
0xb8, 0xc0, 0xff, 0xff, 0xb8, 0xc0, 0xff, 0xff, 0xb8, 0xc0, 0xff, 0xff, 0xb8, 0xc0, 0xff, 0xff,
0xb8, 0xc0, 0xff, 0xff, 0xb8, 0xc0, 0xff, 0xf4, 0xb8, 0xc0, 0xff, 0x39, 0xb8, 0xc0, 0xff, 0x00,
0x00, 0x00, 0x00, 0x00, 0x00, 0x00, 0x00, 0x00, 0x00, 0x00, 0x00, 0x00, 0x00, 0x00, 0x00, 0x00,
0x00, 0x00, 0x00, 0x00, 0x00, 0x00, 0x00, 0x00, 0x00, 0x00, 0x00, 0x00, 0x00, 0x00, 0x00, 0x00,
0x00, 0x00, 0x00, 0x00, 0xd0, 0xd9, 0xff, 0x00, 0xd0, 0xd9, 0xff, 0x20, 0xd0, 0xd9, 0xff, 0xde,
0xd0, 0xd9, 0xff, 0xff, 0xd0, 0xd9, 0xff, 0xff, 0xd0, 0xd9, 0xff, 0xff, 0xd0, 0xd9, 0xff, 0xff,
0xd0, 0xd9, 0xff, 0xff, 0xd0, 0xd9, 0xff, 0xff, 0xd0, 0xd9, 0xff, 0xff, 0xd0, 0xd9, 0xff, 0xff,
0xd0, 0xd9, 0xff, 0xff, 0xd0, 0xd9, 0xff, 0xff, 0xd0, 0xd9, 0xff, 0xff, 0xd0, 0xd9, 0xff, 0xff,
0xd1, 0xda, 0xff, 0xff, 0xcd, 0xd6, 0xff, 0xff, 0xbb, 0xc3, 0xff, 0xff, 0xb8, 0xc0, 0xff, 0xff,
0xb8, 0xc0, 0xff, 0xff, 0xb8, 0xc0, 0xff, 0xff, 0xb8, 0xc0, 0xff, 0xff, 0xb8, 0xc0, 0xff, 0xff,
0xb8, 0xc0, 0xff, 0xff, 0xb8, 0xc0, 0xff, 0xff, 0xb8, 0xc0, 0xff, 0xff, 0xb8, 0xc0, 0xff, 0xff,
0xb8, 0xc0, 0xff, 0xff, 0xb8, 0xc0, 0xff, 0xff, 0xb8, 0xc0, 0xff, 0xff, 0xb8, 0xc0, 0xff, 0xff,
0xb8, 0xc0, 0xff, 0xff, 0xb8, 0xc0, 0xff, 0xff, 0xb8, 0xc0, 0xff, 0xff, 0xb8, 0xc0, 0xff, 0xff,
0xb8, 0xc0, 0xff, 0xff, 0xb8, 0xc0, 0xff, 0xff, 0xb8, 0xc0, 0xff, 0xff, 0xb8, 0xc0, 0xff, 0xff,
0xb8, 0xc0, 0xff, 0xff, 0xb8, 0xc0, 0xff, 0xff, 0xb8, 0xc0, 0xff, 0xff, 0xb8, 0xc0, 0xff, 0xff,
0xb8, 0xc0, 0xff, 0xff, 0xb8, 0xc0, 0xff, 0xff, 0xb8, 0xc0, 0xff, 0xff, 0xb8, 0xc0, 0xff, 0xff,
0xb8, 0xc0, 0xff, 0xff, 0xb8, 0xc0, 0xff, 0xff, 0xb8, 0xc0, 0xff, 0xff, 0xb8, 0xc0, 0xff, 0xff,
0xb8, 0xc0, 0xff, 0xff, 0xb8, 0xc0, 0xff, 0xff, 0xb8, 0xc0, 0xff, 0xff, 0xb8, 0xc0, 0xff, 0xff,
0xb8, 0xc0, 0xff, 0xff, 0xb8, 0xc0, 0xff, 0xff, 0xb8, 0xc0, 0xff, 0xff, 0xb8, 0xc0, 0xff, 0xff,
0xb8, 0xc0, 0xff, 0xff, 0xb8, 0xc0, 0xff, 0xff, 0xb8, 0xc0, 0xff, 0xff, 0xb8, 0xc0, 0xff, 0xff,
0xb8, 0xc0, 0xff, 0xff, 0xb8, 0xc0, 0xff, 0xff, 0xb8, 0xc0, 0xff, 0xff, 0xb8, 0xc0, 0xff, 0xff,
0xb8, 0xc0, 0xff, 0xff, 0xb8, 0xc0, 0xff, 0xff, 0xb8, 0xc0, 0xff, 0xff, 0xb8, 0xc0, 0xff, 0xff,
0xb8, 0xc0, 0xff, 0xff, 0xb8, 0xc0, 0xff, 0xff, 0xb8, 0xc0, 0xff, 0xff, 0xb8, 0xc0, 0xff, 0xff,
0xb8, 0xc0, 0xff, 0xff, 0xb8, 0xc0, 0xff, 0xff, 0xb8, 0xc0, 0xff, 0xff, 0xb8, 0xc0, 0xff, 0xff,
0xb8, 0xc0, 0xff, 0xff, 0xb8, 0xc0, 0xff, 0xff, 0xb8, 0xc0, 0xff, 0xff, 0xb8, 0xc0, 0xff, 0xff,
0xb8, 0xc0, 0xff, 0xff, 0xb8, 0xc0, 0xff, 0xff, 0xb8, 0xc0, 0xff, 0xff, 0xb8, 0xc0, 0xff, 0xff,
0xb8, 0xc0, 0xff, 0xff, 0xb8, 0xc0, 0xff, 0xff, 0xb8, 0xc0, 0xff, 0xff, 0xb8, 0xc0, 0xff, 0xff,
0xb8, 0xc0, 0xff, 0xff, 0xb8, 0xc0, 0xff, 0xff, 0xb8, 0xc0, 0xff, 0xff, 0xb8, 0xc0, 0xff, 0xff,
0xb8, 0xc0, 0xff, 0xff, 0xb8, 0xc0, 0xff, 0xff, 0xb8, 0xc0, 0xff, 0xff, 0xb8, 0xc0, 0xff, 0xff,
0xb8, 0xc0, 0xff, 0xff, 0xb8, 0xc0, 0xff, 0xff, 0xb8, 0xc0, 0xff, 0xff, 0xb8, 0xc0, 0xff, 0xff,
0xb8, 0xc0, 0xff, 0xff, 0xb8, 0xc0, 0xff, 0xff, 0xb8, 0xc0, 0xff, 0xff, 0xb8, 0xc0, 0xff, 0xff,
0xb8, 0xc0, 0xff, 0xff, 0xb8, 0xc0, 0xff, 0xff, 0xb8, 0xc0, 0xff, 0xff, 0xb8, 0xc0, 0xff, 0xff,
0xb8, 0xc0, 0xff, 0xff, 0xb8, 0xc0, 0xff, 0xff, 0xb8, 0xc0, 0xff, 0xff, 0xb8, 0xc0, 0xff, 0xff,
0xb8, 0xc0, 0xff, 0xff, 0xb8, 0xc0, 0xff, 0xf4, 0xb8, 0xc0, 0xff, 0x39, 0xb8, 0xc0, 0xff, 0x00,
0x00, 0x00, 0x00, 0x00, 0x00, 0x00, 0x00, 0x00, 0x00, 0x00, 0x00, 0x00, 0x00, 0x00, 0x00, 0x00,
0x00, 0x00, 0x00, 0x00, 0x00, 0x00, 0x00, 0x00, 0x00, 0x00, 0x00, 0x00, 0x00, 0x00, 0x00, 0x00,
0x00, 0x00, 0x00, 0x00, 0xd0, 0xd9, 0xff, 0x00, 0xd0, 0xd9, 0xff, 0x03, 0xd0, 0xd9, 0xff, 0xa4,
0xd0, 0xd9, 0xff, 0xff, 0xd0, 0xd9, 0xff, 0xff, 0xd0, 0xd9, 0xff, 0xff, 0xd0, 0xd9, 0xff, 0xff,
0xd0, 0xd9, 0xff, 0xff, 0xd0, 0xd9, 0xff, 0xff, 0xd0, 0xd9, 0xff, 0xff, 0xd0, 0xd9, 0xff, 0xff,
0xd0, 0xd9, 0xff, 0xff, 0xd0, 0xd9, 0xff, 0xff, 0xd0, 0xd9, 0xff, 0xff, 0xd0, 0xd9, 0xff, 0xff,
0xd1, 0xda, 0xff, 0xff, 0xcd, 0xd6, 0xff, 0xff, 0xbb, 0xc3, 0xff, 0xff, 0xb8, 0xc0, 0xff, 0xff,
0xb8, 0xc0, 0xff, 0xff, 0xb8, 0xc0, 0xff, 0xff, 0xb8, 0xc0, 0xff, 0xff, 0xb8, 0xc0, 0xff, 0xff,
0xb8, 0xc0, 0xff, 0xff, 0xb8, 0xc0, 0xff, 0xff, 0xb8, 0xc0, 0xff, 0xff, 0xb8, 0xc0, 0xff, 0xff,
0xb8, 0xc0, 0xff, 0xff, 0xb8, 0xc0, 0xff, 0xff, 0xb8, 0xc0, 0xff, 0xff, 0xb8, 0xc0, 0xff, 0xff,
0xb8, 0xc0, 0xff, 0xff, 0xb8, 0xc0, 0xff, 0xff, 0xb8, 0xc0, 0xff, 0xff, 0xb8, 0xc0, 0xff, 0xff,
0xb8, 0xc0, 0xff, 0xff, 0xb8, 0xc0, 0xff, 0xff, 0xb8, 0xc0, 0xff, 0xff, 0xb8, 0xc0, 0xff, 0xff,
0xb8, 0xc0, 0xff, 0xff, 0xb8, 0xc0, 0xff, 0xff, 0xb8, 0xc0, 0xff, 0xff, 0xb8, 0xc0, 0xff, 0xff,
0xb8, 0xc0, 0xff, 0xff, 0xb8, 0xc0, 0xff, 0xff, 0xb8, 0xc0, 0xff, 0xff, 0xb8, 0xc0, 0xff, 0xff,
0xb8, 0xc0, 0xff, 0xff, 0xb8, 0xc0, 0xff, 0xff, 0xb8, 0xc0, 0xff, 0xff, 0xb8, 0xc0, 0xff, 0xff,
0xb8, 0xc0, 0xff, 0xff, 0xb8, 0xc0, 0xff, 0xff, 0xb8, 0xc0, 0xff, 0xff, 0xb8, 0xc0, 0xff, 0xff,
0xb8, 0xc0, 0xff, 0xff, 0xb8, 0xc0, 0xff, 0xff, 0xb8, 0xc0, 0xff, 0xff, 0xb8, 0xc0, 0xff, 0xff,
0xb8, 0xc0, 0xff, 0xff, 0xb8, 0xc0, 0xff, 0xff, 0xb8, 0xc0, 0xff, 0xff, 0xb8, 0xc0, 0xff, 0xff,
0xb8, 0xc0, 0xff, 0xff, 0xb8, 0xc0, 0xff, 0xff, 0xb8, 0xc0, 0xff, 0xff, 0xb8, 0xc0, 0xff, 0xff,
0xb8, 0xc0, 0xff, 0xff, 0xb8, 0xc0, 0xff, 0xff, 0xb8, 0xc0, 0xff, 0xff, 0xb8, 0xc0, 0xff, 0xff,
0xb8, 0xc0, 0xff, 0xff, 0xb8, 0xc0, 0xff, 0xff, 0xb8, 0xc0, 0xff, 0xff, 0xb8, 0xc0, 0xff, 0xff,
0xb8, 0xc0, 0xff, 0xff, 0xb8, 0xc0, 0xff, 0xff, 0xb8, 0xc0, 0xff, 0xff, 0xb8, 0xc0, 0xff, 0xff,
0xb8, 0xc0, 0xff, 0xff, 0xb8, 0xc0, 0xff, 0xff, 0xb8, 0xc0, 0xff, 0xff, 0xb8, 0xc0, 0xff, 0xff,
0xb8, 0xc0, 0xff, 0xff, 0xb8, 0xc0, 0xff, 0xff, 0xb8, 0xc0, 0xff, 0xff, 0xb8, 0xc0, 0xff, 0xff,
0xb8, 0xc0, 0xff, 0xff, 0xb8, 0xc0, 0xff, 0xff, 0xb8, 0xc0, 0xff, 0xff, 0xb8, 0xc0, 0xff, 0xff,
0xb8, 0xc0, 0xff, 0xff, 0xb8, 0xc0, 0xff, 0xff, 0xb8, 0xc0, 0xff, 0xff, 0xb8, 0xc0, 0xff, 0xff,
0xb8, 0xc0, 0xff, 0xff, 0xb8, 0xc0, 0xff, 0xff, 0xb8, 0xc0, 0xff, 0xff, 0xb8, 0xc0, 0xff, 0xff,
0xb8, 0xc0, 0xff, 0xff, 0xb8, 0xc0, 0xff, 0xff, 0xb8, 0xc0, 0xff, 0xff, 0xb8, 0xc0, 0xff, 0xff,
0xb8, 0xc0, 0xff, 0xff, 0xb8, 0xc0, 0xff, 0xff, 0xb8, 0xc0, 0xff, 0xff, 0xb8, 0xc0, 0xff, 0xff,
0xb8, 0xc0, 0xff, 0xff, 0xb8, 0xc0, 0xff, 0xff, 0xb8, 0xc0, 0xff, 0xff, 0xb8, 0xc0, 0xff, 0xff,
0xb8, 0xc0, 0xff, 0xff, 0xb8, 0xc0, 0xff, 0xff, 0xb8, 0xc0, 0xff, 0xff, 0xb8, 0xc0, 0xff, 0xff,
0xb8, 0xc0, 0xff, 0xff, 0xb8, 0xc0, 0xff, 0xf4, 0xb8, 0xc0, 0xff, 0x39, 0xb8, 0xc0, 0xff, 0x00,
0x00, 0x00, 0x00, 0x00, 0x00, 0x00, 0x00, 0x00, 0x00, 0x00, 0x00, 0x00, 0x00, 0x00, 0x00, 0x00,
0x00, 0x00, 0x00, 0x00, 0x00, 0x00, 0x00, 0x00, 0x00, 0x00, 0x00, 0x00, 0x00, 0x00, 0x00, 0x00,
0x00, 0x00, 0x00, 0x00, 0xd0, 0xd9, 0xff, 0x00, 0xd0, 0xd9, 0xff, 0x00, 0xd0, 0xd9, 0xff, 0x52,
0xd0, 0xd9, 0xff, 0xf8, 0xd0, 0xd9, 0xff, 0xff, 0xd0, 0xd9, 0xff, 0xff, 0xd0, 0xd9, 0xff, 0xff,
0xd0, 0xd9, 0xff, 0xff, 0xd0, 0xd9, 0xff, 0xff, 0xd0, 0xd9, 0xff, 0xff, 0xd0, 0xd9, 0xff, 0xff,
0xd0, 0xd9, 0xff, 0xff, 0xd0, 0xd9, 0xff, 0xff, 0xd0, 0xd9, 0xff, 0xff, 0xd0, 0xd9, 0xff, 0xff,
0xd1, 0xda, 0xff, 0xff, 0xcd, 0xd6, 0xff, 0xff, 0xbb, 0xc3, 0xff, 0xff, 0xb8, 0xc0, 0xff, 0xff,
0xb8, 0xc0, 0xff, 0xff, 0xb8, 0xc0, 0xff, 0xff, 0xb8, 0xc0, 0xff, 0xff, 0xb8, 0xc0, 0xff, 0xff,
0xb8, 0xc0, 0xff, 0xff, 0xb8, 0xc0, 0xff, 0xff, 0xb8, 0xc0, 0xff, 0xff, 0xb8, 0xc0, 0xff, 0xff,
0xb8, 0xc0, 0xff, 0xff, 0xb8, 0xc0, 0xff, 0xff, 0xb8, 0xc0, 0xff, 0xff, 0xb8, 0xc0, 0xff, 0xff,
0xb8, 0xc0, 0xff, 0xff, 0xb8, 0xc0, 0xff, 0xff, 0xb8, 0xc0, 0xff, 0xff, 0xb8, 0xc0, 0xff, 0xff,
0xb8, 0xc0, 0xff, 0xff, 0xb8, 0xc0, 0xff, 0xff, 0xb8, 0xc0, 0xff, 0xff, 0xb8, 0xc0, 0xff, 0xff,
0xb8, 0xc0, 0xff, 0xff, 0xb8, 0xc0, 0xff, 0xff, 0xb8, 0xc0, 0xff, 0xff, 0xb8, 0xc0, 0xff, 0xff,
0xb8, 0xc0, 0xff, 0xff, 0xb8, 0xc0, 0xff, 0xff, 0xb8, 0xc0, 0xff, 0xff, 0xb8, 0xc0, 0xff, 0xff,
0xb8, 0xc0, 0xff, 0xff, 0xb8, 0xc0, 0xff, 0xff, 0xb8, 0xc0, 0xff, 0xff, 0xb8, 0xc0, 0xff, 0xff,
0xb8, 0xc0, 0xff, 0xff, 0xb8, 0xc0, 0xff, 0xff, 0xb8, 0xc0, 0xff, 0xff, 0xb8, 0xc0, 0xff, 0xff,
0xb8, 0xc0, 0xff, 0xff, 0xb8, 0xc0, 0xff, 0xff, 0xb8, 0xc0, 0xff, 0xff, 0xb8, 0xc0, 0xff, 0xff,
0xb8, 0xc0, 0xff, 0xff, 0xb8, 0xc0, 0xff, 0xff, 0xb8, 0xc0, 0xff, 0xff, 0xb8, 0xc0, 0xff, 0xff,
0xb8, 0xc0, 0xff, 0xff, 0xb8, 0xc0, 0xff, 0xff, 0xb8, 0xc0, 0xff, 0xff, 0xb8, 0xc0, 0xff, 0xff,
0xb8, 0xc0, 0xff, 0xff, 0xb8, 0xc0, 0xff, 0xff, 0xb8, 0xc0, 0xff, 0xff, 0xb8, 0xc0, 0xff, 0xff,
0xb8, 0xc0, 0xff, 0xff, 0xb8, 0xc0, 0xff, 0xff, 0xb8, 0xc0, 0xff, 0xff, 0xb8, 0xc0, 0xff, 0xff,
0xb8, 0xc0, 0xff, 0xff, 0xb8, 0xc0, 0xff, 0xff, 0xb8, 0xc0, 0xff, 0xff, 0xb8, 0xc0, 0xff, 0xff,
0xb8, 0xc0, 0xff, 0xff, 0xb8, 0xc0, 0xff, 0xff, 0xb8, 0xc0, 0xff, 0xff, 0xb8, 0xc0, 0xff, 0xff,
0xb8, 0xc0, 0xff, 0xff, 0xb8, 0xc0, 0xff, 0xff, 0xb8, 0xc0, 0xff, 0xff, 0xb8, 0xc0, 0xff, 0xff,
0xb8, 0xc0, 0xff, 0xff, 0xb8, 0xc0, 0xff, 0xff, 0xb8, 0xc0, 0xff, 0xff, 0xb8, 0xc0, 0xff, 0xff,
0xb8, 0xc0, 0xff, 0xff, 0xb8, 0xc0, 0xff, 0xff, 0xb8, 0xc0, 0xff, 0xff, 0xb8, 0xc0, 0xff, 0xff,
0xb8, 0xc0, 0xff, 0xff, 0xb8, 0xc0, 0xff, 0xff, 0xb8, 0xc0, 0xff, 0xff, 0xb8, 0xc0, 0xff, 0xff,
0xb8, 0xc0, 0xff, 0xff, 0xb8, 0xc0, 0xff, 0xff, 0xb8, 0xc0, 0xff, 0xff, 0xb8, 0xc0, 0xff, 0xff,
0xb8, 0xc0, 0xff, 0xff, 0xb8, 0xc0, 0xff, 0xff, 0xb8, 0xc0, 0xff, 0xff, 0xb8, 0xc0, 0xff, 0xff,
0xb8, 0xc0, 0xff, 0xff, 0xb8, 0xc0, 0xff, 0xff, 0xb8, 0xc0, 0xff, 0xff, 0xb8, 0xc0, 0xff, 0xff,
0xb8, 0xc0, 0xff, 0xff, 0xb8, 0xc0, 0xff, 0xff, 0xb8, 0xc0, 0xff, 0xff, 0xb8, 0xc0, 0xff, 0xff,
0xb8, 0xc0, 0xff, 0xff, 0xb8, 0xc0, 0xff, 0xf4, 0xb8, 0xc0, 0xff, 0x39, 0xb8, 0xc0, 0xff, 0x00,
0x00, 0x00, 0x00, 0x00, 0x00, 0x00, 0x00, 0x00, 0x00, 0x00, 0x00, 0x00, 0x00, 0x00, 0x00, 0x00,
0x00, 0x00, 0x00, 0x00, 0x00, 0x00, 0x00, 0x00, 0x00, 0x00, 0x00, 0x00, 0x00, 0x00, 0x00, 0x00,
0x00, 0x00, 0x00, 0x00, 0x00, 0x00, 0x00, 0x00, 0xd0, 0xd9, 0xff, 0x00, 0xd0, 0xd9, 0xff, 0x12,
0xd0, 0xd9, 0xff, 0xc4, 0xd0, 0xd9, 0xff, 0xff, 0xd0, 0xd9, 0xff, 0xff, 0xd0, 0xd9, 0xff, 0xff,
0xd0, 0xd9, 0xff, 0xff, 0xd0, 0xd9, 0xff, 0xff, 0xd0, 0xd9, 0xff, 0xff, 0xd0, 0xd9, 0xff, 0xff,
0xd0, 0xd9, 0xff, 0xff, 0xd0, 0xd9, 0xff, 0xff, 0xd0, 0xd9, 0xff, 0xff, 0xd0, 0xd9, 0xff, 0xff,
0xd1, 0xda, 0xff, 0xff, 0xcd, 0xd6, 0xff, 0xff, 0xbb, 0xc3, 0xff, 0xff, 0xb8, 0xc0, 0xff, 0xff,
0xb8, 0xc0, 0xff, 0xff, 0xb8, 0xc0, 0xff, 0xff, 0xb8, 0xc0, 0xff, 0xff, 0xb8, 0xc0, 0xff, 0xff,
0xb8, 0xc0, 0xff, 0xff, 0xb8, 0xc0, 0xff, 0xff, 0xb8, 0xc0, 0xff, 0xff, 0xb8, 0xc0, 0xff, 0xff,
0xb8, 0xc0, 0xff, 0xff, 0xb8, 0xc0, 0xff, 0xff, 0xb8, 0xc0, 0xff, 0xff, 0xb8, 0xc0, 0xff, 0xff,
0xb8, 0xc0, 0xff, 0xff, 0xb8, 0xc0, 0xff, 0xff, 0xb8, 0xc0, 0xff, 0xff, 0xb8, 0xc0, 0xff, 0xff,
0xb8, 0xc0, 0xff, 0xff, 0xb8, 0xc0, 0xff, 0xff, 0xb8, 0xc0, 0xff, 0xff, 0xb8, 0xc0, 0xff, 0xff,
0xb8, 0xc0, 0xff, 0xff, 0xb8, 0xc0, 0xff, 0xff, 0xb8, 0xc0, 0xff, 0xff, 0xb8, 0xc0, 0xff, 0xff,
0xb8, 0xc0, 0xff, 0xff, 0xb8, 0xc0, 0xff, 0xff, 0xb8, 0xc0, 0xff, 0xff, 0xb8, 0xc0, 0xff, 0xff,
0xb8, 0xc0, 0xff, 0xff, 0xb8, 0xc0, 0xff, 0xff, 0xb8, 0xc0, 0xff, 0xff, 0xb8, 0xc0, 0xff, 0xff,
0xb8, 0xc0, 0xff, 0xff, 0xb8, 0xc0, 0xff, 0xff, 0xb8, 0xc0, 0xff, 0xff, 0xb8, 0xc0, 0xff, 0xff,
0xb8, 0xc0, 0xff, 0xff, 0xb8, 0xc0, 0xff, 0xff, 0xb8, 0xc0, 0xff, 0xff, 0xb8, 0xc0, 0xff, 0xff,
0xb8, 0xc0, 0xff, 0xff, 0xb8, 0xc0, 0xff, 0xff, 0xb8, 0xc0, 0xff, 0xff, 0xb8, 0xc0, 0xff, 0xff,
0xb8, 0xc0, 0xff, 0xff, 0xb8, 0xc0, 0xff, 0xff, 0xb8, 0xc0, 0xff, 0xff, 0xb8, 0xc0, 0xff, 0xff,
0xb8, 0xc0, 0xff, 0xff, 0xb8, 0xc0, 0xff, 0xff, 0xb8, 0xc0, 0xff, 0xff, 0xb8, 0xc0, 0xff, 0xff,
0xb8, 0xc0, 0xff, 0xff, 0xb8, 0xc0, 0xff, 0xff, 0xb8, 0xc0, 0xff, 0xff, 0xb8, 0xc0, 0xff, 0xff,
0xb8, 0xc0, 0xff, 0xff, 0xb8, 0xc0, 0xff, 0xff, 0xb8, 0xc0, 0xff, 0xff, 0xb8, 0xc0, 0xff, 0xff,
0xb8, 0xc0, 0xff, 0xff, 0xb8, 0xc0, 0xff, 0xff, 0xb8, 0xc0, 0xff, 0xff, 0xb8, 0xc0, 0xff, 0xff,
0xb8, 0xc0, 0xff, 0xff, 0xb8, 0xc0, 0xff, 0xff, 0xb8, 0xc0, 0xff, 0xff, 0xb8, 0xc0, 0xff, 0xff,
0xb8, 0xc0, 0xff, 0xff, 0xb8, 0xc0, 0xff, 0xff, 0xb8, 0xc0, 0xff, 0xff, 0xb8, 0xc0, 0xff, 0xff,
0xb8, 0xc0, 0xff, 0xff, 0xb8, 0xc0, 0xff, 0xff, 0xb8, 0xc0, 0xff, 0xff, 0xb8, 0xc0, 0xff, 0xff,
0xb8, 0xc0, 0xff, 0xff, 0xb8, 0xc0, 0xff, 0xff, 0xb8, 0xc0, 0xff, 0xff, 0xb8, 0xc0, 0xff, 0xff,
0xb8, 0xc0, 0xff, 0xff, 0xb8, 0xc0, 0xff, 0xff, 0xb8, 0xc0, 0xff, 0xff, 0xb8, 0xc0, 0xff, 0xff,
0xb8, 0xc0, 0xff, 0xff, 0xb8, 0xc0, 0xff, 0xff, 0xb8, 0xc0, 0xff, 0xff, 0xb8, 0xc0, 0xff, 0xff,
0xb8, 0xc0, 0xff, 0xff, 0xb8, 0xc0, 0xff, 0xff, 0xb8, 0xc0, 0xff, 0xff, 0xb8, 0xc0, 0xff, 0xff,
0xb8, 0xc0, 0xff, 0xff, 0xb8, 0xc0, 0xff, 0xff, 0xb8, 0xc0, 0xff, 0xff, 0xb8, 0xc0, 0xff, 0xff,
0xb8, 0xc0, 0xff, 0xff, 0xb8, 0xc0, 0xff, 0xf4, 0xb8, 0xc0, 0xff, 0x39, 0xb8, 0xc0, 0xff, 0x00,
0x00, 0x00, 0x00, 0x00, 0x00, 0x00, 0x00, 0x00, 0x00, 0x00, 0x00, 0x00, 0x00, 0x00, 0x00, 0x00,
0x00, 0x00, 0x00, 0x00, 0x00, 0x00, 0x00, 0x00, 0x00, 0x00, 0x00, 0x00, 0x00, 0x00, 0x00, 0x00,
0x00, 0x00, 0x00, 0x00, 0x00, 0x00, 0x00, 0x00, 0xd0, 0xd9, 0xff, 0x00, 0xd0, 0xd9, 0xff, 0x00,
0xd0, 0xd9, 0xff, 0x5e, 0xd0, 0xd9, 0xff, 0xf9, 0xd0, 0xd9, 0xff, 0xff, 0xd0, 0xd9, 0xff, 0xff,
0xd0, 0xd9, 0xff, 0xff, 0xd0, 0xd9, 0xff, 0xff, 0xd0, 0xd9, 0xff, 0xff, 0xd0, 0xd9, 0xff, 0xff,
0xd0, 0xd9, 0xff, 0xff, 0xd0, 0xd9, 0xff, 0xff, 0xd0, 0xd9, 0xff, 0xff, 0xd0, 0xd9, 0xff, 0xff,
0xd1, 0xda, 0xff, 0xff, 0xcd, 0xd6, 0xff, 0xff, 0xbb, 0xc3, 0xff, 0xff, 0xb8, 0xc0, 0xff, 0xff,
0xb8, 0xc0, 0xff, 0xff, 0xb8, 0xc0, 0xff, 0xff, 0xb8, 0xc0, 0xff, 0xff, 0xb8, 0xc0, 0xff, 0xff,
0xb8, 0xc0, 0xff, 0xff, 0xb8, 0xc0, 0xff, 0xff, 0xb8, 0xc0, 0xff, 0xff, 0xb8, 0xc0, 0xff, 0xff,
0xb8, 0xc0, 0xff, 0xff, 0xb8, 0xc0, 0xff, 0xff, 0xb8, 0xc0, 0xff, 0xff, 0xb8, 0xc0, 0xff, 0xff,
0xb8, 0xc0, 0xff, 0xff, 0xb8, 0xc0, 0xff, 0xff, 0xb8, 0xc0, 0xff, 0xff, 0xb8, 0xc0, 0xff, 0xff,
0xb8, 0xc0, 0xff, 0xff, 0xb8, 0xc0, 0xff, 0xff, 0xb8, 0xc0, 0xff, 0xff, 0xb8, 0xc0, 0xff, 0xff,
0xb8, 0xc0, 0xff, 0xff, 0xb8, 0xc0, 0xff, 0xff, 0xb8, 0xc0, 0xff, 0xff, 0xb8, 0xc0, 0xff, 0xff,
0xb8, 0xc0, 0xff, 0xff, 0xb8, 0xc0, 0xff, 0xff, 0xb8, 0xc0, 0xff, 0xff, 0xb8, 0xc0, 0xff, 0xff,
0xb8, 0xc0, 0xff, 0xff, 0xb8, 0xc0, 0xff, 0xff, 0xb8, 0xc0, 0xff, 0xff, 0xb8, 0xc0, 0xff, 0xff,
0xb8, 0xc0, 0xff, 0xff, 0xb8, 0xc0, 0xff, 0xff, 0xb8, 0xc0, 0xff, 0xff, 0xb8, 0xc0, 0xff, 0xff,
0xb8, 0xc0, 0xff, 0xff, 0xb8, 0xc0, 0xff, 0xff, 0xb8, 0xc0, 0xff, 0xff, 0xb8, 0xc0, 0xff, 0xff,
0xb8, 0xc0, 0xff, 0xff, 0xb8, 0xc0, 0xff, 0xff, 0xb8, 0xc0, 0xff, 0xff, 0xb8, 0xc0, 0xff, 0xff,
0xb8, 0xc0, 0xff, 0xff, 0xb8, 0xc0, 0xff, 0xff, 0xb8, 0xc0, 0xff, 0xff, 0xb8, 0xc0, 0xff, 0xff,
0xb8, 0xc0, 0xff, 0xff, 0xb8, 0xc0, 0xff, 0xff, 0xb8, 0xc0, 0xff, 0xff, 0xb8, 0xc0, 0xff, 0xff,
0xb8, 0xc0, 0xff, 0xff, 0xb8, 0xc0, 0xff, 0xff, 0xb8, 0xc0, 0xff, 0xff, 0xb8, 0xc0, 0xff, 0xff,
0xb8, 0xc0, 0xff, 0xff, 0xb8, 0xc0, 0xff, 0xff, 0xb8, 0xc0, 0xff, 0xff, 0xb8, 0xc0, 0xff, 0xff,
0xb8, 0xc0, 0xff, 0xff, 0xb8, 0xc0, 0xff, 0xff, 0xb8, 0xc0, 0xff, 0xff, 0xb8, 0xc0, 0xff, 0xff,
0xb8, 0xc0, 0xff, 0xff, 0xb8, 0xc0, 0xff, 0xff, 0xb8, 0xc0, 0xff, 0xff, 0xb8, 0xc0, 0xff, 0xff,
0xb8, 0xc0, 0xff, 0xff, 0xb8, 0xc0, 0xff, 0xff, 0xb8, 0xc0, 0xff, 0xff, 0xb8, 0xc0, 0xff, 0xff,
0xb8, 0xc0, 0xff, 0xff, 0xb8, 0xc0, 0xff, 0xff, 0xb8, 0xc0, 0xff, 0xff, 0xb8, 0xc0, 0xff, 0xff,
0xb8, 0xc0, 0xff, 0xff, 0xb8, 0xc0, 0xff, 0xff, 0xb8, 0xc0, 0xff, 0xff, 0xb8, 0xc0, 0xff, 0xff,
0xb8, 0xc0, 0xff, 0xff, 0xb8, 0xc0, 0xff, 0xff, 0xb8, 0xc0, 0xff, 0xff, 0xb8, 0xc0, 0xff, 0xff,
0xb8, 0xc0, 0xff, 0xff, 0xb8, 0xc0, 0xff, 0xff, 0xb8, 0xc0, 0xff, 0xff, 0xb8, 0xc0, 0xff, 0xff,
0xb8, 0xc0, 0xff, 0xff, 0xb8, 0xc0, 0xff, 0xff, 0xb8, 0xc0, 0xff, 0xff, 0xb8, 0xc0, 0xff, 0xff,
0xb8, 0xc0, 0xff, 0xff, 0xb8, 0xc0, 0xff, 0xff, 0xb8, 0xc0, 0xff, 0xff, 0xb8, 0xc0, 0xff, 0xff,
0xb8, 0xc0, 0xff, 0xff, 0xb8, 0xc0, 0xff, 0xf4, 0xb8, 0xc0, 0xff, 0x39, 0xb8, 0xc0, 0xff, 0x00,
0x00, 0x00, 0x00, 0x00, 0x00, 0x00, 0x00, 0x00, 0x00, 0x00, 0x00, 0x00, 0x00, 0x00, 0x00, 0x00,
0x00, 0x00, 0x00, 0x00, 0x00, 0x00, 0x00, 0x00, 0x00, 0x00, 0x00, 0x00, 0x00, 0x00, 0x00, 0x00,
0x00, 0x00, 0x00, 0x00, 0x00, 0x00, 0x00, 0x00, 0x00, 0x00, 0x00, 0x00, 0xd0, 0xd9, 0xff, 0x00,
0xd0, 0xd9, 0xff, 0x0e, 0xd0, 0xd9, 0xff, 0xb3, 0xd0, 0xd9, 0xff, 0xff, 0xd0, 0xd9, 0xff, 0xff,
0xd0, 0xd9, 0xff, 0xff, 0xd0, 0xd9, 0xff, 0xff, 0xd0, 0xd9, 0xff, 0xff, 0xd0, 0xd9, 0xff, 0xff,
0xd0, 0xd9, 0xff, 0xff, 0xd0, 0xd9, 0xff, 0xff, 0xd0, 0xd9, 0xff, 0xff, 0xd0, 0xd9, 0xff, 0xff,
0xd1, 0xda, 0xff, 0xff, 0xcd, 0xd6, 0xff, 0xff, 0xbb, 0xc3, 0xff, 0xff, 0xb8, 0xc0, 0xff, 0xff,
0xb8, 0xc0, 0xff, 0xff, 0xb8, 0xc0, 0xff, 0xff, 0xb8, 0xc0, 0xff, 0xff, 0xb8, 0xc0, 0xff, 0xff,
0xb8, 0xc0, 0xff, 0xff, 0xb8, 0xc0, 0xff, 0xff, 0xb8, 0xc0, 0xff, 0xff, 0xb8, 0xc0, 0xff, 0xff,
0xb8, 0xc0, 0xff, 0xff, 0xb8, 0xc0, 0xff, 0xff, 0xb8, 0xc0, 0xff, 0xff, 0xb8, 0xc0, 0xff, 0xff,
0xb8, 0xc0, 0xff, 0xff, 0xb8, 0xc0, 0xff, 0xff, 0xb8, 0xc0, 0xff, 0xff, 0xb8, 0xc0, 0xff, 0xff,
0xb8, 0xc0, 0xff, 0xff, 0xb8, 0xc0, 0xff, 0xff, 0xb8, 0xc0, 0xff, 0xff, 0xb8, 0xc0, 0xff, 0xff,
0xb8, 0xc0, 0xff, 0xff, 0xb8, 0xc0, 0xff, 0xff, 0xb8, 0xc0, 0xff, 0xff, 0xb8, 0xc0, 0xff, 0xff,
0xb8, 0xc0, 0xff, 0xff, 0xb8, 0xc0, 0xff, 0xff, 0xb8, 0xc0, 0xff, 0xff, 0xb8, 0xc0, 0xff, 0xff,
0xb8, 0xc0, 0xff, 0xff, 0xb8, 0xc0, 0xff, 0xff, 0xb8, 0xc0, 0xff, 0xff, 0xb8, 0xc0, 0xff, 0xff,
0xb8, 0xc0, 0xff, 0xff, 0xb8, 0xc0, 0xff, 0xff, 0xb8, 0xc0, 0xff, 0xff, 0xb8, 0xc0, 0xff, 0xff,
0xb8, 0xc0, 0xff, 0xff, 0xb8, 0xc0, 0xff, 0xff, 0xb8, 0xc0, 0xff, 0xff, 0xb8, 0xc0, 0xff, 0xff,
0xb8, 0xc0, 0xff, 0xff, 0xb8, 0xc0, 0xff, 0xff, 0xb8, 0xc0, 0xff, 0xff, 0xb8, 0xc0, 0xff, 0xff,
0xb8, 0xc0, 0xff, 0xff, 0xb8, 0xc0, 0xff, 0xff, 0xb8, 0xc0, 0xff, 0xff, 0xb8, 0xc0, 0xff, 0xff,
0xb8, 0xc0, 0xff, 0xff, 0xb8, 0xc0, 0xff, 0xff, 0xb8, 0xc0, 0xff, 0xff, 0xb8, 0xc0, 0xff, 0xff,
0xb8, 0xc0, 0xff, 0xff, 0xb8, 0xc0, 0xff, 0xff, 0xb8, 0xc0, 0xff, 0xff, 0xb8, 0xc0, 0xff, 0xff,
0xb8, 0xc0, 0xff, 0xff, 0xb8, 0xc0, 0xff, 0xff, 0xb8, 0xc0, 0xff, 0xff, 0xb8, 0xc0, 0xff, 0xff,
0xb8, 0xc0, 0xff, 0xff, 0xb8, 0xc0, 0xff, 0xff, 0xb8, 0xc0, 0xff, 0xff, 0xb8, 0xc0, 0xff, 0xff,
0xb8, 0xc0, 0xff, 0xff, 0xb8, 0xc0, 0xff, 0xff, 0xb8, 0xc0, 0xff, 0xff, 0xb8, 0xc0, 0xff, 0xff,
0xb8, 0xc0, 0xff, 0xff, 0xb8, 0xc0, 0xff, 0xff, 0xb8, 0xc0, 0xff, 0xff, 0xb8, 0xc0, 0xff, 0xff,
0xb8, 0xc0, 0xff, 0xff, 0xb8, 0xc0, 0xff, 0xff, 0xb8, 0xc0, 0xff, 0xff, 0xb8, 0xc0, 0xff, 0xff,
0xb8, 0xc0, 0xff, 0xff, 0xb8, 0xc0, 0xff, 0xff, 0xb8, 0xc0, 0xff, 0xff, 0xb8, 0xc0, 0xff, 0xff,
0xb8, 0xc0, 0xff, 0xff, 0xb8, 0xc0, 0xff, 0xff, 0xb8, 0xc0, 0xff, 0xff, 0xb8, 0xc0, 0xff, 0xff,
0xb8, 0xc0, 0xff, 0xff, 0xb8, 0xc0, 0xff, 0xff, 0xb8, 0xc0, 0xff, 0xff, 0xb8, 0xc0, 0xff, 0xff,
0xb8, 0xc0, 0xff, 0xff, 0xb8, 0xc0, 0xff, 0xff, 0xb8, 0xc0, 0xff, 0xff, 0xb8, 0xc0, 0xff, 0xff,
0xb8, 0xc0, 0xff, 0xff, 0xb8, 0xc0, 0xff, 0xff, 0xb8, 0xc0, 0xff, 0xff, 0xb8, 0xc0, 0xff, 0xff,
0xb8, 0xc0, 0xff, 0xff, 0xb8, 0xc0, 0xff, 0xf4, 0xb8, 0xc0, 0xff, 0x39, 0xb8, 0xc0, 0xff, 0x00,
0x00, 0x00, 0x00, 0x00, 0x00, 0x00, 0x00, 0x00, 0x00, 0x00, 0x00, 0x00, 0x00, 0x00, 0x00, 0x00,
0x00, 0x00, 0x00, 0x00, 0x00, 0x00, 0x00, 0x00, 0x00, 0x00, 0x00, 0x00, 0x00, 0x00, 0x00, 0x00,
0x00, 0x00, 0x00, 0x00, 0x00, 0x00, 0x00, 0x00, 0x00, 0x00, 0x00, 0x00, 0xd0, 0xd9, 0xff, 0x00,
0xd0, 0xd9, 0xff, 0x00, 0xd0, 0xd9, 0xff, 0x3a, 0xd0, 0xd9, 0xff, 0xe5, 0xd0, 0xd9, 0xff, 0xff,
0xd0, 0xd9, 0xff, 0xff, 0xd0, 0xd9, 0xff, 0xff, 0xd0, 0xd9, 0xff, 0xff, 0xd0, 0xd9, 0xff, 0xff,
0xd0, 0xd9, 0xff, 0xff, 0xd0, 0xd9, 0xff, 0xff, 0xd0, 0xd9, 0xff, 0xff, 0xd0, 0xd9, 0xff, 0xff,
0xd1, 0xda, 0xff, 0xff, 0xcd, 0xd6, 0xff, 0xff, 0xbb, 0xc3, 0xff, 0xff, 0xb8, 0xc0, 0xff, 0xff,
0xb8, 0xc0, 0xff, 0xff, 0xb8, 0xc0, 0xff, 0xff, 0xb8, 0xc0, 0xff, 0xff, 0xb8, 0xc0, 0xff, 0xff,
0xb8, 0xc0, 0xff, 0xff, 0xb8, 0xc0, 0xff, 0xff, 0xb8, 0xc0, 0xff, 0xff, 0xb8, 0xc0, 0xff, 0xff,
0xb8, 0xc0, 0xff, 0xff, 0xb8, 0xc0, 0xff, 0xff, 0xb8, 0xc0, 0xff, 0xff, 0xb8, 0xc0, 0xff, 0xff,
0xb8, 0xc0, 0xff, 0xff, 0xb8, 0xc0, 0xff, 0xff, 0xb8, 0xc0, 0xff, 0xff, 0xb8, 0xc0, 0xff, 0xff,
0xb8, 0xc0, 0xff, 0xff, 0xb8, 0xc0, 0xff, 0xff, 0xb8, 0xc0, 0xff, 0xff, 0xb8, 0xc0, 0xff, 0xff,
0xb8, 0xc0, 0xff, 0xff, 0xb8, 0xc0, 0xff, 0xff, 0xb8, 0xc0, 0xff, 0xff, 0xb8, 0xc0, 0xff, 0xff,
0xb8, 0xc0, 0xff, 0xff, 0xb8, 0xc0, 0xff, 0xff, 0xb8, 0xc0, 0xff, 0xff, 0xb8, 0xc0, 0xff, 0xff,
0xb8, 0xc0, 0xff, 0xff, 0xb8, 0xc0, 0xff, 0xff, 0xb8, 0xc0, 0xff, 0xff, 0xb8, 0xc0, 0xff, 0xff,
0xb8, 0xc0, 0xff, 0xff, 0xb8, 0xc0, 0xff, 0xff, 0xb8, 0xc0, 0xff, 0xff, 0xb8, 0xc0, 0xff, 0xff,
0xb8, 0xc0, 0xff, 0xff, 0xb8, 0xc0, 0xff, 0xff, 0xb8, 0xc0, 0xff, 0xff, 0xb8, 0xc0, 0xff, 0xff,
0xb8, 0xc0, 0xff, 0xff, 0xb8, 0xc0, 0xff, 0xff, 0xb8, 0xc0, 0xff, 0xff, 0xb8, 0xc0, 0xff, 0xff,
0xb8, 0xc0, 0xff, 0xff, 0xb8, 0xc0, 0xff, 0xff, 0xb8, 0xc0, 0xff, 0xff, 0xb8, 0xc0, 0xff, 0xff,
0xb8, 0xc0, 0xff, 0xff, 0xb8, 0xc0, 0xff, 0xff, 0xb8, 0xc0, 0xff, 0xff, 0xb8, 0xc0, 0xff, 0xff,
0xb8, 0xc0, 0xff, 0xff, 0xb8, 0xc0, 0xff, 0xff, 0xb8, 0xc0, 0xff, 0xff, 0xb8, 0xc0, 0xff, 0xff,
0xb8, 0xc0, 0xff, 0xff, 0xb8, 0xc0, 0xff, 0xff, 0xb8, 0xc0, 0xff, 0xff, 0xb8, 0xc0, 0xff, 0xff,
0xb8, 0xc0, 0xff, 0xff, 0xb8, 0xc0, 0xff, 0xff, 0xb8, 0xc0, 0xff, 0xff, 0xb8, 0xc0, 0xff, 0xff,
0xb8, 0xc0, 0xff, 0xff, 0xb8, 0xc0, 0xff, 0xff, 0xb8, 0xc0, 0xff, 0xff, 0xb8, 0xc0, 0xff, 0xff,
0xb8, 0xc0, 0xff, 0xff, 0xb8, 0xc0, 0xff, 0xff, 0xb8, 0xc0, 0xff, 0xff, 0xb8, 0xc0, 0xff, 0xff,
0xb8, 0xc0, 0xff, 0xff, 0xb8, 0xc0, 0xff, 0xff, 0xb8, 0xc0, 0xff, 0xff, 0xb8, 0xc0, 0xff, 0xff,
0xb8, 0xc0, 0xff, 0xff, 0xb8, 0xc0, 0xff, 0xff, 0xb8, 0xc0, 0xff, 0xff, 0xb8, 0xc0, 0xff, 0xff,
0xb8, 0xc0, 0xff, 0xff, 0xb8, 0xc0, 0xff, 0xff, 0xb8, 0xc0, 0xff, 0xff, 0xb8, 0xc0, 0xff, 0xff,
0xb8, 0xc0, 0xff, 0xff, 0xb8, 0xc0, 0xff, 0xff, 0xb8, 0xc0, 0xff, 0xff, 0xb8, 0xc0, 0xff, 0xff,
0xb8, 0xc0, 0xff, 0xff, 0xb8, 0xc0, 0xff, 0xff, 0xb8, 0xc0, 0xff, 0xff, 0xb8, 0xc0, 0xff, 0xff,
0xb8, 0xc0, 0xff, 0xff, 0xb8, 0xc0, 0xff, 0xff, 0xb8, 0xc0, 0xff, 0xff, 0xb8, 0xc0, 0xff, 0xff,
0xb8, 0xc0, 0xff, 0xff, 0xb8, 0xc0, 0xff, 0xf4, 0xb8, 0xc0, 0xff, 0x39, 0xb8, 0xc0, 0xff, 0x00,
0x00, 0x00, 0x00, 0x00, 0x00, 0x00, 0x00, 0x00, 0x00, 0x00, 0x00, 0x00, 0x00, 0x00, 0x00, 0x00,
0x00, 0x00, 0x00, 0x00, 0x00, 0x00, 0x00, 0x00, 0x00, 0x00, 0x00, 0x00, 0x00, 0x00, 0x00, 0x00,
0x00, 0x00, 0x00, 0x00, 0x00, 0x00, 0x00, 0x00, 0x00, 0x00, 0x00, 0x00, 0x00, 0x00, 0x00, 0x00,
0xd0, 0xd9, 0xff, 0x00, 0xd0, 0xd9, 0xff, 0x00, 0xd0, 0xd9, 0xff, 0x6c, 0xd0, 0xd9, 0xff, 0xf8,
0xd0, 0xd9, 0xff, 0xff, 0xd0, 0xd9, 0xff, 0xff, 0xd0, 0xd9, 0xff, 0xff, 0xd0, 0xd9, 0xff, 0xff,
0xd0, 0xd9, 0xff, 0xff, 0xd0, 0xd9, 0xff, 0xff, 0xd0, 0xd9, 0xff, 0xff, 0xd0, 0xd9, 0xff, 0xff,
0xd1, 0xda, 0xff, 0xff, 0xcd, 0xd6, 0xff, 0xff, 0xbb, 0xc3, 0xff, 0xff, 0xb8, 0xc0, 0xff, 0xff,
0xb8, 0xc0, 0xff, 0xff, 0xb8, 0xc0, 0xff, 0xff, 0xb8, 0xc0, 0xff, 0xff, 0xb8, 0xc0, 0xff, 0xff,
0xb8, 0xc0, 0xff, 0xff, 0xb8, 0xc0, 0xff, 0xff, 0xb8, 0xc0, 0xff, 0xff, 0xb8, 0xc0, 0xff, 0xff,
0xb8, 0xc0, 0xff, 0xff, 0xb8, 0xc0, 0xff, 0xff, 0xb8, 0xc0, 0xff, 0xff, 0xb8, 0xc0, 0xff, 0xff,
0xb8, 0xc0, 0xff, 0xff, 0xb8, 0xc0, 0xff, 0xff, 0xb8, 0xc0, 0xff, 0xff, 0xb8, 0xc0, 0xff, 0xff,
0xb8, 0xc0, 0xff, 0xff, 0xb8, 0xc0, 0xff, 0xff, 0xb8, 0xc0, 0xff, 0xff, 0xb8, 0xc0, 0xff, 0xff,
0xb8, 0xc0, 0xff, 0xff, 0xb8, 0xc0, 0xff, 0xff, 0xb8, 0xc0, 0xff, 0xff, 0xb8, 0xc0, 0xff, 0xff,
0xb8, 0xc0, 0xff, 0xff, 0xb8, 0xc0, 0xff, 0xff, 0xb8, 0xc0, 0xff, 0xff, 0xb8, 0xc0, 0xff, 0xff,
0xb8, 0xc0, 0xff, 0xff, 0xb8, 0xc0, 0xff, 0xff, 0xb8, 0xc0, 0xff, 0xff, 0xb8, 0xc0, 0xff, 0xff,
0xb8, 0xc0, 0xff, 0xff, 0xb8, 0xc0, 0xff, 0xff, 0xb8, 0xc0, 0xff, 0xff, 0xb8, 0xc0, 0xff, 0xff,
0xb8, 0xc0, 0xff, 0xff, 0xb8, 0xc0, 0xff, 0xff, 0xb8, 0xc0, 0xff, 0xff, 0xb8, 0xc0, 0xff, 0xff,
0xb8, 0xc0, 0xff, 0xff, 0xb8, 0xc0, 0xff, 0xff, 0xb8, 0xc0, 0xff, 0xff, 0xb8, 0xc0, 0xff, 0xff,
0xb8, 0xc0, 0xff, 0xff, 0xb8, 0xc0, 0xff, 0xff, 0xb8, 0xc0, 0xff, 0xff, 0xb8, 0xc0, 0xff, 0xff,
0xb8, 0xc0, 0xff, 0xff, 0xb8, 0xc0, 0xff, 0xff, 0xb8, 0xc0, 0xff, 0xff, 0xb8, 0xc0, 0xff, 0xff,
0xb8, 0xc0, 0xff, 0xff, 0xb8, 0xc0, 0xff, 0xff, 0xb8, 0xc0, 0xff, 0xff, 0xb8, 0xc0, 0xff, 0xff,
0xb8, 0xc0, 0xff, 0xff, 0xb8, 0xc0, 0xff, 0xff, 0xb8, 0xc0, 0xff, 0xff, 0xb8, 0xc0, 0xff, 0xff,
0xb8, 0xc0, 0xff, 0xff, 0xb8, 0xc0, 0xff, 0xff, 0xb8, 0xc0, 0xff, 0xff, 0xb8, 0xc0, 0xff, 0xff,
0xb8, 0xc0, 0xff, 0xff, 0xb8, 0xc0, 0xff, 0xff, 0xb8, 0xc0, 0xff, 0xff, 0xb8, 0xc0, 0xff, 0xff,
0xb8, 0xc0, 0xff, 0xff, 0xb8, 0xc0, 0xff, 0xff, 0xb8, 0xc0, 0xff, 0xff, 0xb8, 0xc0, 0xff, 0xff,
0xb8, 0xc0, 0xff, 0xff, 0xb8, 0xc0, 0xff, 0xff, 0xb8, 0xc0, 0xff, 0xff, 0xb8, 0xc0, 0xff, 0xff,
0xb8, 0xc0, 0xff, 0xff, 0xb8, 0xc0, 0xff, 0xff, 0xb8, 0xc0, 0xff, 0xff, 0xb8, 0xc0, 0xff, 0xff,
0xb8, 0xc0, 0xff, 0xff, 0xb8, 0xc0, 0xff, 0xff, 0xb8, 0xc0, 0xff, 0xff, 0xb8, 0xc0, 0xff, 0xff,
0xb8, 0xc0, 0xff, 0xff, 0xb8, 0xc0, 0xff, 0xff, 0xb8, 0xc0, 0xff, 0xff, 0xb8, 0xc0, 0xff, 0xff,
0xb8, 0xc0, 0xff, 0xff, 0xb8, 0xc0, 0xff, 0xff, 0xb8, 0xc0, 0xff, 0xff, 0xb8, 0xc0, 0xff, 0xff,
0xb8, 0xc0, 0xff, 0xff, 0xb8, 0xc0, 0xff, 0xff, 0xb8, 0xc0, 0xff, 0xff, 0xb8, 0xc0, 0xff, 0xff,
0xb8, 0xc0, 0xff, 0xff, 0xb8, 0xc0, 0xff, 0xf4, 0xb8, 0xc0, 0xff, 0x39, 0xb8, 0xc0, 0xff, 0x00,
0x00, 0x00, 0x00, 0x00, 0x00, 0x00, 0x00, 0x00, 0x00, 0x00, 0x00, 0x00, 0x00, 0x00, 0x00, 0x00,
0x00, 0x00, 0x00, 0x00, 0x00, 0x00, 0x00, 0x00, 0x00, 0x00, 0x00, 0x00, 0x00, 0x00, 0x00, 0x00,
0x00, 0x00, 0x00, 0x00, 0x00, 0x00, 0x00, 0x00, 0x00, 0x00, 0x00, 0x00, 0x00, 0x00, 0x00, 0x00,
0x00, 0x00, 0x00, 0x00, 0xd0, 0xd9, 0xff, 0x00, 0xd0, 0xd9, 0xff, 0x08, 0xd0, 0xd9, 0xff, 0x90,
0xd0, 0xd9, 0xff, 0xfd, 0xd0, 0xd9, 0xff, 0xff, 0xd0, 0xd9, 0xff, 0xff, 0xd0, 0xd9, 0xff, 0xff,
0xd0, 0xd9, 0xff, 0xff, 0xd0, 0xd9, 0xff, 0xff, 0xd0, 0xd9, 0xff, 0xff, 0xd0, 0xd9, 0xff, 0xff,
0xd1, 0xda, 0xff, 0xff, 0xcd, 0xd6, 0xff, 0xff, 0xbb, 0xc3, 0xff, 0xff, 0xb8, 0xc0, 0xff, 0xff,
0xb8, 0xc0, 0xff, 0xff, 0xb8, 0xc0, 0xff, 0xff, 0xb8, 0xc0, 0xff, 0xff, 0xb8, 0xc0, 0xff, 0xff,
0xb8, 0xc0, 0xff, 0xff, 0xb8, 0xc0, 0xff, 0xff, 0xb8, 0xc0, 0xff, 0xff, 0xb8, 0xc0, 0xff, 0xff,
0xb8, 0xc0, 0xff, 0xff, 0xb8, 0xc0, 0xff, 0xff, 0xb8, 0xc0, 0xff, 0xff, 0xb8, 0xc0, 0xff, 0xff,
0xb8, 0xc0, 0xff, 0xff, 0xb8, 0xc0, 0xff, 0xff, 0xb8, 0xc0, 0xff, 0xff, 0xb8, 0xc0, 0xff, 0xff,
0xb8, 0xc0, 0xff, 0xff, 0xb8, 0xc0, 0xff, 0xff, 0xb8, 0xc0, 0xff, 0xff, 0xb8, 0xc0, 0xff, 0xff,
0xb8, 0xc0, 0xff, 0xff, 0xb8, 0xc0, 0xff, 0xff, 0xb8, 0xc0, 0xff, 0xff, 0xb8, 0xc0, 0xff, 0xff,
0xb8, 0xc0, 0xff, 0xff, 0xb8, 0xc0, 0xff, 0xff, 0xb8, 0xc0, 0xff, 0xff, 0xb8, 0xc0, 0xff, 0xff,
0xb8, 0xc0, 0xff, 0xff, 0xb8, 0xc0, 0xff, 0xff, 0xb8, 0xc0, 0xff, 0xff, 0xb8, 0xc0, 0xff, 0xff,
0xb8, 0xc0, 0xff, 0xff, 0xb8, 0xc0, 0xff, 0xff, 0xb8, 0xc0, 0xff, 0xff, 0xb8, 0xc0, 0xff, 0xff,
0xb8, 0xc0, 0xff, 0xff, 0xb8, 0xc0, 0xff, 0xff, 0xb8, 0xc0, 0xff, 0xff, 0xb8, 0xc0, 0xff, 0xff,
0xb8, 0xc0, 0xff, 0xff, 0xb8, 0xc0, 0xff, 0xff, 0xb8, 0xc0, 0xff, 0xff, 0xb8, 0xc0, 0xff, 0xff,
0xb8, 0xc0, 0xff, 0xff, 0xb8, 0xc0, 0xff, 0xff, 0xb8, 0xc0, 0xff, 0xff, 0xb8, 0xc0, 0xff, 0xff,
0xb8, 0xc0, 0xff, 0xff, 0xb8, 0xc0, 0xff, 0xff, 0xb8, 0xc0, 0xff, 0xff, 0xb8, 0xc0, 0xff, 0xff,
0xb8, 0xc0, 0xff, 0xff, 0xb8, 0xc0, 0xff, 0xff, 0xb8, 0xc0, 0xff, 0xff, 0xb8, 0xc0, 0xff, 0xff,
0xb8, 0xc0, 0xff, 0xff, 0xb8, 0xc0, 0xff, 0xff, 0xb8, 0xc0, 0xff, 0xff, 0xb8, 0xc0, 0xff, 0xff,
0xb8, 0xc0, 0xff, 0xff, 0xb8, 0xc0, 0xff, 0xff, 0xb8, 0xc0, 0xff, 0xff, 0xb8, 0xc0, 0xff, 0xff,
0xb8, 0xc0, 0xff, 0xff, 0xb8, 0xc0, 0xff, 0xff, 0xb8, 0xc0, 0xff, 0xff, 0xb8, 0xc0, 0xff, 0xff,
0xb8, 0xc0, 0xff, 0xff, 0xb8, 0xc0, 0xff, 0xff, 0xb8, 0xc0, 0xff, 0xff, 0xb8, 0xc0, 0xff, 0xff,
0xb8, 0xc0, 0xff, 0xff, 0xb8, 0xc0, 0xff, 0xff, 0xb8, 0xc0, 0xff, 0xff, 0xb8, 0xc0, 0xff, 0xff,
0xb8, 0xc0, 0xff, 0xff, 0xb8, 0xc0, 0xff, 0xff, 0xb8, 0xc0, 0xff, 0xff, 0xb8, 0xc0, 0xff, 0xff,
0xb8, 0xc0, 0xff, 0xff, 0xb8, 0xc0, 0xff, 0xff, 0xb8, 0xc0, 0xff, 0xff, 0xb8, 0xc0, 0xff, 0xff,
0xb8, 0xc0, 0xff, 0xff, 0xb8, 0xc0, 0xff, 0xff, 0xb8, 0xc0, 0xff, 0xff, 0xb8, 0xc0, 0xff, 0xff,
0xb8, 0xc0, 0xff, 0xff, 0xb8, 0xc0, 0xff, 0xff, 0xb8, 0xc0, 0xff, 0xff, 0xb8, 0xc0, 0xff, 0xff,
0xb8, 0xc0, 0xff, 0xff, 0xb8, 0xc0, 0xff, 0xff, 0xb8, 0xc0, 0xff, 0xff, 0xb8, 0xc0, 0xff, 0xff,
0xb8, 0xc0, 0xff, 0xff, 0xb8, 0xc0, 0xff, 0xf4, 0xb8, 0xc0, 0xff, 0x39, 0xb8, 0xc0, 0xff, 0x00,
0x00, 0x00, 0x00, 0x00, 0x00, 0x00, 0x00, 0x00, 0x00, 0x00, 0x00, 0x00, 0x00, 0x00, 0x00, 0x00,
0x00, 0x00, 0x00, 0x00, 0x00, 0x00, 0x00, 0x00, 0x00, 0x00, 0x00, 0x00, 0x00, 0x00, 0x00, 0x00,
0x00, 0x00, 0x00, 0x00, 0x00, 0x00, 0x00, 0x00, 0x00, 0x00, 0x00, 0x00, 0x00, 0x00, 0x00, 0x00,
0x00, 0x00, 0x00, 0x00, 0x00, 0x00, 0x00, 0x00, 0xd0, 0xd9, 0xff, 0x00, 0xd0, 0xd9, 0xff, 0x0f,
0xd0, 0xd9, 0xff, 0x9b, 0xd0, 0xd9, 0xff, 0xfd, 0xd0, 0xd9, 0xff, 0xff, 0xd0, 0xd9, 0xff, 0xff,
0xd0, 0xd9, 0xff, 0xff, 0xd0, 0xd9, 0xff, 0xff, 0xd0, 0xd9, 0xff, 0xff, 0xd0, 0xd9, 0xff, 0xff,
0xd1, 0xda, 0xff, 0xff, 0xcd, 0xd6, 0xff, 0xff, 0xbb, 0xc3, 0xff, 0xff, 0xb8, 0xc0, 0xff, 0xff,
0xb8, 0xc0, 0xff, 0xff, 0xb8, 0xc0, 0xff, 0xff, 0xb8, 0xc0, 0xff, 0xff, 0xb8, 0xc0, 0xff, 0xff,
0xb8, 0xc0, 0xff, 0xff, 0xb8, 0xc0, 0xff, 0xff, 0xb8, 0xc0, 0xff, 0xff, 0xb8, 0xc0, 0xff, 0xff,
0xb8, 0xc0, 0xff, 0xff, 0xb8, 0xc0, 0xff, 0xff, 0xb8, 0xc0, 0xff, 0xff, 0xb8, 0xc0, 0xff, 0xff,
0xb8, 0xc0, 0xff, 0xff, 0xb8, 0xc0, 0xff, 0xff, 0xb8, 0xc0, 0xff, 0xff, 0xb8, 0xc0, 0xff, 0xff,
0xb8, 0xc0, 0xff, 0xff, 0xb8, 0xc0, 0xff, 0xff, 0xb8, 0xc0, 0xff, 0xff, 0xb8, 0xc0, 0xff, 0xff,
0xb8, 0xc0, 0xff, 0xff, 0xb8, 0xc0, 0xff, 0xff, 0xb8, 0xc0, 0xff, 0xff, 0xb8, 0xc0, 0xff, 0xff,
0xb8, 0xc0, 0xff, 0xff, 0xb8, 0xc0, 0xff, 0xff, 0xb8, 0xc0, 0xff, 0xff, 0xb8, 0xc0, 0xff, 0xff,
0xb8, 0xc0, 0xff, 0xff, 0xb8, 0xc0, 0xff, 0xff, 0xb8, 0xc0, 0xff, 0xff, 0xb8, 0xc0, 0xff, 0xff,
0xb8, 0xc0, 0xff, 0xff, 0xb8, 0xc0, 0xff, 0xff, 0xb8, 0xc0, 0xff, 0xff, 0xb8, 0xc0, 0xff, 0xff,
0xb8, 0xc0, 0xff, 0xff, 0xb8, 0xc0, 0xff, 0xff, 0xb8, 0xc0, 0xff, 0xff, 0xb8, 0xc0, 0xff, 0xff,
0xb8, 0xc0, 0xff, 0xff, 0xb8, 0xc0, 0xff, 0xff, 0xb8, 0xc0, 0xff, 0xff, 0xb8, 0xc0, 0xff, 0xff,
0xb8, 0xc0, 0xff, 0xff, 0xb8, 0xc0, 0xff, 0xff, 0xb8, 0xc0, 0xff, 0xff, 0xb8, 0xc0, 0xff, 0xff,
0xb8, 0xc0, 0xff, 0xff, 0xb8, 0xc0, 0xff, 0xff, 0xb8, 0xc0, 0xff, 0xff, 0xb8, 0xc0, 0xff, 0xff,
0xb8, 0xc0, 0xff, 0xff, 0xb8, 0xc0, 0xff, 0xff, 0xb8, 0xc0, 0xff, 0xff, 0xb8, 0xc0, 0xff, 0xff,
0xb8, 0xc0, 0xff, 0xff, 0xb8, 0xc0, 0xff, 0xff, 0xb8, 0xc0, 0xff, 0xff, 0xb8, 0xc0, 0xff, 0xff,
0xb8, 0xc0, 0xff, 0xff, 0xb8, 0xc0, 0xff, 0xff, 0xb8, 0xc0, 0xff, 0xff, 0xb8, 0xc0, 0xff, 0xff,
0xb8, 0xc0, 0xff, 0xff, 0xb8, 0xc0, 0xff, 0xff, 0xb8, 0xc0, 0xff, 0xff, 0xb8, 0xc0, 0xff, 0xff,
0xb8, 0xc0, 0xff, 0xff, 0xb8, 0xc0, 0xff, 0xff, 0xb8, 0xc0, 0xff, 0xff, 0xb8, 0xc0, 0xff, 0xff,
0xb8, 0xc0, 0xff, 0xff, 0xb8, 0xc0, 0xff, 0xff, 0xb8, 0xc0, 0xff, 0xff, 0xb8, 0xc0, 0xff, 0xff,
0xb8, 0xc0, 0xff, 0xff, 0xb8, 0xc0, 0xff, 0xff, 0xb8, 0xc0, 0xff, 0xff, 0xb8, 0xc0, 0xff, 0xff,
0xb8, 0xc0, 0xff, 0xff, 0xb8, 0xc0, 0xff, 0xff, 0xb8, 0xc0, 0xff, 0xff, 0xb8, 0xc0, 0xff, 0xff,
0xb8, 0xc0, 0xff, 0xff, 0xb8, 0xc0, 0xff, 0xff, 0xb8, 0xc0, 0xff, 0xff, 0xb8, 0xc0, 0xff, 0xff,
0xb8, 0xc0, 0xff, 0xff, 0xb8, 0xc0, 0xff, 0xff, 0xb8, 0xc0, 0xff, 0xff, 0xb8, 0xc0, 0xff, 0xff,
0xb8, 0xc0, 0xff, 0xff, 0xb8, 0xc0, 0xff, 0xff, 0xb8, 0xc0, 0xff, 0xff, 0xb8, 0xc0, 0xff, 0xff,
0xb8, 0xc0, 0xff, 0xff, 0xb8, 0xc0, 0xff, 0xf4, 0xb8, 0xc0, 0xff, 0x39, 0xb8, 0xc0, 0xff, 0x00,
0x00, 0x00, 0x00, 0x00, 0x00, 0x00, 0x00, 0x00, 0x00, 0x00, 0x00, 0x00, 0x00, 0x00, 0x00, 0x00,
0x00, 0x00, 0x00, 0x00, 0x00, 0x00, 0x00, 0x00, 0x00, 0x00, 0x00, 0x00, 0x00, 0x00, 0x00, 0x00,
0x00, 0x00, 0x00, 0x00, 0x00, 0x00, 0x00, 0x00, 0x00, 0x00, 0x00, 0x00, 0x00, 0x00, 0x00, 0x00,
0x00, 0x00, 0x00, 0x00, 0x00, 0x00, 0x00, 0x00, 0x00, 0x00, 0x00, 0x00, 0xd0, 0xd9, 0xff, 0x00,
0xd0, 0xd9, 0xff, 0x10, 0xd0, 0xd9, 0xff, 0x93, 0xd0, 0xd9, 0xff, 0xfa, 0xd0, 0xd9, 0xff, 0xff,
0xd0, 0xd9, 0xff, 0xff, 0xd0, 0xd9, 0xff, 0xff, 0xd0, 0xd9, 0xff, 0xff, 0xd0, 0xd9, 0xff, 0xff,
0xd1, 0xda, 0xff, 0xff, 0xcd, 0xd6, 0xff, 0xff, 0xbb, 0xc3, 0xff, 0xff, 0xb8, 0xc0, 0xff, 0xff,
0xb8, 0xc0, 0xff, 0xff, 0xb8, 0xc0, 0xff, 0xff, 0xb8, 0xc0, 0xff, 0xff, 0xb8, 0xc0, 0xff, 0xff,
0xb8, 0xc0, 0xff, 0xff, 0xb8, 0xc0, 0xff, 0xff, 0xb8, 0xc0, 0xff, 0xff, 0xb8, 0xc0, 0xff, 0xff,
0xb8, 0xc0, 0xff, 0xff, 0xb8, 0xc0, 0xff, 0xff, 0xb8, 0xc0, 0xff, 0xff, 0xb8, 0xc0, 0xff, 0xff,
0xb8, 0xc0, 0xff, 0xff, 0xb8, 0xc0, 0xff, 0xff, 0xb8, 0xc0, 0xff, 0xff, 0xb8, 0xc0, 0xff, 0xff,
0xb8, 0xc0, 0xff, 0xff, 0xb8, 0xc0, 0xff, 0xff, 0xb8, 0xc0, 0xff, 0xff, 0xb8, 0xc0, 0xff, 0xff,
0xb8, 0xc0, 0xff, 0xff, 0xb8, 0xc0, 0xff, 0xff, 0xb8, 0xc0, 0xff, 0xff, 0xb8, 0xc0, 0xff, 0xff,
0xb8, 0xc0, 0xff, 0xff, 0xb8, 0xc0, 0xff, 0xff, 0xb8, 0xc0, 0xff, 0xff, 0xb8, 0xc0, 0xff, 0xff,
0xb8, 0xc0, 0xff, 0xff, 0xb8, 0xc0, 0xff, 0xff, 0xb8, 0xc0, 0xff, 0xff, 0xb8, 0xc0, 0xff, 0xff,
0xb8, 0xc0, 0xff, 0xff, 0xb8, 0xc0, 0xff, 0xff, 0xb8, 0xc0, 0xff, 0xff, 0xb8, 0xc0, 0xff, 0xff,
0xb8, 0xc0, 0xff, 0xff, 0xb8, 0xc0, 0xff, 0xff, 0xb8, 0xc0, 0xff, 0xff, 0xb8, 0xc0, 0xff, 0xff,
0xb8, 0xc0, 0xff, 0xff, 0xb8, 0xc0, 0xff, 0xff, 0xb8, 0xc0, 0xff, 0xff, 0xb8, 0xc0, 0xff, 0xff,
0xb8, 0xc0, 0xff, 0xff, 0xb8, 0xc0, 0xff, 0xff, 0xb8, 0xc0, 0xff, 0xff, 0xb8, 0xc0, 0xff, 0xff,
0xb8, 0xc0, 0xff, 0xff, 0xb8, 0xc0, 0xff, 0xff, 0xb8, 0xc0, 0xff, 0xff, 0xb8, 0xc0, 0xff, 0xff,
0xb8, 0xc0, 0xff, 0xff, 0xb8, 0xc0, 0xff, 0xff, 0xb8, 0xc0, 0xff, 0xff, 0xb8, 0xc0, 0xff, 0xff,
0xb8, 0xc0, 0xff, 0xff, 0xb8, 0xc0, 0xff, 0xff, 0xb8, 0xc0, 0xff, 0xff, 0xb8, 0xc0, 0xff, 0xff,
0xb8, 0xc0, 0xff, 0xff, 0xb8, 0xc0, 0xff, 0xff, 0xb8, 0xc0, 0xff, 0xff, 0xb8, 0xc0, 0xff, 0xff,
0xb8, 0xc0, 0xff, 0xff, 0xb8, 0xc0, 0xff, 0xff, 0xb8, 0xc0, 0xff, 0xff, 0xb8, 0xc0, 0xff, 0xff,
0xb8, 0xc0, 0xff, 0xff, 0xb8, 0xc0, 0xff, 0xff, 0xb8, 0xc0, 0xff, 0xff, 0xb8, 0xc0, 0xff, 0xff,
0xb8, 0xc0, 0xff, 0xff, 0xb8, 0xc0, 0xff, 0xff, 0xb8, 0xc0, 0xff, 0xff, 0xb8, 0xc0, 0xff, 0xff,
0xb8, 0xc0, 0xff, 0xff, 0xb8, 0xc0, 0xff, 0xff, 0xb8, 0xc0, 0xff, 0xff, 0xb8, 0xc0, 0xff, 0xff,
0xb8, 0xc0, 0xff, 0xff, 0xb8, 0xc0, 0xff, 0xff, 0xb8, 0xc0, 0xff, 0xff, 0xb8, 0xc0, 0xff, 0xff,
0xb8, 0xc0, 0xff, 0xff, 0xb8, 0xc0, 0xff, 0xff, 0xb8, 0xc0, 0xff, 0xff, 0xb8, 0xc0, 0xff, 0xff,
0xb8, 0xc0, 0xff, 0xff, 0xb8, 0xc0, 0xff, 0xff, 0xb8, 0xc0, 0xff, 0xff, 0xb8, 0xc0, 0xff, 0xff,
0xb8, 0xc0, 0xff, 0xff, 0xb8, 0xc0, 0xff, 0xff, 0xb8, 0xc0, 0xff, 0xff, 0xb8, 0xc0, 0xff, 0xff,
0xb8, 0xc0, 0xff, 0xff, 0xb8, 0xc0, 0xff, 0xf4, 0xb8, 0xc0, 0xff, 0x39, 0xb8, 0xc0, 0xff, 0x00,
0x00, 0x00, 0x00, 0x00, 0x00, 0x00, 0x00, 0x00, 0x00, 0x00, 0x00, 0x00, 0x00, 0x00, 0x00, 0x00,
0x00, 0x00, 0x00, 0x00, 0x00, 0x00, 0x00, 0x00, 0x00, 0x00, 0x00, 0x00, 0x00, 0x00, 0x00, 0x00,
0x00, 0x00, 0x00, 0x00, 0x00, 0x00, 0x00, 0x00, 0x00, 0x00, 0x00, 0x00, 0x00, 0x00, 0x00, 0x00,
0x00, 0x00, 0x00, 0x00, 0x00, 0x00, 0x00, 0x00, 0x00, 0x00, 0x00, 0x00, 0x00, 0x00, 0x00, 0x00,
0xd0, 0xd9, 0xff, 0x00, 0xd0, 0xd9, 0xff, 0x0a, 0xd0, 0xd9, 0xff, 0x73, 0xd0, 0xd9, 0xff, 0xeb,
0xd0, 0xd9, 0xff, 0xff, 0xd0, 0xd9, 0xff, 0xff, 0xd0, 0xd9, 0xff, 0xff, 0xd0, 0xd9, 0xff, 0xff,
0xd0, 0xda, 0xff, 0xff, 0xce, 0xd7, 0xff, 0xff, 0xbc, 0xc4, 0xff, 0xff, 0xb8, 0xc0, 0xff, 0xff,
0xb8, 0xc0, 0xff, 0xff, 0xb8, 0xc0, 0xff, 0xff, 0xb8, 0xc0, 0xff, 0xff, 0xb8, 0xc0, 0xff, 0xff,
0xb8, 0xc0, 0xff, 0xff, 0xb8, 0xc0, 0xff, 0xff, 0xb8, 0xc0, 0xff, 0xff, 0xb8, 0xc0, 0xff, 0xff,
0xb8, 0xc0, 0xff, 0xff, 0xb8, 0xc0, 0xff, 0xff, 0xb8, 0xc0, 0xff, 0xff, 0xb8, 0xc0, 0xff, 0xff,
0xb8, 0xc0, 0xff, 0xff, 0xb8, 0xc0, 0xff, 0xff, 0xb8, 0xc0, 0xff, 0xff, 0xb8, 0xc0, 0xff, 0xff,
0xb8, 0xc0, 0xff, 0xff, 0xb8, 0xc0, 0xff, 0xff, 0xb8, 0xc0, 0xff, 0xff, 0xb8, 0xc0, 0xff, 0xff,
0xb8, 0xc0, 0xff, 0xff, 0xb8, 0xc0, 0xff, 0xff, 0xb8, 0xc0, 0xff, 0xff, 0xb8, 0xc0, 0xff, 0xff,
0xb8, 0xc0, 0xff, 0xff, 0xb8, 0xc0, 0xff, 0xff, 0xb8, 0xc0, 0xff, 0xff, 0xb8, 0xc0, 0xff, 0xff,
0xb8, 0xc0, 0xff, 0xff, 0xb8, 0xc0, 0xff, 0xff, 0xb8, 0xc0, 0xff, 0xff, 0xb8, 0xc0, 0xff, 0xff,
0xb8, 0xc0, 0xff, 0xff, 0xb8, 0xc0, 0xff, 0xff, 0xb8, 0xc0, 0xff, 0xff, 0xb8, 0xc0, 0xff, 0xff,
0xb8, 0xc0, 0xff, 0xff, 0xb8, 0xc0, 0xff, 0xff, 0xb8, 0xc0, 0xff, 0xff, 0xb8, 0xc0, 0xff, 0xff,
0xb8, 0xc0, 0xff, 0xff, 0xb8, 0xc0, 0xff, 0xff, 0xb8, 0xc0, 0xff, 0xff, 0xb8, 0xc0, 0xff, 0xff,
0xb8, 0xc0, 0xff, 0xff, 0xb8, 0xc0, 0xff, 0xff, 0xb8, 0xc0, 0xff, 0xff, 0xb8, 0xc0, 0xff, 0xff,
0xb8, 0xc0, 0xff, 0xff, 0xb8, 0xc0, 0xff, 0xff, 0xb8, 0xc0, 0xff, 0xff, 0xb8, 0xc0, 0xff, 0xff,
0xb8, 0xc0, 0xff, 0xff, 0xb8, 0xc0, 0xff, 0xff, 0xb8, 0xc0, 0xff, 0xff, 0xb8, 0xc0, 0xff, 0xff,
0xb8, 0xc0, 0xff, 0xff, 0xb8, 0xc0, 0xff, 0xff, 0xb8, 0xc0, 0xff, 0xff, 0xb8, 0xc0, 0xff, 0xff,
0xb8, 0xc0, 0xff, 0xff, 0xb8, 0xc0, 0xff, 0xff, 0xb8, 0xc0, 0xff, 0xff, 0xb8, 0xc0, 0xff, 0xff,
0xb8, 0xc0, 0xff, 0xff, 0xb8, 0xc0, 0xff, 0xff, 0xb8, 0xc0, 0xff, 0xff, 0xb8, 0xc0, 0xff, 0xff,
0xb8, 0xc0, 0xff, 0xff, 0xb8, 0xc0, 0xff, 0xff, 0xb8, 0xc0, 0xff, 0xff, 0xb8, 0xc0, 0xff, 0xff,
0xb8, 0xc0, 0xff, 0xff, 0xb8, 0xc0, 0xff, 0xff, 0xb8, 0xc0, 0xff, 0xff, 0xb8, 0xc0, 0xff, 0xff,
0xb8, 0xc0, 0xff, 0xff, 0xb8, 0xc0, 0xff, 0xff, 0xb8, 0xc0, 0xff, 0xff, 0xb8, 0xc0, 0xff, 0xff,
0xb8, 0xc0, 0xff, 0xff, 0xb8, 0xc0, 0xff, 0xff, 0xb8, 0xc0, 0xff, 0xff, 0xb8, 0xc0, 0xff, 0xff,
0xb8, 0xc0, 0xff, 0xff, 0xb8, 0xc0, 0xff, 0xff, 0xb8, 0xc0, 0xff, 0xff, 0xb8, 0xc0, 0xff, 0xff,
0xb8, 0xc0, 0xff, 0xff, 0xb8, 0xc0, 0xff, 0xff, 0xb8, 0xc0, 0xff, 0xff, 0xb8, 0xc0, 0xff, 0xff,
0xb8, 0xc0, 0xff, 0xff, 0xb8, 0xc0, 0xff, 0xff, 0xb8, 0xc0, 0xff, 0xff, 0xb8, 0xc0, 0xff, 0xff,
0xb8, 0xc0, 0xff, 0xff, 0xb8, 0xc0, 0xff, 0xf1, 0xb8, 0xc0, 0xff, 0x34, 0xb8, 0xc0, 0xff, 0x00,
0x00, 0x00, 0x00, 0x00, 0x00, 0x00, 0x00, 0x00, 0x00, 0x00, 0x00, 0x00, 0x00, 0x00, 0x00, 0x00,
0x00, 0x00, 0x00, 0x00, 0x00, 0x00, 0x00, 0x00, 0x00, 0x00, 0x00, 0x00, 0x00, 0x00, 0x00, 0x00,
0x00, 0x00, 0x00, 0x00, 0x00, 0x00, 0x00, 0x00, 0x00, 0x00, 0x00, 0x00, 0x00, 0x00, 0x00, 0x00,
0x00, 0x00, 0x00, 0x00, 0x00, 0x00, 0x00, 0x00, 0x00, 0x00, 0x00, 0x00, 0x00, 0x00, 0x00, 0x00,
0x00, 0x00, 0x00, 0x00, 0xd0, 0xd9, 0xff, 0x00, 0xd0, 0xd9, 0xff, 0x02, 0xd0, 0xd9, 0xff, 0x42,
0xd0, 0xd9, 0xff, 0xbf, 0xd0, 0xd9, 0xff, 0xfc, 0xd0, 0xd9, 0xff, 0xff, 0xd0, 0xd9, 0xff, 0xff,
0xd0, 0xd9, 0xff, 0xff, 0xce, 0xd7, 0xff, 0xff, 0xbc, 0xc5, 0xff, 0xff, 0xb8, 0xc0, 0xff, 0xff,
0xb8, 0xc0, 0xff, 0xff, 0xb8, 0xc0, 0xff, 0xff, 0xb8, 0xc0, 0xff, 0xff, 0xb8, 0xc0, 0xff, 0xff,
0xb8, 0xc0, 0xff, 0xff, 0xb8, 0xc0, 0xff, 0xff, 0xb8, 0xc0, 0xff, 0xff, 0xb8, 0xc0, 0xff, 0xff,
0xb8, 0xc0, 0xff, 0xff, 0xb8, 0xc0, 0xff, 0xff, 0xb8, 0xc0, 0xff, 0xff, 0xb8, 0xc0, 0xff, 0xff,
0xb8, 0xc0, 0xff, 0xff, 0xb8, 0xc0, 0xff, 0xff, 0xb8, 0xc0, 0xff, 0xff, 0xb8, 0xc0, 0xff, 0xff,
0xb8, 0xc0, 0xff, 0xff, 0xb8, 0xc0, 0xff, 0xff, 0xb8, 0xc0, 0xff, 0xff, 0xb8, 0xc0, 0xff, 0xff,
0xb8, 0xc0, 0xff, 0xff, 0xb8, 0xc0, 0xff, 0xff, 0xb8, 0xc0, 0xff, 0xff, 0xb8, 0xc0, 0xff, 0xff,
0xb8, 0xc0, 0xff, 0xff, 0xb8, 0xc0, 0xff, 0xff, 0xb8, 0xc0, 0xff, 0xff, 0xb8, 0xc0, 0xff, 0xff,
0xb8, 0xc0, 0xff, 0xff, 0xb8, 0xc0, 0xff, 0xff, 0xb8, 0xc0, 0xff, 0xff, 0xb8, 0xc0, 0xff, 0xff,
0xb8, 0xc0, 0xff, 0xff, 0xb8, 0xc0, 0xff, 0xff, 0xb8, 0xc0, 0xff, 0xff, 0xb8, 0xc0, 0xff, 0xff,
0xb8, 0xc0, 0xff, 0xff, 0xb8, 0xc0, 0xff, 0xff, 0xb8, 0xc0, 0xff, 0xff, 0xb8, 0xc0, 0xff, 0xff,
0xb8, 0xc0, 0xff, 0xff, 0xb8, 0xc0, 0xff, 0xff, 0xb8, 0xc0, 0xff, 0xff, 0xb8, 0xc0, 0xff, 0xff,
0xb8, 0xc0, 0xff, 0xff, 0xb8, 0xc0, 0xff, 0xff, 0xb8, 0xc0, 0xff, 0xff, 0xb8, 0xc0, 0xff, 0xff,
0xb8, 0xc0, 0xff, 0xff, 0xb8, 0xc0, 0xff, 0xff, 0xb8, 0xc0, 0xff, 0xff, 0xb8, 0xc0, 0xff, 0xff,
0xb8, 0xc0, 0xff, 0xff, 0xb8, 0xc0, 0xff, 0xff, 0xb8, 0xc0, 0xff, 0xff, 0xb8, 0xc0, 0xff, 0xff,
0xb8, 0xc0, 0xff, 0xff, 0xb8, 0xc0, 0xff, 0xff, 0xb8, 0xc0, 0xff, 0xff, 0xb8, 0xc0, 0xff, 0xff,
0xb8, 0xc0, 0xff, 0xff, 0xb8, 0xc0, 0xff, 0xff, 0xb8, 0xc0, 0xff, 0xff, 0xb8, 0xc0, 0xff, 0xff,
0xb8, 0xc0, 0xff, 0xff, 0xb8, 0xc0, 0xff, 0xff, 0xb8, 0xc0, 0xff, 0xff, 0xb8, 0xc0, 0xff, 0xff,
0xb8, 0xc0, 0xff, 0xff, 0xb8, 0xc0, 0xff, 0xff, 0xb8, 0xc0, 0xff, 0xff, 0xb8, 0xc0, 0xff, 0xff,
0xb8, 0xc0, 0xff, 0xff, 0xb8, 0xc0, 0xff, 0xff, 0xb8, 0xc0, 0xff, 0xff, 0xb8, 0xc0, 0xff, 0xff,
0xb8, 0xc0, 0xff, 0xff, 0xb8, 0xc0, 0xff, 0xff, 0xb8, 0xc0, 0xff, 0xff, 0xb8, 0xc0, 0xff, 0xff,
0xb8, 0xc0, 0xff, 0xff, 0xb8, 0xc0, 0xff, 0xff, 0xb8, 0xc0, 0xff, 0xff, 0xb8, 0xc0, 0xff, 0xff,
0xb8, 0xc0, 0xff, 0xff, 0xb8, 0xc0, 0xff, 0xff, 0xb8, 0xc0, 0xff, 0xff, 0xb8, 0xc0, 0xff, 0xff,
0xb8, 0xc0, 0xff, 0xff, 0xb8, 0xc0, 0xff, 0xff, 0xb8, 0xc0, 0xff, 0xff, 0xb8, 0xc0, 0xff, 0xff,
0xb8, 0xc0, 0xff, 0xff, 0xb8, 0xc0, 0xff, 0xff, 0xb8, 0xc0, 0xff, 0xff, 0xb8, 0xc0, 0xff, 0xff,
0xb8, 0xc0, 0xff, 0xff, 0xb8, 0xc0, 0xff, 0xea, 0xb8, 0xc0, 0xff, 0x2b, 0xb8, 0xc0, 0xff, 0x00,
0x00, 0x00, 0x00, 0x00, 0x00, 0x00, 0x00, 0x00, 0x00, 0x00, 0x00, 0x00, 0x00, 0x00, 0x00, 0x00,
0x00, 0x00, 0x00, 0x00, 0x00, 0x00, 0x00, 0x00, 0x00, 0x00, 0x00, 0x00, 0x00, 0x00, 0x00, 0x00,
0x00, 0x00, 0x00, 0x00, 0x00, 0x00, 0x00, 0x00, 0x00, 0x00, 0x00, 0x00, 0x00, 0x00, 0x00, 0x00,
0x00, 0x00, 0x00, 0x00, 0x00, 0x00, 0x00, 0x00, 0x00, 0x00, 0x00, 0x00, 0x00, 0x00, 0x00, 0x00,
0x00, 0x00, 0x00, 0x00, 0x00, 0x00, 0x00, 0x00, 0xd0, 0xd9, 0xff, 0x00, 0xd0, 0xd9, 0xff, 0x00,
0xd0, 0xd9, 0xff, 0x13, 0xd0, 0xd9, 0xff, 0x6d, 0xd0, 0xd9, 0xff, 0xd2, 0xd0, 0xd9, 0xff, 0xfd,
0xd0, 0xd9, 0xff, 0xff, 0xcf, 0xd8, 0xff, 0xff, 0xbd, 0xc6, 0xff, 0xff, 0xb8, 0xc0, 0xff, 0xff,
0xb8, 0xc0, 0xff, 0xff, 0xb8, 0xc0, 0xff, 0xff, 0xb8, 0xc0, 0xff, 0xff, 0xb8, 0xc0, 0xff, 0xff,
0xb8, 0xc0, 0xff, 0xff, 0xb8, 0xc0, 0xff, 0xff, 0xb8, 0xc0, 0xff, 0xff, 0xb8, 0xc0, 0xff, 0xff,
0xb8, 0xc0, 0xff, 0xff, 0xb8, 0xc0, 0xff, 0xff, 0xb8, 0xc0, 0xff, 0xff, 0xb8, 0xc0, 0xff, 0xff,
0xb8, 0xc0, 0xff, 0xff, 0xb8, 0xc0, 0xff, 0xff, 0xb8, 0xc0, 0xff, 0xff, 0xb8, 0xc0, 0xff, 0xff,
0xb8, 0xc0, 0xff, 0xff, 0xb8, 0xc0, 0xff, 0xff, 0xb8, 0xc0, 0xff, 0xff, 0xb8, 0xc0, 0xff, 0xff,
0xb8, 0xc0, 0xff, 0xff, 0xb8, 0xc0, 0xff, 0xff, 0xb8, 0xc0, 0xff, 0xff, 0xb8, 0xc0, 0xff, 0xff,
0xb8, 0xc0, 0xff, 0xff, 0xb8, 0xc0, 0xff, 0xff, 0xb8, 0xc0, 0xff, 0xff, 0xb8, 0xc0, 0xff, 0xff,
0xb8, 0xc0, 0xff, 0xff, 0xb8, 0xc0, 0xff, 0xff, 0xb8, 0xc0, 0xff, 0xff, 0xb8, 0xc0, 0xff, 0xff,
0xb8, 0xc0, 0xff, 0xff, 0xb8, 0xc0, 0xff, 0xff, 0xb8, 0xc0, 0xff, 0xff, 0xb8, 0xc0, 0xff, 0xff,
0xb8, 0xc0, 0xff, 0xff, 0xb8, 0xc0, 0xff, 0xff, 0xb8, 0xc0, 0xff, 0xff, 0xb8, 0xc0, 0xff, 0xff,
0xb8, 0xc0, 0xff, 0xff, 0xb8, 0xc0, 0xff, 0xff, 0xb8, 0xc0, 0xff, 0xff, 0xb8, 0xc0, 0xff, 0xff,
0xb8, 0xc0, 0xff, 0xff, 0xb8, 0xc0, 0xff, 0xff, 0xb8, 0xc0, 0xff, 0xff, 0xb8, 0xc0, 0xff, 0xff,
0xb8, 0xc0, 0xff, 0xff, 0xb8, 0xc0, 0xff, 0xff, 0xb8, 0xc0, 0xff, 0xff, 0xb8, 0xc0, 0xff, 0xff,
0xb8, 0xc0, 0xff, 0xff, 0xb8, 0xc0, 0xff, 0xff, 0xb8, 0xc0, 0xff, 0xff, 0xb8, 0xc0, 0xff, 0xff,
0xb8, 0xc0, 0xff, 0xff, 0xb8, 0xc0, 0xff, 0xff, 0xb8, 0xc0, 0xff, 0xff, 0xb8, 0xc0, 0xff, 0xff,
0xb8, 0xc0, 0xff, 0xff, 0xb8, 0xc0, 0xff, 0xff, 0xb8, 0xc0, 0xff, 0xff, 0xb8, 0xc0, 0xff, 0xff,
0xb8, 0xc0, 0xff, 0xff, 0xb8, 0xc0, 0xff, 0xff, 0xb8, 0xc0, 0xff, 0xff, 0xb8, 0xc0, 0xff, 0xff,
0xb8, 0xc0, 0xff, 0xff, 0xb8, 0xc0, 0xff, 0xff, 0xb8, 0xc0, 0xff, 0xff, 0xb8, 0xc0, 0xff, 0xff,
0xb8, 0xc0, 0xff, 0xff, 0xb8, 0xc0, 0xff, 0xff, 0xb8, 0xc0, 0xff, 0xff, 0xb8, 0xc0, 0xff, 0xff,
0xb8, 0xc0, 0xff, 0xff, 0xb8, 0xc0, 0xff, 0xff, 0xb8, 0xc0, 0xff, 0xff, 0xb8, 0xc0, 0xff, 0xff,
0xb8, 0xc0, 0xff, 0xff, 0xb8, 0xc0, 0xff, 0xff, 0xb8, 0xc0, 0xff, 0xff, 0xb8, 0xc0, 0xff, 0xff,
0xb8, 0xc0, 0xff, 0xff, 0xb8, 0xc0, 0xff, 0xff, 0xb8, 0xc0, 0xff, 0xff, 0xb8, 0xc0, 0xff, 0xff,
0xb8, 0xc0, 0xff, 0xff, 0xb8, 0xc0, 0xff, 0xff, 0xb8, 0xc0, 0xff, 0xff, 0xb8, 0xc0, 0xff, 0xff,
0xb8, 0xc0, 0xff, 0xff, 0xb8, 0xc0, 0xff, 0xff, 0xb8, 0xc0, 0xff, 0xff, 0xb8, 0xc0, 0xff, 0xff,
0xb8, 0xc0, 0xff, 0xff, 0xb8, 0xc0, 0xff, 0xe2, 0xb8, 0xc0, 0xff, 0x21, 0xb8, 0xc0, 0xff, 0x00,
0x00, 0x00, 0x00, 0x00, 0x00, 0x00, 0x00, 0x00, 0x00, 0x00, 0x00, 0x00, 0x00, 0x00, 0x00, 0x00,
0x00, 0x00, 0x00, 0x00, 0x00, 0x00, 0x00, 0x00, 0x00, 0x00, 0x00, 0x00, 0x00, 0x00, 0x00, 0x00,
0x00, 0x00, 0x00, 0x00, 0x00, 0x00, 0x00, 0x00, 0x00, 0x00, 0x00, 0x00, 0x00, 0x00, 0x00, 0x00,
0x00, 0x00, 0x00, 0x00, 0x00, 0x00, 0x00, 0x00, 0x00, 0x00, 0x00, 0x00, 0x00, 0x00, 0x00, 0x00,
0x00, 0x00, 0x00, 0x00, 0x00, 0x00, 0x00, 0x00, 0x00, 0x00, 0x00, 0x00, 0x00, 0x00, 0x00, 0x00,
0xd0, 0xd9, 0xff, 0x00, 0xd0, 0xd9, 0xff, 0x00, 0xd0, 0xd9, 0xff, 0x1b, 0xd0, 0xd9, 0xff, 0x66,
0xd0, 0xd9, 0xff, 0xb9, 0xd0, 0xd9, 0xff, 0xed, 0xbf, 0xc8, 0xff, 0xfe, 0xb8, 0xc0, 0xff, 0xff,
0xb8, 0xc0, 0xff, 0xff, 0xb8, 0xc0, 0xff, 0xff, 0xb8, 0xc0, 0xff, 0xff, 0xb8, 0xc0, 0xff, 0xff,
0xb8, 0xc0, 0xff, 0xff, 0xb8, 0xc0, 0xff, 0xff, 0xb8, 0xc0, 0xff, 0xff, 0xb8, 0xc0, 0xff, 0xff,
0xb8, 0xc0, 0xff, 0xff, 0xb8, 0xc0, 0xff, 0xff, 0xb8, 0xc0, 0xff, 0xff, 0xb8, 0xc0, 0xff, 0xff,
0xb8, 0xc0, 0xff, 0xff, 0xb8, 0xc0, 0xff, 0xff, 0xb8, 0xc0, 0xff, 0xff, 0xb8, 0xc0, 0xff, 0xff,
0xb8, 0xc0, 0xff, 0xff, 0xb8, 0xc0, 0xff, 0xff, 0xb8, 0xc0, 0xff, 0xff, 0xb8, 0xc0, 0xff, 0xff,
0xb8, 0xc0, 0xff, 0xff, 0xb8, 0xc0, 0xff, 0xff, 0xb8, 0xc0, 0xff, 0xff, 0xb8, 0xc0, 0xff, 0xff,
0xb8, 0xc0, 0xff, 0xff, 0xb8, 0xc0, 0xff, 0xff, 0xb8, 0xc0, 0xff, 0xff, 0xb8, 0xc0, 0xff, 0xff,
0xb8, 0xc0, 0xff, 0xff, 0xb8, 0xc0, 0xff, 0xff, 0xb8, 0xc0, 0xff, 0xff, 0xb8, 0xc0, 0xff, 0xff,
0xb8, 0xc0, 0xff, 0xff, 0xb8, 0xc0, 0xff, 0xff, 0xb8, 0xc0, 0xff, 0xff, 0xb8, 0xc0, 0xff, 0xff,
0xb8, 0xc0, 0xff, 0xff, 0xb8, 0xc0, 0xff, 0xff, 0xb8, 0xc0, 0xff, 0xff, 0xb8, 0xc0, 0xff, 0xff,
0xb8, 0xc0, 0xff, 0xff, 0xb8, 0xc0, 0xff, 0xff, 0xb8, 0xc0, 0xff, 0xff, 0xb8, 0xc0, 0xff, 0xff,
0xb8, 0xc0, 0xff, 0xff, 0xb8, 0xc0, 0xff, 0xff, 0xb8, 0xc0, 0xff, 0xff, 0xb8, 0xc0, 0xff, 0xff,
0xb8, 0xc0, 0xff, 0xff, 0xb8, 0xc0, 0xff, 0xff, 0xb8, 0xc0, 0xff, 0xff, 0xb8, 0xc0, 0xff, 0xff,
0xb8, 0xc0, 0xff, 0xff, 0xb8, 0xc0, 0xff, 0xff, 0xb8, 0xc0, 0xff, 0xff, 0xb8, 0xc0, 0xff, 0xff,
0xb8, 0xc0, 0xff, 0xff, 0xb8, 0xc0, 0xff, 0xff, 0xb8, 0xc0, 0xff, 0xff, 0xb8, 0xc0, 0xff, 0xff,
0xb8, 0xc0, 0xff, 0xff, 0xb8, 0xc0, 0xff, 0xff, 0xb8, 0xc0, 0xff, 0xff, 0xb8, 0xc0, 0xff, 0xff,
0xb8, 0xc0, 0xff, 0xff, 0xb8, 0xc0, 0xff, 0xff, 0xb8, 0xc0, 0xff, 0xff, 0xb8, 0xc0, 0xff, 0xff,
0xb8, 0xc0, 0xff, 0xff, 0xb8, 0xc0, 0xff, 0xff, 0xb8, 0xc0, 0xff, 0xff, 0xb8, 0xc0, 0xff, 0xff,
0xb8, 0xc0, 0xff, 0xff, 0xb8, 0xc0, 0xff, 0xff, 0xb8, 0xc0, 0xff, 0xff, 0xb8, 0xc0, 0xff, 0xff,
0xb8, 0xc0, 0xff, 0xff, 0xb8, 0xc0, 0xff, 0xff, 0xb8, 0xc0, 0xff, 0xff, 0xb8, 0xc0, 0xff, 0xff,
0xb8, 0xc0, 0xff, 0xff, 0xb8, 0xc0, 0xff, 0xff, 0xb8, 0xc0, 0xff, 0xff, 0xb8, 0xc0, 0xff, 0xff,
0xb8, 0xc0, 0xff, 0xff, 0xb8, 0xc0, 0xff, 0xff, 0xb8, 0xc0, 0xff, 0xff, 0xb8, 0xc0, 0xff, 0xff,
0xb8, 0xc0, 0xff, 0xff, 0xb8, 0xc0, 0xff, 0xff, 0xb8, 0xc0, 0xff, 0xff, 0xb8, 0xc0, 0xff, 0xff,
0xb8, 0xc0, 0xff, 0xff, 0xb8, 0xc0, 0xff, 0xff, 0xb8, 0xc0, 0xff, 0xff, 0xb8, 0xc0, 0xff, 0xff,
0xb8, 0xc0, 0xff, 0xff, 0xb8, 0xc0, 0xff, 0xd2, 0xb8, 0xc0, 0xff, 0x14, 0xb8, 0xc0, 0xff, 0x00,
0x00, 0x00, 0x00, 0x00, 0x00, 0x00, 0x00, 0x00, 0x00, 0x00, 0x00, 0x00, 0x00, 0x00, 0x00, 0x00,
0x00, 0x00, 0x00, 0x00, 0x00, 0x00, 0x00, 0x00, 0x00, 0x00, 0x00, 0x00, 0x00, 0x00, 0x00, 0x00,
0x00, 0x00, 0x00, 0x00, 0x00, 0x00, 0x00, 0x00, 0x00, 0x00, 0x00, 0x00, 0x00, 0x00, 0x00, 0x00,
0x00, 0x00, 0x00, 0x00, 0x00, 0x00, 0x00, 0x00, 0x00, 0x00, 0x00, 0x00, 0x00, 0x00, 0x00, 0x00,
0x00, 0x00, 0x00, 0x00, 0x00, 0x00, 0x00, 0x00, 0x00, 0x00, 0x00, 0x00, 0x00, 0x00, 0x00, 0x00,
0x00, 0x00, 0x00, 0x00, 0x00, 0x00, 0x00, 0x00, 0xd0, 0xd9, 0xff, 0x00, 0xd0, 0xd9, 0xff, 0x00,
0xd0, 0xd9, 0xff, 0x0a, 0xd1, 0xda, 0xff, 0x30, 0xbc, 0xc5, 0xff, 0xb1, 0xb8, 0xc0, 0xff, 0xff,
0xb8, 0xc0, 0xff, 0xff, 0xb8, 0xc0, 0xff, 0xff, 0xb8, 0xc0, 0xff, 0xff, 0xb8, 0xc0, 0xff, 0xff,
0xb8, 0xc0, 0xff, 0xff, 0xb8, 0xc0, 0xff, 0xff, 0xb8, 0xc0, 0xff, 0xff, 0xb8, 0xc0, 0xff, 0xff,
0xb8, 0xc0, 0xff, 0xff, 0xb8, 0xc0, 0xff, 0xff, 0xb8, 0xc0, 0xff, 0xff, 0xb8, 0xc0, 0xff, 0xff,
0xb8, 0xc0, 0xff, 0xff, 0xb8, 0xc0, 0xff, 0xff, 0xb8, 0xc0, 0xff, 0xff, 0xb8, 0xc0, 0xff, 0xff,
0xb8, 0xc0, 0xff, 0xff, 0xb8, 0xc0, 0xff, 0xff, 0xb8, 0xc0, 0xff, 0xff, 0xb8, 0xc0, 0xff, 0xff,
0xb8, 0xc0, 0xff, 0xff, 0xb8, 0xc0, 0xff, 0xff, 0xb8, 0xc0, 0xff, 0xff, 0xb8, 0xc0, 0xff, 0xff,
0xb8, 0xc0, 0xff, 0xff, 0xb8, 0xc0, 0xff, 0xff, 0xb8, 0xc0, 0xff, 0xff, 0xb8, 0xc0, 0xff, 0xff,
0xb8, 0xc0, 0xff, 0xff, 0xb8, 0xc0, 0xff, 0xff, 0xb8, 0xc0, 0xff, 0xff, 0xb8, 0xc0, 0xff, 0xff,
0xb8, 0xc0, 0xff, 0xff, 0xb8, 0xc0, 0xff, 0xff, 0xb8, 0xc0, 0xff, 0xff, 0xb8, 0xc0, 0xff, 0xff,
0xb8, 0xc0, 0xff, 0xff, 0xb8, 0xc0, 0xff, 0xff, 0xb8, 0xc0, 0xff, 0xff, 0xb8, 0xc0, 0xff, 0xff,
0xb8, 0xc0, 0xff, 0xff, 0xb8, 0xc0, 0xff, 0xff, 0xb8, 0xc0, 0xff, 0xff, 0xb8, 0xc0, 0xff, 0xff,
0xb8, 0xc0, 0xff, 0xff, 0xb8, 0xc0, 0xff, 0xff, 0xb8, 0xc0, 0xff, 0xff, 0xb8, 0xc0, 0xff, 0xff,
0xb8, 0xc0, 0xff, 0xff, 0xb8, 0xc0, 0xff, 0xff, 0xb8, 0xc0, 0xff, 0xff, 0xb8, 0xc0, 0xff, 0xff,
0xb8, 0xc0, 0xff, 0xff, 0xb8, 0xc0, 0xff, 0xff, 0xb8, 0xc0, 0xff, 0xff, 0xb8, 0xc0, 0xff, 0xff,
0xb8, 0xc0, 0xff, 0xff, 0xb8, 0xc0, 0xff, 0xff, 0xb8, 0xc0, 0xff, 0xff, 0xb8, 0xc0, 0xff, 0xff,
0xb8, 0xc0, 0xff, 0xff, 0xb8, 0xc0, 0xff, 0xff, 0xb8, 0xc0, 0xff, 0xff, 0xb8, 0xc0, 0xff, 0xff,
0xb8, 0xc0, 0xff, 0xff, 0xb8, 0xc0, 0xff, 0xff, 0xb8, 0xc0, 0xff, 0xff, 0xb8, 0xc0, 0xff, 0xff,
0xb8, 0xc0, 0xff, 0xff, 0xb8, 0xc0, 0xff, 0xff, 0xb8, 0xc0, 0xff, 0xff, 0xb8, 0xc0, 0xff, 0xff,
0xb8, 0xc0, 0xff, 0xff, 0xb8, 0xc0, 0xff, 0xff, 0xb8, 0xc0, 0xff, 0xff, 0xb8, 0xc0, 0xff, 0xff,
0xb8, 0xc0, 0xff, 0xff, 0xb8, 0xc0, 0xff, 0xff, 0xb8, 0xc0, 0xff, 0xff, 0xb8, 0xc0, 0xff, 0xff,
0xb8, 0xc0, 0xff, 0xff, 0xb8, 0xc0, 0xff, 0xff, 0xb8, 0xc0, 0xff, 0xff, 0xb8, 0xc0, 0xff, 0xff,
0xb8, 0xc0, 0xff, 0xff, 0xb8, 0xc0, 0xff, 0xff, 0xb8, 0xc0, 0xff, 0xff, 0xb8, 0xc0, 0xff, 0xff,
0xb8, 0xc0, 0xff, 0xff, 0xb8, 0xc0, 0xff, 0xff, 0xb8, 0xc0, 0xff, 0xff, 0xb8, 0xc0, 0xff, 0xff,
0xb8, 0xc0, 0xff, 0xff, 0xb8, 0xc0, 0xff, 0xff, 0xb8, 0xc0, 0xff, 0xff, 0xb8, 0xc0, 0xff, 0xff,
0xb8, 0xc0, 0xff, 0xff, 0xb8, 0xc0, 0xff, 0xb6, 0xb8, 0xc0, 0xff, 0x06, 0xb8, 0xc0, 0xff, 0x00,
0x00, 0x00, 0x00, 0x00, 0x00, 0x00, 0x00, 0x00, 0x00, 0x00, 0x00, 0x00, 0x00, 0x00, 0x00, 0x00,
0x00, 0x00, 0x00, 0x00, 0x00, 0x00, 0x00, 0x00, 0x00, 0x00, 0x00, 0x00, 0x00, 0x00, 0x00, 0x00,
0x00, 0x00, 0x00, 0x00, 0x00, 0x00, 0x00, 0x00, 0x00, 0x00, 0x00, 0x00, 0x00, 0x00, 0x00, 0x00,
0x00, 0x00, 0x00, 0x00, 0x00, 0x00, 0x00, 0x00, 0x00, 0x00, 0x00, 0x00, 0x00, 0x00, 0x00, 0x00,
0x00, 0x00, 0x00, 0x00, 0x00, 0x00, 0x00, 0x00, 0x00, 0x00, 0x00, 0x00, 0x00, 0x00, 0x00, 0x00,
0x00, 0x00, 0x00, 0x00, 0x00, 0x00, 0x00, 0x00, 0x00, 0x00, 0x00, 0x00, 0x00, 0x00, 0x00, 0x00,
0xb7, 0xbf, 0xff, 0x00, 0xb8, 0xc0, 0xff, 0x00, 0xb8, 0xc0, 0xff, 0x68, 0xb8, 0xc0, 0xff, 0xff,
0xb8, 0xc0, 0xff, 0xff, 0xb8, 0xc0, 0xff, 0xff, 0xb8, 0xc0, 0xff, 0xff, 0xb8, 0xc0, 0xff, 0xff,
0xb8, 0xc0, 0xff, 0xff, 0xb8, 0xc0, 0xff, 0xff, 0xb8, 0xc0, 0xff, 0xff, 0xb8, 0xc0, 0xff, 0xff,
0xb8, 0xc0, 0xff, 0xff, 0xb8, 0xc0, 0xff, 0xff, 0xb8, 0xc0, 0xff, 0xff, 0xb8, 0xc0, 0xff, 0xff,
0xb8, 0xc0, 0xff, 0xff, 0xb8, 0xc0, 0xff, 0xff, 0xb8, 0xc0, 0xff, 0xff, 0xb8, 0xc0, 0xff, 0xff,
0xb8, 0xc0, 0xff, 0xff, 0xb8, 0xc0, 0xff, 0xff, 0xb8, 0xc0, 0xff, 0xff, 0xb8, 0xc0, 0xff, 0xff,
0xb8, 0xc0, 0xff, 0xff, 0xb8, 0xc0, 0xff, 0xff, 0xb8, 0xc0, 0xff, 0xff, 0xb8, 0xc0, 0xff, 0xff,
0xb8, 0xc0, 0xff, 0xff, 0xb8, 0xc0, 0xff, 0xff, 0xb8, 0xc0, 0xff, 0xff, 0xb8, 0xc0, 0xff, 0xff,
0xb8, 0xc0, 0xff, 0xff, 0xb8, 0xc0, 0xff, 0xff, 0xb8, 0xc0, 0xff, 0xff, 0xb8, 0xc0, 0xff, 0xff,
0xb8, 0xc0, 0xff, 0xff, 0xb8, 0xc0, 0xff, 0xff, 0xb8, 0xc0, 0xff, 0xff, 0xb8, 0xc0, 0xff, 0xff,
0xb8, 0xc0, 0xff, 0xff, 0xb8, 0xc0, 0xff, 0xff, 0xb8, 0xc0, 0xff, 0xff, 0xb8, 0xc0, 0xff, 0xff,
0xb8, 0xc0, 0xff, 0xff, 0xb8, 0xc0, 0xff, 0xff, 0xb8, 0xc0, 0xff, 0xff, 0xb8, 0xc0, 0xff, 0xff,
0xb8, 0xc0, 0xff, 0xff, 0xb8, 0xc0, 0xff, 0xff, 0xb8, 0xc0, 0xff, 0xff, 0xb8, 0xc0, 0xff, 0xff,
0xb8, 0xc0, 0xff, 0xff, 0xb8, 0xc0, 0xff, 0xff, 0xb8, 0xc0, 0xff, 0xff, 0xb8, 0xc0, 0xff, 0xff,
0xb8, 0xc0, 0xff, 0xff, 0xb8, 0xc0, 0xff, 0xff, 0xb8, 0xc0, 0xff, 0xff, 0xb8, 0xc0, 0xff, 0xff,
0xb8, 0xc0, 0xff, 0xff, 0xb8, 0xc0, 0xff, 0xff, 0xb8, 0xc0, 0xff, 0xff, 0xb8, 0xc0, 0xff, 0xff,
0xb8, 0xc0, 0xff, 0xff, 0xb8, 0xc0, 0xff, 0xff, 0xb8, 0xc0, 0xff, 0xff, 0xb8, 0xc0, 0xff, 0xff,
0xb8, 0xc0, 0xff, 0xff, 0xb8, 0xc0, 0xff, 0xff, 0xb8, 0xc0, 0xff, 0xff, 0xb8, 0xc0, 0xff, 0xff,
0xb8, 0xc0, 0xff, 0xff, 0xb8, 0xc0, 0xff, 0xff, 0xb8, 0xc0, 0xff, 0xff, 0xb8, 0xc0, 0xff, 0xff,
0xb8, 0xc0, 0xff, 0xff, 0xb8, 0xc0, 0xff, 0xff, 0xb8, 0xc0, 0xff, 0xff, 0xb8, 0xc0, 0xff, 0xff,
0xb8, 0xc0, 0xff, 0xff, 0xb8, 0xc0, 0xff, 0xff, 0xb8, 0xc0, 0xff, 0xff, 0xb8, 0xc0, 0xff, 0xff,
0xb8, 0xc0, 0xff, 0xff, 0xb8, 0xc0, 0xff, 0xff, 0xb8, 0xc0, 0xff, 0xff, 0xb8, 0xc0, 0xff, 0xff,
0xb8, 0xc0, 0xff, 0xff, 0xb8, 0xc0, 0xff, 0xff, 0xb8, 0xc0, 0xff, 0xff, 0xb8, 0xc0, 0xff, 0xff,
0xb8, 0xc0, 0xff, 0xff, 0xb8, 0xc0, 0xff, 0xff, 0xb8, 0xc0, 0xff, 0xff, 0xb8, 0xc0, 0xff, 0xff,
0xb8, 0xc0, 0xff, 0xff, 0xb8, 0xc0, 0xff, 0xff, 0xb8, 0xc0, 0xff, 0xff, 0xb8, 0xc0, 0xff, 0xff,
0xb8, 0xc0, 0xff, 0xff, 0xb8, 0xc0, 0xff, 0x8e, 0xb8, 0xc0, 0xff, 0x00, 0xb8, 0xc0, 0xff, 0x00,
0x00, 0x00, 0x00, 0x00, 0x00, 0x00, 0x00, 0x00, 0x00, 0x00, 0x00, 0x00, 0x00, 0x00, 0x00, 0x00,
0x00, 0x00, 0x00, 0x00, 0x00, 0x00, 0x00, 0x00, 0x00, 0x00, 0x00, 0x00, 0x00, 0x00, 0x00, 0x00,
0x00, 0x00, 0x00, 0x00, 0x00, 0x00, 0x00, 0x00, 0x00, 0x00, 0x00, 0x00, 0x00, 0x00, 0x00, 0x00,
0x00, 0x00, 0x00, 0x00, 0x00, 0x00, 0x00, 0x00, 0x00, 0x00, 0x00, 0x00, 0x00, 0x00, 0x00, 0x00,
0x00, 0x00, 0x00, 0x00, 0x00, 0x00, 0x00, 0x00, 0x00, 0x00, 0x00, 0x00, 0x00, 0x00, 0x00, 0x00,
0x00, 0x00, 0x00, 0x00, 0x00, 0x00, 0x00, 0x00, 0x00, 0x00, 0x00, 0x00, 0x00, 0x00, 0x00, 0x00,
0x00, 0x00, 0x00, 0x00, 0xb8, 0xc0, 0xff, 0x00, 0xb8, 0xc0, 0xff, 0x3a, 0xb8, 0xc0, 0xff, 0xf2,
0xb8, 0xc0, 0xff, 0xff, 0xb8, 0xc0, 0xff, 0xff, 0xb8, 0xc0, 0xff, 0xff, 0xb8, 0xc0, 0xff, 0xff,
0xb8, 0xc0, 0xff, 0xff, 0xb8, 0xc0, 0xff, 0xff, 0xb8, 0xc0, 0xff, 0xff, 0xb8, 0xc0, 0xff, 0xff,
0xb8, 0xc0, 0xff, 0xff, 0xb8, 0xc0, 0xff, 0xff, 0xb8, 0xc0, 0xff, 0xff, 0xb8, 0xc0, 0xff, 0xff,
0xb8, 0xc0, 0xff, 0xff, 0xb8, 0xc0, 0xff, 0xff, 0xb8, 0xc0, 0xff, 0xff, 0xb8, 0xc0, 0xff, 0xff,
0xb8, 0xc0, 0xff, 0xff, 0xb8, 0xc0, 0xff, 0xff, 0xb8, 0xc0, 0xff, 0xff, 0xb8, 0xc0, 0xff, 0xff,
0xb8, 0xc0, 0xff, 0xff, 0xb8, 0xc0, 0xff, 0xff, 0xb8, 0xc0, 0xff, 0xff, 0xb8, 0xc0, 0xff, 0xff,
0xb8, 0xc0, 0xff, 0xff, 0xb8, 0xc0, 0xff, 0xff, 0xb8, 0xc0, 0xff, 0xff, 0xb8, 0xc0, 0xff, 0xff,
0xb8, 0xc0, 0xff, 0xff, 0xb8, 0xc0, 0xff, 0xff, 0xb8, 0xc0, 0xff, 0xff, 0xb8, 0xc0, 0xff, 0xff,
0xb8, 0xc0, 0xff, 0xff, 0xb8, 0xc0, 0xff, 0xff, 0xb8, 0xc0, 0xff, 0xff, 0xb8, 0xc0, 0xff, 0xff,
0xb8, 0xc0, 0xff, 0xff, 0xb8, 0xc0, 0xff, 0xff, 0xb8, 0xc0, 0xff, 0xff, 0xb8, 0xc0, 0xff, 0xff,
0xb8, 0xc0, 0xff, 0xff, 0xb8, 0xc0, 0xff, 0xff, 0xb8, 0xc0, 0xff, 0xff, 0xb8, 0xc0, 0xff, 0xff,
0xb8, 0xc0, 0xff, 0xff, 0xb8, 0xc0, 0xff, 0xff, 0xb8, 0xc0, 0xff, 0xff, 0xb8, 0xc0, 0xff, 0xff,
0xb8, 0xc0, 0xff, 0xff, 0xb8, 0xc0, 0xff, 0xff, 0xb8, 0xc0, 0xff, 0xff, 0xb8, 0xc0, 0xff, 0xff,
0xb8, 0xc0, 0xff, 0xff, 0xb8, 0xc0, 0xff, 0xff, 0xb8, 0xc0, 0xff, 0xff, 0xb8, 0xc0, 0xff, 0xff,
0xb8, 0xc0, 0xff, 0xff, 0xb8, 0xc0, 0xff, 0xff, 0xb8, 0xc0, 0xff, 0xff, 0xb8, 0xc0, 0xff, 0xff,
0xb8, 0xc0, 0xff, 0xff, 0xb8, 0xc0, 0xff, 0xff, 0xb8, 0xc0, 0xff, 0xff, 0xb8, 0xc0, 0xff, 0xff,
0xb8, 0xc0, 0xff, 0xff, 0xb8, 0xc0, 0xff, 0xff, 0xb8, 0xc0, 0xff, 0xff, 0xb8, 0xc0, 0xff, 0xff,
0xb8, 0xc0, 0xff, 0xff, 0xb8, 0xc0, 0xff, 0xff, 0xb8, 0xc0, 0xff, 0xff, 0xb8, 0xc0, 0xff, 0xff,
0xb8, 0xc0, 0xff, 0xff, 0xb8, 0xc0, 0xff, 0xff, 0xb8, 0xc0, 0xff, 0xff, 0xb8, 0xc0, 0xff, 0xff,
0xb8, 0xc0, 0xff, 0xff, 0xb8, 0xc0, 0xff, 0xff, 0xb8, 0xc0, 0xff, 0xff, 0xb8, 0xc0, 0xff, 0xff,
0xb8, 0xc0, 0xff, 0xff, 0xb8, 0xc0, 0xff, 0xff, 0xb8, 0xc0, 0xff, 0xff, 0xb8, 0xc0, 0xff, 0xff,
0xb8, 0xc0, 0xff, 0xff, 0xb8, 0xc0, 0xff, 0xff, 0xb8, 0xc0, 0xff, 0xff, 0xb8, 0xc0, 0xff, 0xff,
0xb8, 0xc0, 0xff, 0xff, 0xb8, 0xc0, 0xff, 0xff, 0xb8, 0xc0, 0xff, 0xff, 0xb8, 0xc0, 0xff, 0xff,
0xb8, 0xc0, 0xff, 0xff, 0xb8, 0xc0, 0xff, 0xff, 0xb8, 0xc0, 0xff, 0xff, 0xb8, 0xc0, 0xff, 0xff,
0xb8, 0xc0, 0xff, 0xfd, 0xb8, 0xc0, 0xff, 0x5b, 0xb8, 0xc0, 0xff, 0x00, 0x00, 0x00, 0x00, 0x00,
0x00, 0x00, 0x00, 0x00, 0x00, 0x00, 0x00, 0x00, 0x00, 0x00, 0x00, 0x00, 0x00, 0x00, 0x00, 0x00,
0x00, 0x00, 0x00, 0x00, 0x00, 0x00, 0x00, 0x00, 0x00, 0x00, 0x00, 0x00, 0x00, 0x00, 0x00, 0x00,
0x00, 0x00, 0x00, 0x00, 0x00, 0x00, 0x00, 0x00, 0x00, 0x00, 0x00, 0x00, 0x00, 0x00, 0x00, 0x00,
0x00, 0x00, 0x00, 0x00, 0x00, 0x00, 0x00, 0x00, 0x00, 0x00, 0x00, 0x00, 0x00, 0x00, 0x00, 0x00,
0x00, 0x00, 0x00, 0x00, 0x00, 0x00, 0x00, 0x00, 0x00, 0x00, 0x00, 0x00, 0x00, 0x00, 0x00, 0x00,
0x00, 0x00, 0x00, 0x00, 0x00, 0x00, 0x00, 0x00, 0x00, 0x00, 0x00, 0x00, 0x00, 0x00, 0x00, 0x00,
0x00, 0x00, 0x00, 0x00, 0xb8, 0xc0, 0xff, 0x00, 0xb8, 0xc0, 0xff, 0x13, 0xb8, 0xc0, 0xff, 0xce,
0xb8, 0xc0, 0xff, 0xff, 0xb8, 0xc0, 0xff, 0xff, 0xb8, 0xc0, 0xff, 0xff, 0xb8, 0xc0, 0xff, 0xff,
0xb8, 0xc0, 0xff, 0xff, 0xb8, 0xc0, 0xff, 0xff, 0xb8, 0xc0, 0xff, 0xff, 0xb8, 0xc0, 0xff, 0xff,
0xb8, 0xc0, 0xff, 0xff, 0xb8, 0xc0, 0xff, 0xff, 0xb8, 0xc0, 0xff, 0xff, 0xb8, 0xc0, 0xff, 0xff,
0xb8, 0xc0, 0xff, 0xff, 0xb8, 0xc0, 0xff, 0xff, 0xb8, 0xc0, 0xff, 0xff, 0xb8, 0xc0, 0xff, 0xff,
0xb8, 0xc0, 0xff, 0xff, 0xb8, 0xc0, 0xff, 0xff, 0xb8, 0xc0, 0xff, 0xff, 0xb8, 0xc0, 0xff, 0xff,
0xb8, 0xc0, 0xff, 0xff, 0xb8, 0xc0, 0xff, 0xff, 0xb8, 0xc0, 0xff, 0xff, 0xb8, 0xc0, 0xff, 0xff,
0xb8, 0xc0, 0xff, 0xff, 0xb8, 0xc0, 0xff, 0xff, 0xb8, 0xc0, 0xff, 0xff, 0xb8, 0xc0, 0xff, 0xff,
0xb8, 0xc0, 0xff, 0xff, 0xb8, 0xc0, 0xff, 0xff, 0xb8, 0xc0, 0xff, 0xff, 0xb8, 0xc0, 0xff, 0xff,
0xb8, 0xc0, 0xff, 0xff, 0xb8, 0xc0, 0xff, 0xff, 0xb8, 0xc0, 0xff, 0xff, 0xb8, 0xc0, 0xff, 0xff,
0xb8, 0xc0, 0xff, 0xff, 0xb8, 0xc0, 0xff, 0xff, 0xb8, 0xc0, 0xff, 0xff, 0xb8, 0xc0, 0xff, 0xff,
0xb8, 0xc0, 0xff, 0xff, 0xb8, 0xc0, 0xff, 0xff, 0xb8, 0xc0, 0xff, 0xff, 0xb8, 0xc0, 0xff, 0xff,
0xb8, 0xc0, 0xff, 0xff, 0xb8, 0xc0, 0xff, 0xff, 0xb8, 0xc0, 0xff, 0xff, 0xb8, 0xc0, 0xff, 0xff,
0xb8, 0xc0, 0xff, 0xff, 0xb8, 0xc0, 0xff, 0xff, 0xb8, 0xc0, 0xff, 0xff, 0xb8, 0xc0, 0xff, 0xff,
0xb8, 0xc0, 0xff, 0xff, 0xb8, 0xc0, 0xff, 0xff, 0xb8, 0xc0, 0xff, 0xff, 0xb8, 0xc0, 0xff, 0xff,
0xb8, 0xc0, 0xff, 0xff, 0xb8, 0xc0, 0xff, 0xff, 0xb8, 0xc0, 0xff, 0xff, 0xb8, 0xc0, 0xff, 0xff,
0xb8, 0xc0, 0xff, 0xff, 0xb8, 0xc0, 0xff, 0xff, 0xb8, 0xc0, 0xff, 0xff, 0xb8, 0xc0, 0xff, 0xff,
0xb8, 0xc0, 0xff, 0xff, 0xb8, 0xc0, 0xff, 0xff, 0xb8, 0xc0, 0xff, 0xff, 0xb8, 0xc0, 0xff, 0xff,
0xb8, 0xc0, 0xff, 0xff, 0xb8, 0xc0, 0xff, 0xff, 0xb8, 0xc0, 0xff, 0xff, 0xb8, 0xc0, 0xff, 0xff,
0xb8, 0xc0, 0xff, 0xff, 0xb8, 0xc0, 0xff, 0xff, 0xb8, 0xc0, 0xff, 0xff, 0xb8, 0xc0, 0xff, 0xff,
0xb8, 0xc0, 0xff, 0xff, 0xb8, 0xc0, 0xff, 0xff, 0xb8, 0xc0, 0xff, 0xff, 0xb8, 0xc0, 0xff, 0xff,
0xb8, 0xc0, 0xff, 0xff, 0xb8, 0xc0, 0xff, 0xff, 0xb8, 0xc0, 0xff, 0xff, 0xb8, 0xc0, 0xff, 0xff,
0xb8, 0xc0, 0xff, 0xff, 0xb8, 0xc0, 0xff, 0xff, 0xb8, 0xc0, 0xff, 0xff, 0xb8, 0xc0, 0xff, 0xff,
0xb8, 0xc0, 0xff, 0xff, 0xb8, 0xc0, 0xff, 0xff, 0xb8, 0xc0, 0xff, 0xff, 0xb8, 0xc0, 0xff, 0xff,
0xb8, 0xc0, 0xff, 0xff, 0xb8, 0xc0, 0xff, 0xff, 0xb8, 0xc0, 0xff, 0xff, 0xb8, 0xc0, 0xff, 0xff,
0xb8, 0xc0, 0xff, 0xe5, 0xb8, 0xc0, 0xff, 0x29, 0xb8, 0xc0, 0xff, 0x00, 0x00, 0x00, 0x00, 0x00,
0x00, 0x00, 0x00, 0x00, 0x00, 0x00, 0x00, 0x00, 0x00, 0x00, 0x00, 0x00, 0x00, 0x00, 0x00, 0x00,
0x00, 0x00, 0x00, 0x00, 0x00, 0x00, 0x00, 0x00, 0x00, 0x00, 0x00, 0x00, 0x00, 0x00, 0x00, 0x00,
0x00, 0x00, 0x00, 0x00, 0x00, 0x00, 0x00, 0x00, 0x00, 0x00, 0x00, 0x00, 0x00, 0x00, 0x00, 0x00,
0x00, 0x00, 0x00, 0x00, 0x00, 0x00, 0x00, 0x00, 0x00, 0x00, 0x00, 0x00, 0x00, 0x00, 0x00, 0x00,
0x00, 0x00, 0x00, 0x00, 0x00, 0x00, 0x00, 0x00, 0x00, 0x00, 0x00, 0x00, 0x00, 0x00, 0x00, 0x00,
0x00, 0x00, 0x00, 0x00, 0x00, 0x00, 0x00, 0x00, 0x00, 0x00, 0x00, 0x00, 0x00, 0x00, 0x00, 0x00,
0x00, 0x00, 0x00, 0x00, 0xb8, 0xc0, 0xff, 0x00, 0xb8, 0xc0, 0xff, 0x00, 0xb8, 0xc0, 0xff, 0x8f,
0xb8, 0xc0, 0xff, 0xff, 0xb8, 0xc0, 0xff, 0xff, 0xb8, 0xc0, 0xff, 0xff, 0xb8, 0xc0, 0xff, 0xff,
0xb8, 0xc0, 0xff, 0xff, 0xb8, 0xc0, 0xff, 0xff, 0xb8, 0xc0, 0xff, 0xff, 0xb8, 0xc0, 0xff, 0xff,
0xb8, 0xc0, 0xff, 0xff, 0xb8, 0xc0, 0xff, 0xff, 0xb8, 0xc0, 0xff, 0xff, 0xb8, 0xc0, 0xff, 0xff,
0xb8, 0xc0, 0xff, 0xff, 0xb8, 0xc0, 0xff, 0xff, 0xb8, 0xc0, 0xff, 0xff, 0xb8, 0xc0, 0xff, 0xff,
0xb8, 0xc0, 0xff, 0xff, 0xb8, 0xc0, 0xff, 0xff, 0xb8, 0xc0, 0xff, 0xff, 0xb8, 0xc0, 0xff, 0xff,
0xb8, 0xc0, 0xff, 0xff, 0xb8, 0xc0, 0xff, 0xff, 0xb8, 0xc0, 0xff, 0xff, 0xb8, 0xc0, 0xff, 0xff,
0xb8, 0xc0, 0xff, 0xff, 0xb8, 0xc0, 0xff, 0xff, 0xb8, 0xc0, 0xff, 0xff, 0xb8, 0xc0, 0xff, 0xff,
0xb8, 0xc0, 0xff, 0xff, 0xb8, 0xc0, 0xff, 0xff, 0xb8, 0xc0, 0xff, 0xff, 0xb8, 0xc0, 0xff, 0xff,
0xb8, 0xc0, 0xff, 0xff, 0xb8, 0xc0, 0xff, 0xff, 0xb8, 0xc0, 0xff, 0xff, 0xb8, 0xc0, 0xff, 0xff,
0xb8, 0xc0, 0xff, 0xff, 0xb8, 0xc0, 0xff, 0xff, 0xb8, 0xc0, 0xff, 0xff, 0xb8, 0xc0, 0xff, 0xff,
0xb8, 0xc0, 0xff, 0xff, 0xb8, 0xc0, 0xff, 0xff, 0xb8, 0xc0, 0xff, 0xff, 0xb8, 0xc0, 0xff, 0xff,
0xb8, 0xc0, 0xff, 0xff, 0xb8, 0xc0, 0xff, 0xff, 0xb8, 0xc0, 0xff, 0xff, 0xb8, 0xc0, 0xff, 0xff,
0xb8, 0xc0, 0xff, 0xff, 0xb8, 0xc0, 0xff, 0xff, 0xb8, 0xc0, 0xff, 0xff, 0xb8, 0xc0, 0xff, 0xff,
0xb8, 0xc0, 0xff, 0xff, 0xb8, 0xc0, 0xff, 0xff, 0xb8, 0xc0, 0xff, 0xff, 0xb8, 0xc0, 0xff, 0xff,
0xb8, 0xc0, 0xff, 0xff, 0xb8, 0xc0, 0xff, 0xff, 0xb8, 0xc0, 0xff, 0xff, 0xb8, 0xc0, 0xff, 0xff,
0xb8, 0xc0, 0xff, 0xff, 0xb8, 0xc0, 0xff, 0xff, 0xb8, 0xc0, 0xff, 0xff, 0xb8, 0xc0, 0xff, 0xff,
0xb8, 0xc0, 0xff, 0xff, 0xb8, 0xc0, 0xff, 0xff, 0xb8, 0xc0, 0xff, 0xff, 0xb8, 0xc0, 0xff, 0xff,
0xb8, 0xc0, 0xff, 0xff, 0xb8, 0xc0, 0xff, 0xff, 0xb8, 0xc0, 0xff, 0xff, 0xb8, 0xc0, 0xff, 0xff,
0xb8, 0xc0, 0xff, 0xff, 0xb8, 0xc0, 0xff, 0xff, 0xb8, 0xc0, 0xff, 0xff, 0xb8, 0xc0, 0xff, 0xff,
0xb8, 0xc0, 0xff, 0xff, 0xb8, 0xc0, 0xff, 0xff, 0xb8, 0xc0, 0xff, 0xff, 0xb8, 0xc0, 0xff, 0xff,
0xb8, 0xc0, 0xff, 0xff, 0xb8, 0xc0, 0xff, 0xff, 0xb8, 0xc0, 0xff, 0xff, 0xb8, 0xc0, 0xff, 0xff,
0xb8, 0xc0, 0xff, 0xff, 0xb8, 0xc0, 0xff, 0xff, 0xb8, 0xc0, 0xff, 0xff, 0xb8, 0xc0, 0xff, 0xff,
0xb8, 0xc0, 0xff, 0xff, 0xb8, 0xc0, 0xff, 0xff, 0xb8, 0xc0, 0xff, 0xff, 0xb8, 0xc0, 0xff, 0xff,
0xb8, 0xc0, 0xff, 0xff, 0xb8, 0xc0, 0xff, 0xff, 0xb8, 0xc0, 0xff, 0xff, 0xb8, 0xc0, 0xff, 0xff,
0xb8, 0xc0, 0xff, 0xb2, 0xb8, 0xc0, 0xff, 0x07, 0xb8, 0xc0, 0xff, 0x00, 0x00, 0x00, 0x00, 0x00,
0x00, 0x00, 0x00, 0x00, 0x00, 0x00, 0x00, 0x00, 0x00, 0x00, 0x00, 0x00, 0x00, 0x00, 0x00, 0x00,
0x00, 0x00, 0x00, 0x00, 0x00, 0x00, 0x00, 0x00, 0x00, 0x00, 0x00, 0x00, 0x00, 0x00, 0x00, 0x00,
0x00, 0x00, 0x00, 0x00, 0x00, 0x00, 0x00, 0x00, 0x00, 0x00, 0x00, 0x00, 0x00, 0x00, 0x00, 0x00,
0x00, 0x00, 0x00, 0x00, 0x00, 0x00, 0x00, 0x00, 0x00, 0x00, 0x00, 0x00, 0x00, 0x00, 0x00, 0x00,
0x00, 0x00, 0x00, 0x00, 0x00, 0x00, 0x00, 0x00, 0x00, 0x00, 0x00, 0x00, 0x00, 0x00, 0x00, 0x00,
0x00, 0x00, 0x00, 0x00, 0x00, 0x00, 0x00, 0x00, 0x00, 0x00, 0x00, 0x00, 0x00, 0x00, 0x00, 0x00,
0x00, 0x00, 0x00, 0x00, 0x00, 0x00, 0x00, 0x00, 0xb8, 0xc0, 0xff, 0x00, 0xb8, 0xc0, 0xff, 0x43,
0xb8, 0xc0, 0xff, 0xf3, 0xb8, 0xc0, 0xff, 0xff, 0xb8, 0xc0, 0xff, 0xff, 0xb8, 0xc0, 0xff, 0xff,
0xb8, 0xc0, 0xff, 0xff, 0xb8, 0xc0, 0xff, 0xff, 0xb8, 0xc0, 0xff, 0xff, 0xb8, 0xc0, 0xff, 0xff,
0xb8, 0xc0, 0xff, 0xff, 0xb8, 0xc0, 0xff, 0xff, 0xb8, 0xc0, 0xff, 0xff, 0xb8, 0xc0, 0xff, 0xff,
0xb8, 0xc0, 0xff, 0xff, 0xb8, 0xc0, 0xff, 0xff, 0xb8, 0xc0, 0xff, 0xff, 0xb8, 0xc0, 0xff, 0xff,
0xb8, 0xc0, 0xff, 0xff, 0xb8, 0xc0, 0xff, 0xff, 0xb8, 0xc0, 0xff, 0xff, 0xb8, 0xc0, 0xff, 0xff,
0xb8, 0xc0, 0xff, 0xff, 0xb8, 0xc0, 0xff, 0xff, 0xb8, 0xc0, 0xff, 0xff, 0xb8, 0xc0, 0xff, 0xff,
0xb8, 0xc0, 0xff, 0xff, 0xb8, 0xc0, 0xff, 0xff, 0xb8, 0xc0, 0xff, 0xff, 0xb8, 0xc0, 0xff, 0xff,
0xb8, 0xc0, 0xff, 0xff, 0xb8, 0xc0, 0xff, 0xff, 0xb8, 0xc0, 0xff, 0xff, 0xb8, 0xc0, 0xff, 0xff,
0xb8, 0xc0, 0xff, 0xff, 0xb8, 0xc0, 0xff, 0xff, 0xb8, 0xc0, 0xff, 0xff, 0xb8, 0xc0, 0xff, 0xff,
0xb8, 0xc0, 0xff, 0xff, 0xb8, 0xc0, 0xff, 0xff, 0xb8, 0xc0, 0xff, 0xff, 0xb8, 0xc0, 0xff, 0xff,
0xb8, 0xc0, 0xff, 0xff, 0xb8, 0xc0, 0xff, 0xff, 0xb8, 0xc0, 0xff, 0xff, 0xb8, 0xc0, 0xff, 0xff,
0xb8, 0xc0, 0xff, 0xff, 0xb8, 0xc0, 0xff, 0xff, 0xb8, 0xc0, 0xff, 0xff, 0xb8, 0xc0, 0xff, 0xff,
0xb8, 0xc0, 0xff, 0xff, 0xb8, 0xc0, 0xff, 0xff, 0xb8, 0xc0, 0xff, 0xff, 0xb8, 0xc0, 0xff, 0xff,
0xb8, 0xc0, 0xff, 0xff, 0xb8, 0xc0, 0xff, 0xff, 0xb8, 0xc0, 0xff, 0xff, 0xb8, 0xc0, 0xff, 0xff,
0xb8, 0xc0, 0xff, 0xff, 0xb8, 0xc0, 0xff, 0xff, 0xb8, 0xc0, 0xff, 0xff, 0xb8, 0xc0, 0xff, 0xff,
0xb8, 0xc0, 0xff, 0xff, 0xb8, 0xc0, 0xff, 0xff, 0xb8, 0xc0, 0xff, 0xff, 0xb8, 0xc0, 0xff, 0xff,
0xb8, 0xc0, 0xff, 0xff, 0xb8, 0xc0, 0xff, 0xff, 0xb8, 0xc0, 0xff, 0xff, 0xb8, 0xc0, 0xff, 0xff,
0xb8, 0xc0, 0xff, 0xff, 0xb8, 0xc0, 0xff, 0xff, 0xb8, 0xc0, 0xff, 0xff, 0xb8, 0xc0, 0xff, 0xff,
0xb8, 0xc0, 0xff, 0xff, 0xb8, 0xc0, 0xff, 0xff, 0xb8, 0xc0, 0xff, 0xff, 0xb8, 0xc0, 0xff, 0xff,
0xb8, 0xc0, 0xff, 0xff, 0xb8, 0xc0, 0xff, 0xff, 0xb8, 0xc0, 0xff, 0xff, 0xb8, 0xc0, 0xff, 0xff,
0xb8, 0xc0, 0xff, 0xff, 0xb8, 0xc0, 0xff, 0xff, 0xb8, 0xc0, 0xff, 0xff, 0xb8, 0xc0, 0xff, 0xff,
0xb8, 0xc0, 0xff, 0xff, 0xb8, 0xc0, 0xff, 0xff, 0xb8, 0xc0, 0xff, 0xff, 0xb8, 0xc0, 0xff, 0xff,
0xb8, 0xc0, 0xff, 0xff, 0xb8, 0xc0, 0xff, 0xff, 0xb8, 0xc0, 0xff, 0xff, 0xb8, 0xc0, 0xff, 0xff,
0xb8, 0xc0, 0xff, 0xff, 0xb8, 0xc0, 0xff, 0xff, 0xb8, 0xc0, 0xff, 0xff, 0xb8, 0xc0, 0xff, 0xfd,
0xb8, 0xc0, 0xff, 0x64, 0xb8, 0xc0, 0xff, 0x00, 0xb8, 0xc0, 0xff, 0x00, 0x00, 0x00, 0x00, 0x00,
0x00, 0x00, 0x00, 0x00, 0x00, 0x00, 0x00, 0x00, 0x00, 0x00, 0x00, 0x00, 0x00, 0x00, 0x00, 0x00,
0x00, 0x00, 0x00, 0x00, 0x00, 0x00, 0x00, 0x00, 0x00, 0x00, 0x00, 0x00, 0x00, 0x00, 0x00, 0x00,
0x00, 0x00, 0x00, 0x00, 0x00, 0x00, 0x00, 0x00, 0x00, 0x00, 0x00, 0x00, 0x00, 0x00, 0x00, 0x00,
0x00, 0x00, 0x00, 0x00, 0x00, 0x00, 0x00, 0x00, 0x00, 0x00, 0x00, 0x00, 0x00, 0x00, 0x00, 0x00,
0x00, 0x00, 0x00, 0x00, 0x00, 0x00, 0x00, 0x00, 0x00, 0x00, 0x00, 0x00, 0x00, 0x00, 0x00, 0x00,
0x00, 0x00, 0x00, 0x00, 0x00, 0x00, 0x00, 0x00, 0x00, 0x00, 0x00, 0x00, 0x00, 0x00, 0x00, 0x00,
0x00, 0x00, 0x00, 0x00, 0x00, 0x00, 0x00, 0x00, 0xb8, 0xc0, 0xff, 0x00, 0xb8, 0xc0, 0xff, 0x0d,
0xb8, 0xc0, 0xff, 0xbb, 0xb8, 0xc0, 0xff, 0xff, 0xb8, 0xc0, 0xff, 0xff, 0xb8, 0xc0, 0xff, 0xff,
0xb8, 0xc0, 0xff, 0xff, 0xb8, 0xc0, 0xff, 0xff, 0xb8, 0xc0, 0xff, 0xff, 0xb8, 0xc0, 0xff, 0xff,
0xb8, 0xc0, 0xff, 0xff, 0xb8, 0xc0, 0xff, 0xff, 0xb8, 0xc0, 0xff, 0xff, 0xb8, 0xc0, 0xff, 0xff,
0xb8, 0xc0, 0xff, 0xff, 0xb8, 0xc0, 0xff, 0xff, 0xb8, 0xc0, 0xff, 0xff, 0xb8, 0xc0, 0xff, 0xff,
0xb8, 0xc0, 0xff, 0xff, 0xb8, 0xc0, 0xff, 0xff, 0xb8, 0xc0, 0xff, 0xff, 0xb8, 0xc0, 0xff, 0xff,
0xb8, 0xc0, 0xff, 0xff, 0xb8, 0xc0, 0xff, 0xff, 0xb8, 0xc0, 0xff, 0xff, 0xb8, 0xc0, 0xff, 0xff,
0xb8, 0xc0, 0xff, 0xff, 0xb8, 0xc0, 0xff, 0xff, 0xb8, 0xc0, 0xff, 0xff, 0xb8, 0xc0, 0xff, 0xff,
0xb8, 0xc0, 0xff, 0xff, 0xb8, 0xc0, 0xff, 0xff, 0xb8, 0xc0, 0xff, 0xff, 0xb8, 0xc0, 0xff, 0xff,
0xb8, 0xc0, 0xff, 0xff, 0xb8, 0xc0, 0xff, 0xff, 0xb8, 0xc0, 0xff, 0xff, 0xb8, 0xc0, 0xff, 0xff,
0xb8, 0xc0, 0xff, 0xff, 0xb8, 0xc0, 0xff, 0xff, 0xb8, 0xc0, 0xff, 0xff, 0xb8, 0xc0, 0xff, 0xff,
0xb8, 0xc0, 0xff, 0xff, 0xb8, 0xc0, 0xff, 0xff, 0xb8, 0xc0, 0xff, 0xff, 0xb8, 0xc0, 0xff, 0xff,
0xb8, 0xc0, 0xff, 0xff, 0xb8, 0xc0, 0xff, 0xff, 0xb8, 0xc0, 0xff, 0xff, 0xb8, 0xc0, 0xff, 0xff,
0xb8, 0xc0, 0xff, 0xff, 0xb8, 0xc0, 0xff, 0xff, 0xb8, 0xc0, 0xff, 0xff, 0xb8, 0xc0, 0xff, 0xff,
0xb8, 0xc0, 0xff, 0xff, 0xb8, 0xc0, 0xff, 0xff, 0xb8, 0xc0, 0xff, 0xff, 0xb8, 0xc0, 0xff, 0xff,
0xb8, 0xc0, 0xff, 0xff, 0xb8, 0xc0, 0xff, 0xff, 0xb8, 0xc0, 0xff, 0xff, 0xb8, 0xc0, 0xff, 0xff,
0xb8, 0xc0, 0xff, 0xff, 0xb8, 0xc0, 0xff, 0xff, 0xb8, 0xc0, 0xff, 0xff, 0xb8, 0xc0, 0xff, 0xff,
0xb8, 0xc0, 0xff, 0xff, 0xb8, 0xc0, 0xff, 0xff, 0xb8, 0xc0, 0xff, 0xff, 0xb8, 0xc0, 0xff, 0xff,
0xb8, 0xc0, 0xff, 0xff, 0xb8, 0xc0, 0xff, 0xff, 0xb8, 0xc0, 0xff, 0xff, 0xb8, 0xc0, 0xff, 0xff,
0xb8, 0xc0, 0xff, 0xff, 0xb8, 0xc0, 0xff, 0xff, 0xb8, 0xc0, 0xff, 0xff, 0xb8, 0xc0, 0xff, 0xff,
0xb8, 0xc0, 0xff, 0xff, 0xb8, 0xc0, 0xff, 0xff, 0xb8, 0xc0, 0xff, 0xff, 0xb8, 0xc0, 0xff, 0xff,
0xb8, 0xc0, 0xff, 0xff, 0xb8, 0xc0, 0xff, 0xff, 0xb8, 0xc0, 0xff, 0xff, 0xb8, 0xc0, 0xff, 0xff,
0xb8, 0xc0, 0xff, 0xff, 0xb8, 0xc0, 0xff, 0xff, 0xb8, 0xc0, 0xff, 0xff, 0xb8, 0xc0, 0xff, 0xff,
0xb8, 0xc0, 0xff, 0xff, 0xb8, 0xc0, 0xff, 0xff, 0xb8, 0xc0, 0xff, 0xff, 0xb8, 0xc0, 0xff, 0xff,
0xb8, 0xc0, 0xff, 0xff, 0xb8, 0xc0, 0xff, 0xff, 0xb8, 0xc0, 0xff, 0xff, 0xb8, 0xc0, 0xff, 0xd6,
0xb8, 0xc0, 0xff, 0x1e, 0xb8, 0xc0, 0xff, 0x00, 0x00, 0x00, 0x00, 0x00, 0x00, 0x00, 0x00, 0x00,
0x00, 0x00, 0x00, 0x00, 0x00, 0x00, 0x00, 0x00, 0x00, 0x00, 0x00, 0x00, 0x00, 0x00, 0x00, 0x00,
0x00, 0x00, 0x00, 0x00, 0x00, 0x00, 0x00, 0x00, 0x00, 0x00, 0x00, 0x00, 0x00, 0x00, 0x00, 0x00,
0x00, 0x00, 0x00, 0x00, 0x00, 0x00, 0x00, 0x00, 0x00, 0x00, 0x00, 0x00, 0x00, 0x00, 0x00, 0x00,
0x00, 0x00, 0x00, 0x00, 0x00, 0x00, 0x00, 0x00, 0x00, 0x00, 0x00, 0x00, 0x00, 0x00, 0x00, 0x00,
0x00, 0x00, 0x00, 0x00, 0x00, 0x00, 0x00, 0x00, 0x00, 0x00, 0x00, 0x00, 0x00, 0x00, 0x00, 0x00,
0x00, 0x00, 0x00, 0x00, 0x00, 0x00, 0x00, 0x00, 0x00, 0x00, 0x00, 0x00, 0x00, 0x00, 0x00, 0x00,
0x00, 0x00, 0x00, 0x00, 0x00, 0x00, 0x00, 0x00, 0xb8, 0xc0, 0xff, 0x00, 0xb8, 0xc0, 0xff, 0x00,
0xb8, 0xc0, 0xff, 0x5c, 0xb8, 0xc0, 0xff, 0xfa, 0xb8, 0xc0, 0xff, 0xff, 0xb8, 0xc0, 0xff, 0xff,
0xb8, 0xc0, 0xff, 0xff, 0xb8, 0xc0, 0xff, 0xff, 0xb8, 0xc0, 0xff, 0xff, 0xb8, 0xc0, 0xff, 0xff,
0xb8, 0xc0, 0xff, 0xff, 0xb8, 0xc0, 0xff, 0xff, 0xb8, 0xc0, 0xff, 0xff, 0xb8, 0xc0, 0xff, 0xff,
0xb8, 0xc0, 0xff, 0xff, 0xb8, 0xc0, 0xff, 0xff, 0xb8, 0xc0, 0xff, 0xff, 0xb8, 0xc0, 0xff, 0xff,
0xb8, 0xc0, 0xff, 0xff, 0xb8, 0xc0, 0xff, 0xff, 0xb8, 0xc0, 0xff, 0xff, 0xb8, 0xc0, 0xff, 0xff,
0xb8, 0xc0, 0xff, 0xff, 0xb8, 0xc0, 0xff, 0xff, 0xb8, 0xc0, 0xff, 0xff, 0xb8, 0xc0, 0xff, 0xff,
0xb8, 0xc0, 0xff, 0xff, 0xb8, 0xc0, 0xff, 0xff, 0xb8, 0xc0, 0xff, 0xff, 0xb8, 0xc0, 0xff, 0xff,
0xb8, 0xc0, 0xff, 0xff, 0xb8, 0xc0, 0xff, 0xff, 0xb8, 0xc0, 0xff, 0xff, 0xb8, 0xc0, 0xff, 0xff,
0xb8, 0xc0, 0xff, 0xff, 0xb8, 0xc0, 0xff, 0xff, 0xb8, 0xc0, 0xff, 0xff, 0xb8, 0xc0, 0xff, 0xff,
0xb8, 0xc0, 0xff, 0xff, 0xb8, 0xc0, 0xff, 0xff, 0xb8, 0xc0, 0xff, 0xff, 0xb8, 0xc0, 0xff, 0xff,
0xb8, 0xc0, 0xff, 0xff, 0xb8, 0xc0, 0xff, 0xff, 0xb8, 0xc0, 0xff, 0xff, 0xb8, 0xc0, 0xff, 0xff,
0xb8, 0xc0, 0xff, 0xff, 0xb8, 0xc0, 0xff, 0xff, 0xb8, 0xc0, 0xff, 0xff, 0xb8, 0xc0, 0xff, 0xff,
0xb8, 0xc0, 0xff, 0xff, 0xb8, 0xc0, 0xff, 0xff, 0xb8, 0xc0, 0xff, 0xff, 0xb8, 0xc0, 0xff, 0xff,
0xb8, 0xc0, 0xff, 0xff, 0xb8, 0xc0, 0xff, 0xff, 0xb8, 0xc0, 0xff, 0xff, 0xb8, 0xc0, 0xff, 0xff,
0xb8, 0xc0, 0xff, 0xff, 0xb8, 0xc0, 0xff, 0xff, 0xb8, 0xc0, 0xff, 0xff, 0xb8, 0xc0, 0xff, 0xff,
0xb8, 0xc0, 0xff, 0xff, 0xb8, 0xc0, 0xff, 0xff, 0xb8, 0xc0, 0xff, 0xff, 0xb8, 0xc0, 0xff, 0xff,
0xb8, 0xc0, 0xff, 0xff, 0xb8, 0xc0, 0xff, 0xff, 0xb8, 0xc0, 0xff, 0xff, 0xb8, 0xc0, 0xff, 0xff,
0xb8, 0xc0, 0xff, 0xff, 0xb8, 0xc0, 0xff, 0xff, 0xb8, 0xc0, 0xff, 0xff, 0xb8, 0xc0, 0xff, 0xff,
0xb8, 0xc0, 0xff, 0xff, 0xb8, 0xc0, 0xff, 0xff, 0xb8, 0xc0, 0xff, 0xff, 0xb8, 0xc0, 0xff, 0xff,
0xb8, 0xc0, 0xff, 0xff, 0xb8, 0xc0, 0xff, 0xff, 0xb8, 0xc0, 0xff, 0xff, 0xb8, 0xc0, 0xff, 0xff,
0xb8, 0xc0, 0xff, 0xff, 0xb8, 0xc0, 0xff, 0xff, 0xb8, 0xc0, 0xff, 0xff, 0xb8, 0xc0, 0xff, 0xff,
0xb8, 0xc0, 0xff, 0xff, 0xb8, 0xc0, 0xff, 0xff, 0xb8, 0xc0, 0xff, 0xff, 0xb8, 0xc0, 0xff, 0xff,
0xb8, 0xc0, 0xff, 0xff, 0xb8, 0xc0, 0xff, 0xff, 0xb8, 0xc0, 0xff, 0xff, 0xb8, 0xc0, 0xff, 0xff,
0xb8, 0xc0, 0xff, 0xff, 0xb8, 0xc0, 0xff, 0xff, 0xb8, 0xc0, 0xff, 0xff, 0xb8, 0xc0, 0xff, 0x7f,
0xb8, 0xc0, 0xff, 0x00, 0xb8, 0xc0, 0xff, 0x00, 0x00, 0x00, 0x00, 0x00, 0x00, 0x00, 0x00, 0x00,
0x00, 0x00, 0x00, 0x00, 0x00, 0x00, 0x00, 0x00, 0x00, 0x00, 0x00, 0x00, 0x00, 0x00, 0x00, 0x00,
0x00, 0x00, 0x00, 0x00, 0x00, 0x00, 0x00, 0x00, 0x00, 0x00, 0x00, 0x00, 0x00, 0x00, 0x00, 0x00,
0x00, 0x00, 0x00, 0x00, 0x00, 0x00, 0x00, 0x00, 0x00, 0x00, 0x00, 0x00, 0x00, 0x00, 0x00, 0x00,
0x00, 0x00, 0x00, 0x00, 0x00, 0x00, 0x00, 0x00, 0x00, 0x00, 0x00, 0x00, 0x00, 0x00, 0x00, 0x00,
0x00, 0x00, 0x00, 0x00, 0x00, 0x00, 0x00, 0x00, 0x00, 0x00, 0x00, 0x00, 0x00, 0x00, 0x00, 0x00,
0x00, 0x00, 0x00, 0x00, 0x00, 0x00, 0x00, 0x00, 0x00, 0x00, 0x00, 0x00, 0x00, 0x00, 0x00, 0x00,
0x00, 0x00, 0x00, 0x00, 0x00, 0x00, 0x00, 0x00, 0x00, 0x00, 0x00, 0x00, 0xb8, 0xc0, 0xff, 0x00,
0xb8, 0xc0, 0xff, 0x10, 0xb8, 0xc0, 0xff, 0xbd, 0xb8, 0xc0, 0xff, 0xff, 0xb8, 0xc0, 0xff, 0xff,
0xb8, 0xc0, 0xff, 0xff, 0xb8, 0xc0, 0xff, 0xff, 0xb8, 0xc0, 0xff, 0xff, 0xb8, 0xc0, 0xff, 0xff,
0xb8, 0xc0, 0xff, 0xff, 0xb8, 0xc0, 0xff, 0xff, 0xb8, 0xc0, 0xff, 0xff, 0xb8, 0xc0, 0xff, 0xff,
0xb8, 0xc0, 0xff, 0xff, 0xb8, 0xc0, 0xff, 0xff, 0xb8, 0xc0, 0xff, 0xff, 0xb8, 0xc0, 0xff, 0xff,
0xb8, 0xc0, 0xff, 0xff, 0xb8, 0xc0, 0xff, 0xff, 0xb8, 0xc0, 0xff, 0xff, 0xb8, 0xc0, 0xff, 0xff,
0xb8, 0xc0, 0xff, 0xff, 0xb8, 0xc0, 0xff, 0xff, 0xb8, 0xc0, 0xff, 0xff, 0xb8, 0xc0, 0xff, 0xff,
0xb8, 0xc0, 0xff, 0xff, 0xb8, 0xc0, 0xff, 0xff, 0xb8, 0xc0, 0xff, 0xff, 0xb8, 0xc0, 0xff, 0xff,
0xb8, 0xc0, 0xff, 0xff, 0xb8, 0xc0, 0xff, 0xff, 0xb8, 0xc0, 0xff, 0xff, 0xb8, 0xc0, 0xff, 0xff,
0xb8, 0xc0, 0xff, 0xff, 0xb8, 0xc0, 0xff, 0xff, 0xb8, 0xc0, 0xff, 0xff, 0xb8, 0xc0, 0xff, 0xff,
0xb8, 0xc0, 0xff, 0xff, 0xb8, 0xc0, 0xff, 0xff, 0xb8, 0xc0, 0xff, 0xff, 0xb8, 0xc0, 0xff, 0xff,
0xb8, 0xc0, 0xff, 0xff, 0xb8, 0xc0, 0xff, 0xff, 0xb8, 0xc0, 0xff, 0xff, 0xb8, 0xc0, 0xff, 0xff,
0xb8, 0xc0, 0xff, 0xff, 0xb8, 0xc0, 0xff, 0xff, 0xb8, 0xc0, 0xff, 0xff, 0xb8, 0xc0, 0xff, 0xff,
0xb8, 0xc0, 0xff, 0xff, 0xb8, 0xc0, 0xff, 0xff, 0xb8, 0xc0, 0xff, 0xff, 0xb8, 0xc0, 0xff, 0xff,
0xb8, 0xc0, 0xff, 0xff, 0xb8, 0xc0, 0xff, 0xff, 0xb8, 0xc0, 0xff, 0xff, 0xb8, 0xc0, 0xff, 0xff,
0xb8, 0xc0, 0xff, 0xff, 0xb8, 0xc0, 0xff, 0xff, 0xb8, 0xc0, 0xff, 0xff, 0xb8, 0xc0, 0xff, 0xff,
0xb8, 0xc0, 0xff, 0xff, 0xb8, 0xc0, 0xff, 0xff, 0xb8, 0xc0, 0xff, 0xff, 0xb8, 0xc0, 0xff, 0xff,
0xb8, 0xc0, 0xff, 0xff, 0xb8, 0xc0, 0xff, 0xff, 0xb8, 0xc0, 0xff, 0xff, 0xb8, 0xc0, 0xff, 0xff,
0xb8, 0xc0, 0xff, 0xff, 0xb8, 0xc0, 0xff, 0xff, 0xb8, 0xc0, 0xff, 0xff, 0xb8, 0xc0, 0xff, 0xff,
0xb8, 0xc0, 0xff, 0xff, 0xb8, 0xc0, 0xff, 0xff, 0xb8, 0xc0, 0xff, 0xff, 0xb8, 0xc0, 0xff, 0xff,
0xb8, 0xc0, 0xff, 0xff, 0xb8, 0xc0, 0xff, 0xff, 0xb8, 0xc0, 0xff, 0xff, 0xb8, 0xc0, 0xff, 0xff,
0xb8, 0xc0, 0xff, 0xff, 0xb8, 0xc0, 0xff, 0xff, 0xb8, 0xc0, 0xff, 0xff, 0xb8, 0xc0, 0xff, 0xff,
0xb8, 0xc0, 0xff, 0xff, 0xb8, 0xc0, 0xff, 0xff, 0xb8, 0xc0, 0xff, 0xff, 0xb8, 0xc0, 0xff, 0xff,
0xb8, 0xc0, 0xff, 0xff, 0xb8, 0xc0, 0xff, 0xff, 0xb8, 0xc0, 0xff, 0xff, 0xb8, 0xc0, 0xff, 0xff,
0xb8, 0xc0, 0xff, 0xff, 0xb8, 0xc0, 0xff, 0xff, 0xb8, 0xc0, 0xff, 0xd7, 0xb8, 0xc0, 0xff, 0x22,
0xb8, 0xc0, 0xff, 0x00, 0x00, 0x00, 0x00, 0x00, 0x00, 0x00, 0x00, 0x00, 0x00, 0x00, 0x00, 0x00,
0x00, 0x00, 0x00, 0x00, 0x00, 0x00, 0x00, 0x00, 0x00, 0x00, 0x00, 0x00, 0x00, 0x00, 0x00, 0x00,
0x00, 0x00, 0x00, 0x00, 0x00, 0x00, 0x00, 0x00, 0x00, 0x00, 0x00, 0x00, 0x00, 0x00, 0x00, 0x00,
0x00, 0x00, 0x00, 0x00, 0x00, 0x00, 0x00, 0x00, 0x00, 0x00, 0x00, 0x00, 0x00, 0x00, 0x00, 0x00,
0x00, 0x00, 0x00, 0x00, 0x00, 0x00, 0x00, 0x00, 0x00, 0x00, 0x00, 0x00, 0x00, 0x00, 0x00, 0x00,
0x00, 0x00, 0x00, 0x00, 0x00, 0x00, 0x00, 0x00, 0x00, 0x00, 0x00, 0x00, 0x00, 0x00, 0x00, 0x00,
0x00, 0x00, 0x00, 0x00, 0x00, 0x00, 0x00, 0x00, 0x00, 0x00, 0x00, 0x00, 0x00, 0x00, 0x00, 0x00,
0x00, 0x00, 0x00, 0x00, 0x00, 0x00, 0x00, 0x00, 0x00, 0x00, 0x00, 0x00, 0xb8, 0xc0, 0xff, 0x00,
0xb8, 0xc0, 0xff, 0x00, 0xb8, 0xc0, 0xff, 0x4d, 0xb8, 0xc0, 0xff, 0xf2, 0xb8, 0xc0, 0xff, 0xff,
0xb8, 0xc0, 0xff, 0xff, 0xb8, 0xc0, 0xff, 0xff, 0xb8, 0xc0, 0xff, 0xff, 0xb8, 0xc0, 0xff, 0xff,
0xb8, 0xc0, 0xff, 0xff, 0xb8, 0xc0, 0xff, 0xff, 0xb8, 0xc0, 0xff, 0xff, 0xb8, 0xc0, 0xff, 0xff,
0xb8, 0xc0, 0xff, 0xff, 0xb8, 0xc0, 0xff, 0xff, 0xb8, 0xc0, 0xff, 0xff, 0xb8, 0xc0, 0xff, 0xff,
0xb8, 0xc0, 0xff, 0xff, 0xb8, 0xc0, 0xff, 0xff, 0xb8, 0xc0, 0xff, 0xff, 0xb8, 0xc0, 0xff, 0xff,
0xb8, 0xc0, 0xff, 0xff, 0xb8, 0xc0, 0xff, 0xff, 0xb8, 0xc0, 0xff, 0xff, 0xb8, 0xc0, 0xff, 0xff,
0xb8, 0xc0, 0xff, 0xff, 0xb8, 0xc0, 0xff, 0xff, 0xb8, 0xc0, 0xff, 0xff, 0xb8, 0xc0, 0xff, 0xff,
0xb8, 0xc0, 0xff, 0xff, 0xb8, 0xc0, 0xff, 0xff, 0xb8, 0xc0, 0xff, 0xff, 0xb8, 0xc0, 0xff, 0xff,
0xb8, 0xc0, 0xff, 0xff, 0xb8, 0xc0, 0xff, 0xff, 0xb8, 0xc0, 0xff, 0xff, 0xb8, 0xc0, 0xff, 0xff,
0xb8, 0xc0, 0xff, 0xff, 0xb8, 0xc0, 0xff, 0xff, 0xb8, 0xc0, 0xff, 0xff, 0xb8, 0xc0, 0xff, 0xff,
0xb8, 0xc0, 0xff, 0xff, 0xb8, 0xc0, 0xff, 0xff, 0xb8, 0xc0, 0xff, 0xff, 0xb8, 0xc0, 0xff, 0xff,
0xb8, 0xc0, 0xff, 0xff, 0xb8, 0xc0, 0xff, 0xff, 0xb8, 0xc0, 0xff, 0xff, 0xb8, 0xc0, 0xff, 0xff,
0xb8, 0xc0, 0xff, 0xff, 0xb8, 0xc0, 0xff, 0xff, 0xb8, 0xc0, 0xff, 0xff, 0xb8, 0xc0, 0xff, 0xff,
0xb8, 0xc0, 0xff, 0xff, 0xb8, 0xc0, 0xff, 0xff, 0xb8, 0xc0, 0xff, 0xff, 0xb8, 0xc0, 0xff, 0xff,
0xb8, 0xc0, 0xff, 0xff, 0xb8, 0xc0, 0xff, 0xff, 0xb8, 0xc0, 0xff, 0xff, 0xb8, 0xc0, 0xff, 0xff,
0xb8, 0xc0, 0xff, 0xff, 0xb8, 0xc0, 0xff, 0xff, 0xb8, 0xc0, 0xff, 0xff, 0xb8, 0xc0, 0xff, 0xff,
0xb8, 0xc0, 0xff, 0xff, 0xb8, 0xc0, 0xff, 0xff, 0xb8, 0xc0, 0xff, 0xff, 0xb8, 0xc0, 0xff, 0xff,
0xb8, 0xc0, 0xff, 0xff, 0xb8, 0xc0, 0xff, 0xff, 0xb8, 0xc0, 0xff, 0xff, 0xb8, 0xc0, 0xff, 0xff,
0xb8, 0xc0, 0xff, 0xff, 0xb8, 0xc0, 0xff, 0xff, 0xb8, 0xc0, 0xff, 0xff, 0xb8, 0xc0, 0xff, 0xff,
0xb8, 0xc0, 0xff, 0xff, 0xb8, 0xc0, 0xff, 0xff, 0xb8, 0xc0, 0xff, 0xff, 0xb8, 0xc0, 0xff, 0xff,
0xb8, 0xc0, 0xff, 0xff, 0xb8, 0xc0, 0xff, 0xff, 0xb8, 0xc0, 0xff, 0xff, 0xb8, 0xc0, 0xff, 0xff,
0xb8, 0xc0, 0xff, 0xff, 0xb8, 0xc0, 0xff, 0xff, 0xb8, 0xc0, 0xff, 0xff, 0xb8, 0xc0, 0xff, 0xff,
0xb8, 0xc0, 0xff, 0xff, 0xb8, 0xc0, 0xff, 0xff, 0xb8, 0xc0, 0xff, 0xff, 0xb8, 0xc0, 0xff, 0xff,
0xb8, 0xc0, 0xff, 0xff, 0xb8, 0xc0, 0xff, 0xfc, 0xb8, 0xc0, 0xff, 0x6d, 0xb8, 0xc0, 0xff, 0x00,
0xb8, 0xc0, 0xff, 0x00, 0x00, 0x00, 0x00, 0x00, 0x00, 0x00, 0x00, 0x00, 0x00, 0x00, 0x00, 0x00,
0x00, 0x00, 0x00, 0x00, 0x00, 0x00, 0x00, 0x00, 0x00, 0x00, 0x00, 0x00, 0x00, 0x00, 0x00, 0x00,
0x00, 0x00, 0x00, 0x00, 0x00, 0x00, 0x00, 0x00, 0x00, 0x00, 0x00, 0x00, 0x00, 0x00, 0x00, 0x00,
0x00, 0x00, 0x00, 0x00, 0x00, 0x00, 0x00, 0x00, 0x00, 0x00, 0x00, 0x00, 0x00, 0x00, 0x00, 0x00,
0x00, 0x00, 0x00, 0x00, 0x00, 0x00, 0x00, 0x00, 0x00, 0x00, 0x00, 0x00, 0x00, 0x00, 0x00, 0x00,
0x00, 0x00, 0x00, 0x00, 0x00, 0x00, 0x00, 0x00, 0x00, 0x00, 0x00, 0x00, 0x00, 0x00, 0x00, 0x00,
0x00, 0x00, 0x00, 0x00, 0x00, 0x00, 0x00, 0x00, 0x00, 0x00, 0x00, 0x00, 0x00, 0x00, 0x00, 0x00,
0x00, 0x00, 0x00, 0x00, 0x00, 0x00, 0x00, 0x00, 0x00, 0x00, 0x00, 0x00, 0x00, 0x00, 0x00, 0x00,
0xb8, 0xc0, 0xff, 0x00, 0xb8, 0xc0, 0xff, 0x05, 0xb8, 0xc0, 0xff, 0x95, 0xb8, 0xc0, 0xff, 0xff,
0xb8, 0xc0, 0xff, 0xff, 0xb8, 0xc0, 0xff, 0xff, 0xb8, 0xc0, 0xff, 0xff, 0xb8, 0xc0, 0xff, 0xff,
0xb8, 0xc0, 0xff, 0xff, 0xb8, 0xc0, 0xff, 0xff, 0xb8, 0xc0, 0xff, 0xff, 0xb8, 0xc0, 0xff, 0xff,
0xb8, 0xc0, 0xff, 0xff, 0xb8, 0xc0, 0xff, 0xff, 0xb8, 0xc0, 0xff, 0xff, 0xb8, 0xc0, 0xff, 0xff,
0xb8, 0xc0, 0xff, 0xff, 0xb8, 0xc0, 0xff, 0xff, 0xb8, 0xc0, 0xff, 0xff, 0xb8, 0xc0, 0xff, 0xff,
0xb8, 0xc0, 0xff, 0xff, 0xb8, 0xc0, 0xff, 0xff, 0xb8, 0xc0, 0xff, 0xff, 0xb8, 0xc0, 0xff, 0xff,
0xb8, 0xc0, 0xff, 0xff, 0xb8, 0xc0, 0xff, 0xff, 0xb8, 0xc0, 0xff, 0xff, 0xb8, 0xc0, 0xff, 0xff,
0xb8, 0xc0, 0xff, 0xff, 0xb8, 0xc0, 0xff, 0xff, 0xb8, 0xc0, 0xff, 0xff, 0xb8, 0xc0, 0xff, 0xff,
0xb8, 0xc0, 0xff, 0xff, 0xb8, 0xc0, 0xff, 0xff, 0xb8, 0xc0, 0xff, 0xff, 0xb8, 0xc0, 0xff, 0xff,
0xb8, 0xc0, 0xff, 0xff, 0xb8, 0xc0, 0xff, 0xff, 0xb8, 0xc0, 0xff, 0xff, 0xb8, 0xc0, 0xff, 0xff,
0xb8, 0xc0, 0xff, 0xff, 0xb8, 0xc0, 0xff, 0xff, 0xb8, 0xc0, 0xff, 0xff, 0xb8, 0xc0, 0xff, 0xff,
0xb8, 0xc0, 0xff, 0xff, 0xb8, 0xc0, 0xff, 0xff, 0xb8, 0xc0, 0xff, 0xff, 0xb8, 0xc0, 0xff, 0xff,
0xb8, 0xc0, 0xff, 0xff, 0xb8, 0xc0, 0xff, 0xff, 0xb8, 0xc0, 0xff, 0xff, 0xb8, 0xc0, 0xff, 0xff,
0xb8, 0xc0, 0xff, 0xff, 0xb8, 0xc0, 0xff, 0xff, 0xb8, 0xc0, 0xff, 0xff, 0xb8, 0xc0, 0xff, 0xff,
0xb8, 0xc0, 0xff, 0xff, 0xb8, 0xc0, 0xff, 0xff, 0xb8, 0xc0, 0xff, 0xff, 0xb8, 0xc0, 0xff, 0xff,
0xb8, 0xc0, 0xff, 0xff, 0xb8, 0xc0, 0xff, 0xff, 0xb8, 0xc0, 0xff, 0xff, 0xb8, 0xc0, 0xff, 0xff,
0xb8, 0xc0, 0xff, 0xff, 0xb8, 0xc0, 0xff, 0xff, 0xb8, 0xc0, 0xff, 0xff, 0xb8, 0xc0, 0xff, 0xff,
0xb8, 0xc0, 0xff, 0xff, 0xb8, 0xc0, 0xff, 0xff, 0xb8, 0xc0, 0xff, 0xff, 0xb8, 0xc0, 0xff, 0xff,
0xb8, 0xc0, 0xff, 0xff, 0xb8, 0xc0, 0xff, 0xff, 0xb8, 0xc0, 0xff, 0xff, 0xb8, 0xc0, 0xff, 0xff,
0xb8, 0xc0, 0xff, 0xff, 0xb8, 0xc0, 0xff, 0xff, 0xb8, 0xc0, 0xff, 0xff, 0xb8, 0xc0, 0xff, 0xff,
0xb8, 0xc0, 0xff, 0xff, 0xb8, 0xc0, 0xff, 0xff, 0xb8, 0xc0, 0xff, 0xff, 0xb8, 0xc0, 0xff, 0xff,
0xb8, 0xc0, 0xff, 0xff, 0xb8, 0xc0, 0xff, 0xff, 0xb8, 0xc0, 0xff, 0xff, 0xb8, 0xc0, 0xff, 0xff,
0xb8, 0xc0, 0xff, 0xff, 0xb8, 0xc0, 0xff, 0xff, 0xb8, 0xc0, 0xff, 0xff, 0xb8, 0xc0, 0xff, 0xff,
0xb8, 0xc0, 0xff, 0xff, 0xb8, 0xc0, 0xff, 0xb4, 0xb8, 0xc0, 0xff, 0x10, 0xb8, 0xc0, 0xff, 0x00,
0x00, 0x00, 0x00, 0x00, 0x00, 0x00, 0x00, 0x00, 0x00, 0x00, 0x00, 0x00, 0x00, 0x00, 0x00, 0x00,
0x00, 0x00, 0x00, 0x00, 0x00, 0x00, 0x00, 0x00, 0x00, 0x00, 0x00, 0x00, 0x00, 0x00, 0x00, 0x00,
0x00, 0x00, 0x00, 0x00, 0x00, 0x00, 0x00, 0x00, 0x00, 0x00, 0x00, 0x00, 0x00, 0x00, 0x00, 0x00,
0x00, 0x00, 0x00, 0x00, 0x00, 0x00, 0x00, 0x00, 0x00, 0x00, 0x00, 0x00, 0x00, 0x00, 0x00, 0x00,
0x00, 0x00, 0x00, 0x00, 0x00, 0x00, 0x00, 0x00, 0x00, 0x00, 0x00, 0x00, 0x00, 0x00, 0x00, 0x00,
0x00, 0x00, 0x00, 0x00, 0x00, 0x00, 0x00, 0x00, 0x00, 0x00, 0x00, 0x00, 0x00, 0x00, 0x00, 0x00,
0x00, 0x00, 0x00, 0x00, 0x00, 0x00, 0x00, 0x00, 0x00, 0x00, 0x00, 0x00, 0x00, 0x00, 0x00, 0x00,
0x00, 0x00, 0x00, 0x00, 0x00, 0x00, 0x00, 0x00, 0x00, 0x00, 0x00, 0x00, 0x00, 0x00, 0x00, 0x00,
0x00, 0x00, 0x00, 0x00, 0xb8, 0xc0, 0xff, 0x00, 0xb8, 0xc0, 0xff, 0x1e, 0xb8, 0xc0, 0xff, 0xc8,
0xb8, 0xc0, 0xff, 0xff, 0xb8, 0xc0, 0xff, 0xff, 0xb8, 0xc0, 0xff, 0xff, 0xb8, 0xc0, 0xff, 0xff,
0xb8, 0xc0, 0xff, 0xff, 0xb8, 0xc0, 0xff, 0xff, 0xb8, 0xc0, 0xff, 0xff, 0xb8, 0xc0, 0xff, 0xff,
0xb8, 0xc0, 0xff, 0xff, 0xb8, 0xc0, 0xff, 0xff, 0xb8, 0xc0, 0xff, 0xff, 0xb8, 0xc0, 0xff, 0xff,
0xb8, 0xc0, 0xff, 0xff, 0xb8, 0xc0, 0xff, 0xff, 0xb8, 0xc0, 0xff, 0xff, 0xb8, 0xc0, 0xff, 0xff,
0xb8, 0xc0, 0xff, 0xff, 0xb8, 0xc0, 0xff, 0xff, 0xb8, 0xc0, 0xff, 0xff, 0xb8, 0xc0, 0xff, 0xff,
0xb8, 0xc0, 0xff, 0xff, 0xb8, 0xc0, 0xff, 0xff, 0xb8, 0xc0, 0xff, 0xff, 0xb8, 0xc0, 0xff, 0xff,
0xb8, 0xc0, 0xff, 0xff, 0xb8, 0xc0, 0xff, 0xff, 0xb8, 0xc0, 0xff, 0xff, 0xb8, 0xc0, 0xff, 0xff,
0xb8, 0xc0, 0xff, 0xff, 0xb8, 0xc0, 0xff, 0xff, 0xb8, 0xc0, 0xff, 0xff, 0xb8, 0xc0, 0xff, 0xff,
0xb8, 0xc0, 0xff, 0xff, 0xb8, 0xc0, 0xff, 0xff, 0xb8, 0xc0, 0xff, 0xff, 0xb8, 0xc0, 0xff, 0xff,
0xb8, 0xc0, 0xff, 0xff, 0xb8, 0xc0, 0xff, 0xff, 0xb8, 0xc0, 0xff, 0xff, 0xb8, 0xc0, 0xff, 0xff,
0xb8, 0xc0, 0xff, 0xff, 0xb8, 0xc0, 0xff, 0xff, 0xb8, 0xc0, 0xff, 0xff, 0xb8, 0xc0, 0xff, 0xff,
0xb8, 0xc0, 0xff, 0xff, 0xb8, 0xc0, 0xff, 0xff, 0xb8, 0xc0, 0xff, 0xff, 0xb8, 0xc0, 0xff, 0xff,
0xb8, 0xc0, 0xff, 0xff, 0xb8, 0xc0, 0xff, 0xff, 0xb8, 0xc0, 0xff, 0xff, 0xb8, 0xc0, 0xff, 0xff,
0xb8, 0xc0, 0xff, 0xff, 0xb8, 0xc0, 0xff, 0xff, 0xb8, 0xc0, 0xff, 0xff, 0xb8, 0xc0, 0xff, 0xff,
0xb8, 0xc0, 0xff, 0xff, 0xb8, 0xc0, 0xff, 0xff, 0xb8, 0xc0, 0xff, 0xff, 0xb8, 0xc0, 0xff, 0xff,
0xb8, 0xc0, 0xff, 0xff, 0xb8, 0xc0, 0xff, 0xff, 0xb8, 0xc0, 0xff, 0xff, 0xb8, 0xc0, 0xff, 0xff,
0xb8, 0xc0, 0xff, 0xff, 0xb8, 0xc0, 0xff, 0xff, 0xb8, 0xc0, 0xff, 0xff, 0xb8, 0xc0, 0xff, 0xff,
0xb8, 0xc0, 0xff, 0xff, 0xb8, 0xc0, 0xff, 0xff, 0xb8, 0xc0, 0xff, 0xff, 0xb8, 0xc0, 0xff, 0xff,
0xb8, 0xc0, 0xff, 0xff, 0xb8, 0xc0, 0xff, 0xff, 0xb8, 0xc0, 0xff, 0xff, 0xb8, 0xc0, 0xff, 0xff,
0xb8, 0xc0, 0xff, 0xff, 0xb8, 0xc0, 0xff, 0xff, 0xb8, 0xc0, 0xff, 0xff, 0xb8, 0xc0, 0xff, 0xff,
0xb8, 0xc0, 0xff, 0xff, 0xb8, 0xc0, 0xff, 0xff, 0xb8, 0xc0, 0xff, 0xff, 0xb8, 0xc0, 0xff, 0xff,
0xb8, 0xc0, 0xff, 0xff, 0xb8, 0xc0, 0xff, 0xff, 0xb8, 0xc0, 0xff, 0xff, 0xb8, 0xc0, 0xff, 0xff,
0xb8, 0xc0, 0xff, 0xdf, 0xb8, 0xc0, 0xff, 0x34, 0xb8, 0xc0, 0xff, 0x00, 0xb8, 0xc0, 0xff, 0x00,
0x00, 0x00, 0x00, 0x00, 0x00, 0x00, 0x00, 0x00, 0x00, 0x00, 0x00, 0x00, 0x00, 0x00, 0x00, 0x00,
0x00, 0x00, 0x00, 0x00, 0x00, 0x00, 0x00, 0x00, 0x00, 0x00, 0x00, 0x00, 0x00, 0x00, 0x00, 0x00,
0x00, 0x00, 0x00, 0x00, 0x00, 0x00, 0x00, 0x00, 0x00, 0x00, 0x00, 0x00, 0x00, 0x00, 0x00, 0x00,
0x00, 0x00, 0x00, 0x00, 0x00, 0x00, 0x00, 0x00, 0x00, 0x00, 0x00, 0x00, 0x00, 0x00, 0x00, 0x00,
0x00, 0x00, 0x00, 0x00, 0x00, 0x00, 0x00, 0x00, 0x00, 0x00, 0x00, 0x00, 0x00, 0x00, 0x00, 0x00,
0x00, 0x00, 0x00, 0x00, 0x00, 0x00, 0x00, 0x00, 0x00, 0x00, 0x00, 0x00, 0x00, 0x00, 0x00, 0x00,
0x00, 0x00, 0x00, 0x00, 0x00, 0x00, 0x00, 0x00, 0x00, 0x00, 0x00, 0x00, 0x00, 0x00, 0x00, 0x00,
0x00, 0x00, 0x00, 0x00, 0x00, 0x00, 0x00, 0x00, 0x00, 0x00, 0x00, 0x00, 0x00, 0x00, 0x00, 0x00,
0x00, 0x00, 0x00, 0x00, 0xb8, 0xc0, 0xff, 0x00, 0xb8, 0xc0, 0xff, 0x00, 0xb8, 0xc0, 0xff, 0x3f,
0xb8, 0xc0, 0xff, 0xe3, 0xb8, 0xc0, 0xff, 0xff, 0xb8, 0xc0, 0xff, 0xff, 0xb8, 0xc0, 0xff, 0xff,
0xb8, 0xc0, 0xff, 0xff, 0xb8, 0xc0, 0xff, 0xff, 0xb8, 0xc0, 0xff, 0xff, 0xb8, 0xc0, 0xff, 0xff,
0xb8, 0xc0, 0xff, 0xff, 0xb8, 0xc0, 0xff, 0xff, 0xb8, 0xc0, 0xff, 0xff, 0xb8, 0xc0, 0xff, 0xff,
0xb8, 0xc0, 0xff, 0xff, 0xb8, 0xc0, 0xff, 0xff, 0xb8, 0xc0, 0xff, 0xff, 0xb8, 0xc0, 0xff, 0xff,
0xb8, 0xc0, 0xff, 0xff, 0xb8, 0xc0, 0xff, 0xff, 0xb8, 0xc0, 0xff, 0xff, 0xb8, 0xc0, 0xff, 0xff,
0xb8, 0xc0, 0xff, 0xff, 0xb8, 0xc0, 0xff, 0xff, 0xb8, 0xc0, 0xff, 0xff, 0xb8, 0xc0, 0xff, 0xff,
0xb8, 0xc0, 0xff, 0xff, 0xb8, 0xc0, 0xff, 0xff, 0xb8, 0xc0, 0xff, 0xff, 0xb8, 0xc0, 0xff, 0xff,
0xb8, 0xc0, 0xff, 0xff, 0xb8, 0xc0, 0xff, 0xff, 0xb8, 0xc0, 0xff, 0xff, 0xb8, 0xc0, 0xff, 0xff,
0xb8, 0xc0, 0xff, 0xff, 0xb8, 0xc0, 0xff, 0xff, 0xb8, 0xc0, 0xff, 0xff, 0xb8, 0xc0, 0xff, 0xff,
0xb8, 0xc0, 0xff, 0xff, 0xb8, 0xc0, 0xff, 0xff, 0xb8, 0xc0, 0xff, 0xff, 0xb8, 0xc0, 0xff, 0xff,
0xb8, 0xc0, 0xff, 0xff, 0xb8, 0xc0, 0xff, 0xff, 0xb8, 0xc0, 0xff, 0xff, 0xb8, 0xc0, 0xff, 0xff,
0xb8, 0xc0, 0xff, 0xff, 0xb8, 0xc0, 0xff, 0xff, 0xb8, 0xc0, 0xff, 0xff, 0xb8, 0xc0, 0xff, 0xff,
0xb8, 0xc0, 0xff, 0xff, 0xb8, 0xc0, 0xff, 0xff, 0xb8, 0xc0, 0xff, 0xff, 0xb8, 0xc0, 0xff, 0xff,
0xb8, 0xc0, 0xff, 0xff, 0xb8, 0xc0, 0xff, 0xff, 0xb8, 0xc0, 0xff, 0xff, 0xb8, 0xc0, 0xff, 0xff,
0xb8, 0xc0, 0xff, 0xff, 0xb8, 0xc0, 0xff, 0xff, 0xb8, 0xc0, 0xff, 0xff, 0xb8, 0xc0, 0xff, 0xff,
0xb8, 0xc0, 0xff, 0xff, 0xb8, 0xc0, 0xff, 0xff, 0xb8, 0xc0, 0xff, 0xff, 0xb8, 0xc0, 0xff, 0xff,
0xb8, 0xc0, 0xff, 0xff, 0xb8, 0xc0, 0xff, 0xff, 0xb8, 0xc0, 0xff, 0xff, 0xb8, 0xc0, 0xff, 0xff,
0xb8, 0xc0, 0xff, 0xff, 0xb8, 0xc0, 0xff, 0xff, 0xb8, 0xc0, 0xff, 0xff, 0xb8, 0xc0, 0xff, 0xff,
0xb8, 0xc0, 0xff, 0xff, 0xb8, 0xc0, 0xff, 0xff, 0xb8, 0xc0, 0xff, 0xff, 0xb8, 0xc0, 0xff, 0xff,
0xb8, 0xc0, 0xff, 0xff, 0xb8, 0xc0, 0xff, 0xff, 0xb8, 0xc0, 0xff, 0xff, 0xb8, 0xc0, 0xff, 0xff,
0xb8, 0xc0, 0xff, 0xff, 0xb8, 0xc0, 0xff, 0xff, 0xb8, 0xc0, 0xff, 0xff, 0xb8, 0xc0, 0xff, 0xff,
0xb8, 0xc0, 0xff, 0xff, 0xb8, 0xc0, 0xff, 0xff, 0xb8, 0xc0, 0xff, 0xff, 0xb8, 0xc0, 0xff, 0xf1,
0xb8, 0xc0, 0xff, 0x5b, 0xb8, 0xc0, 0xff, 0x00, 0xb8, 0xc0, 0xff, 0x00, 0x00, 0x00, 0x00, 0x00,
0x00, 0x00, 0x00, 0x00, 0x00, 0x00, 0x00, 0x00, 0x00, 0x00, 0x00, 0x00, 0x00, 0x00, 0x00, 0x00,
0x00, 0x00, 0x00, 0x00, 0x00, 0x00, 0x00, 0x00, 0x00, 0x00, 0x00, 0x00, 0x00, 0x00, 0x00, 0x00,
0x00, 0x00, 0x00, 0x00, 0x00, 0x00, 0x00, 0x00, 0x00, 0x00, 0x00, 0x00, 0x00, 0x00, 0x00, 0x00,
0x00, 0x00, 0x00, 0x00, 0x00, 0x00, 0x00, 0x00, 0x00, 0x00, 0x00, 0x00, 0x00, 0x00, 0x00, 0x00,
0x00, 0x00, 0x00, 0x00, 0x00, 0x00, 0x00, 0x00, 0x00, 0x00, 0x00, 0x00, 0x00, 0x00, 0x00, 0x00,
0x00, 0x00, 0x00, 0x00, 0x00, 0x00, 0x00, 0x00, 0x00, 0x00, 0x00, 0x00, 0x00, 0x00, 0x00, 0x00,
0x00, 0x00, 0x00, 0x00, 0x00, 0x00, 0x00, 0x00, 0x00, 0x00, 0x00, 0x00, 0x00, 0x00, 0x00, 0x00,
0x00, 0x00, 0x00, 0x00, 0x00, 0x00, 0x00, 0x00, 0x00, 0x00, 0x00, 0x00, 0x00, 0x00, 0x00, 0x00,
0x00, 0x00, 0x00, 0x00, 0x00, 0x00, 0x00, 0x00, 0xb8, 0xc0, 0xff, 0x00, 0xb8, 0xc0, 0xff, 0x00,
0xb8, 0xc0, 0xff, 0x59, 0xb8, 0xc0, 0xff, 0xec, 0xb8, 0xc0, 0xff, 0xff, 0xb8, 0xc0, 0xff, 0xff,
0xb8, 0xc0, 0xff, 0xff, 0xb8, 0xc0, 0xff, 0xff, 0xb8, 0xc0, 0xff, 0xff, 0xb8, 0xc0, 0xff, 0xff,
0xb8, 0xc0, 0xff, 0xff, 0xb8, 0xc0, 0xff, 0xff, 0xb8, 0xc0, 0xff, 0xff, 0xb8, 0xc0, 0xff, 0xff,
0xb8, 0xc0, 0xff, 0xff, 0xb8, 0xc0, 0xff, 0xff, 0xb8, 0xc0, 0xff, 0xff, 0xb8, 0xc0, 0xff, 0xff,
0xb8, 0xc0, 0xff, 0xff, 0xb8, 0xc0, 0xff, 0xff, 0xb8, 0xc0, 0xff, 0xff, 0xb8, 0xc0, 0xff, 0xff,
0xb8, 0xc0, 0xff, 0xff, 0xb8, 0xc0, 0xff, 0xff, 0xb8, 0xc0, 0xff, 0xff, 0xb8, 0xc0, 0xff, 0xff,
0xb8, 0xc0, 0xff, 0xff, 0xb8, 0xc0, 0xff, 0xff, 0xb8, 0xc0, 0xff, 0xff, 0xb8, 0xc0, 0xff, 0xff,
0xb8, 0xc0, 0xff, 0xff, 0xb8, 0xc0, 0xff, 0xff, 0xb8, 0xc0, 0xff, 0xff, 0xb8, 0xc0, 0xff, 0xff,
0xb8, 0xc0, 0xff, 0xff, 0xb8, 0xc0, 0xff, 0xff, 0xb8, 0xc0, 0xff, 0xff, 0xb8, 0xc0, 0xff, 0xff,
0xb8, 0xc0, 0xff, 0xff, 0xb8, 0xc0, 0xff, 0xff, 0xb8, 0xc0, 0xff, 0xff, 0xb8, 0xc0, 0xff, 0xff,
0xb8, 0xc0, 0xff, 0xff, 0xb8, 0xc0, 0xff, 0xff, 0xb8, 0xc0, 0xff, 0xff, 0xb8, 0xc0, 0xff, 0xff,
0xb8, 0xc0, 0xff, 0xff, 0xb8, 0xc0, 0xff, 0xff, 0xb8, 0xc0, 0xff, 0xff, 0xb8, 0xc0, 0xff, 0xff,
0xb8, 0xc0, 0xff, 0xff, 0xb8, 0xc0, 0xff, 0xff, 0xb8, 0xc0, 0xff, 0xff, 0xb8, 0xc0, 0xff, 0xff,
0xb8, 0xc0, 0xff, 0xff, 0xb8, 0xc0, 0xff, 0xff, 0xb8, 0xc0, 0xff, 0xff, 0xb8, 0xc0, 0xff, 0xff,
0xb8, 0xc0, 0xff, 0xff, 0xb8, 0xc0, 0xff, 0xff, 0xb8, 0xc0, 0xff, 0xff, 0xb8, 0xc0, 0xff, 0xff,
0xb8, 0xc0, 0xff, 0xff, 0xb8, 0xc0, 0xff, 0xff, 0xb8, 0xc0, 0xff, 0xff, 0xb8, 0xc0, 0xff, 0xff,
0xb8, 0xc0, 0xff, 0xff, 0xb8, 0xc0, 0xff, 0xff, 0xb8, 0xc0, 0xff, 0xff, 0xb8, 0xc0, 0xff, 0xff,
0xb8, 0xc0, 0xff, 0xff, 0xb8, 0xc0, 0xff, 0xff, 0xb8, 0xc0, 0xff, 0xff, 0xb8, 0xc0, 0xff, 0xff,
0xb8, 0xc0, 0xff, 0xff, 0xb8, 0xc0, 0xff, 0xff, 0xb8, 0xc0, 0xff, 0xff, 0xb8, 0xc0, 0xff, 0xff,
0xb8, 0xc0, 0xff, 0xff, 0xb8, 0xc0, 0xff, 0xff, 0xb8, 0xc0, 0xff, 0xff, 0xb8, 0xc0, 0xff, 0xff,
0xb8, 0xc0, 0xff, 0xff, 0xb8, 0xc0, 0xff, 0xff, 0xb8, 0xc0, 0xff, 0xff, 0xb8, 0xc0, 0xff, 0xff,
0xb8, 0xc0, 0xff, 0xff, 0xb8, 0xc0, 0xff, 0xff, 0xb8, 0xc0, 0xff, 0xf7, 0xb8, 0xc0, 0xff, 0x76,
0xb8, 0xc0, 0xff, 0x03, 0xb8, 0xc0, 0xff, 0x00, 0x00, 0x00, 0x00, 0x00, 0x00, 0x00, 0x00, 0x00,
0x00, 0x00, 0x00, 0x00, 0x00, 0x00, 0x00, 0x00, 0x00, 0x00, 0x00, 0x00, 0x00, 0x00, 0x00, 0x00,
0x00, 0x00, 0x00, 0x00, 0x00, 0x00, 0x00, 0x00, 0x00, 0x00, 0x00, 0x00, 0x00, 0x00, 0x00, 0x00,
0x00, 0x00, 0x00, 0x00, 0x00, 0x00, 0x00, 0x00, 0x00, 0x00, 0x00, 0x00, 0x00, 0x00, 0x00, 0x00,
0x00, 0x00, 0x00, 0x00, 0x00, 0x00, 0x00, 0x00, 0x00, 0x00, 0x00, 0x00, 0x00, 0x00, 0x00, 0x00,
0x00, 0x00, 0x00, 0x00, 0x00, 0x00, 0x00, 0x00, 0x00, 0x00, 0x00, 0x00, 0x00, 0x00, 0x00, 0x00,
0x00, 0x00, 0x00, 0x00, 0x00, 0x00, 0x00, 0x00, 0x00, 0x00, 0x00, 0x00, 0x00, 0x00, 0x00, 0x00,
0x00, 0x00, 0x00, 0x00, 0x00, 0x00, 0x00, 0x00, 0x00, 0x00, 0x00, 0x00, 0x00, 0x00, 0x00, 0x00,
0x00, 0x00, 0x00, 0x00, 0x00, 0x00, 0x00, 0x00, 0x00, 0x00, 0x00, 0x00, 0x00, 0x00, 0x00, 0x00,
0x00, 0x00, 0x00, 0x00, 0x00, 0x00, 0x00, 0x00, 0x00, 0x00, 0x00, 0x00, 0xb8, 0xc0, 0xff, 0x00,
0xb8, 0xc0, 0xff, 0x01, 0xb8, 0xc0, 0xff, 0x61, 0xb8, 0xc0, 0xff, 0xed, 0xb8, 0xc0, 0xff, 0xff,
0xb8, 0xc0, 0xff, 0xff, 0xb8, 0xc0, 0xff, 0xff, 0xb8, 0xc0, 0xff, 0xff, 0xb8, 0xc0, 0xff, 0xff,
0xb8, 0xc0, 0xff, 0xff, 0xb8, 0xc0, 0xff, 0xff, 0xb8, 0xc0, 0xff, 0xff, 0xb8, 0xc0, 0xff, 0xff,
0xb8, 0xc0, 0xff, 0xff, 0xb8, 0xc0, 0xff, 0xff, 0xb8, 0xc0, 0xff, 0xff, 0xb8, 0xc0, 0xff, 0xff,
0xb8, 0xc0, 0xff, 0xff, 0xb8, 0xc0, 0xff, 0xff, 0xb8, 0xc0, 0xff, 0xff, 0xb8, 0xc0, 0xff, 0xff,
0xb8, 0xc0, 0xff, 0xff, 0xb8, 0xc0, 0xff, 0xff, 0xb8, 0xc0, 0xff, 0xff, 0xb8, 0xc0, 0xff, 0xff,
0xb8, 0xc0, 0xff, 0xff, 0xb8, 0xc0, 0xff, 0xff, 0xb8, 0xc0, 0xff, 0xff, 0xb8, 0xc0, 0xff, 0xff,
0xb8, 0xc0, 0xff, 0xff, 0xb8, 0xc0, 0xff, 0xff, 0xb8, 0xc0, 0xff, 0xff, 0xb8, 0xc0, 0xff, 0xff,
0xb8, 0xc0, 0xff, 0xff, 0xb8, 0xc0, 0xff, 0xff, 0xb8, 0xc0, 0xff, 0xff, 0xb8, 0xc0, 0xff, 0xff,
0xb8, 0xc0, 0xff, 0xff, 0xb8, 0xc0, 0xff, 0xff, 0xb8, 0xc0, 0xff, 0xff, 0xb8, 0xc0, 0xff, 0xff,
0xb8, 0xc0, 0xff, 0xff, 0xb8, 0xc0, 0xff, 0xff, 0xb8, 0xc0, 0xff, 0xff, 0xb8, 0xc0, 0xff, 0xff,
0xb8, 0xc0, 0xff, 0xff, 0xb8, 0xc0, 0xff, 0xff, 0xb8, 0xc0, 0xff, 0xff, 0xb8, 0xc0, 0xff, 0xff,
0xb8, 0xc0, 0xff, 0xff, 0xb8, 0xc0, 0xff, 0xff, 0xb8, 0xc0, 0xff, 0xff, 0xb8, 0xc0, 0xff, 0xff,
0xb8, 0xc0, 0xff, 0xff, 0xb8, 0xc0, 0xff, 0xff, 0xb8, 0xc0, 0xff, 0xff, 0xb8, 0xc0, 0xff, 0xff,
0xb8, 0xc0, 0xff, 0xff, 0xb8, 0xc0, 0xff, 0xff, 0xb8, 0xc0, 0xff, 0xff, 0xb8, 0xc0, 0xff, 0xff,
0xb8, 0xc0, 0xff, 0xff, 0xb8, 0xc0, 0xff, 0xff, 0xb8, 0xc0, 0xff, 0xff, 0xb8, 0xc0, 0xff, 0xff,
0xb8, 0xc0, 0xff, 0xff, 0xb8, 0xc0, 0xff, 0xff, 0xb8, 0xc0, 0xff, 0xff, 0xb8, 0xc0, 0xff, 0xff,
0xb8, 0xc0, 0xff, 0xff, 0xb8, 0xc0, 0xff, 0xff, 0xb8, 0xc0, 0xff, 0xff, 0xb8, 0xc0, 0xff, 0xff,
0xb8, 0xc0, 0xff, 0xff, 0xb8, 0xc0, 0xff, 0xff, 0xb8, 0xc0, 0xff, 0xff, 0xb8, 0xc0, 0xff, 0xff,
0xb8, 0xc0, 0xff, 0xff, 0xb8, 0xc0, 0xff, 0xff, 0xb8, 0xc0, 0xff, 0xff, 0xb8, 0xc0, 0xff, 0xff,
0xb8, 0xc0, 0xff, 0xff, 0xb8, 0xc0, 0xff, 0xff, 0xb8, 0xc0, 0xff, 0xff, 0xb8, 0xc0, 0xff, 0xff,
0xb8, 0xc0, 0xff, 0xff, 0xb8, 0xc0, 0xff, 0xf7, 0xb8, 0xc0, 0xff, 0x7e, 0xb8, 0xc0, 0xff, 0x07,
0xb8, 0xc0, 0xff, 0x00, 0x00, 0x00, 0x00, 0x00, 0x00, 0x00, 0x00, 0x00, 0x00, 0x00, 0x00, 0x00,
0x00, 0x00, 0x00, 0x00, 0x00, 0x00, 0x00, 0x00, 0x00, 0x00, 0x00, 0x00, 0x00, 0x00, 0x00, 0x00,
0x00, 0x00, 0x00, 0x00, 0x00, 0x00, 0x00, 0x00, 0x00, 0x00, 0x00, 0x00, 0x00, 0x00, 0x00, 0x00,
0x00, 0x00, 0x00, 0x00, 0x00, 0x00, 0x00, 0x00, 0x00, 0x00, 0x00, 0x00, 0x00, 0x00, 0x00, 0x00,
0x00, 0x00, 0x00, 0x00, 0x00, 0x00, 0x00, 0x00, 0x00, 0x00, 0x00, 0x00, 0x00, 0x00, 0x00, 0x00,
0x00, 0x00, 0x00, 0x00, 0x00, 0x00, 0x00, 0x00, 0x00, 0x00, 0x00, 0x00, 0x00, 0x00, 0x00, 0x00,
0x00, 0x00, 0x00, 0x00, 0x00, 0x00, 0x00, 0x00, 0x00, 0x00, 0x00, 0x00, 0x00, 0x00, 0x00, 0x00,
0x00, 0x00, 0x00, 0x00, 0x00, 0x00, 0x00, 0x00, 0x00, 0x00, 0x00, 0x00, 0x00, 0x00, 0x00, 0x00,
0x00, 0x00, 0x00, 0x00, 0x00, 0x00, 0x00, 0x00, 0x00, 0x00, 0x00, 0x00, 0x00, 0x00, 0x00, 0x00,
0x00, 0x00, 0x00, 0x00, 0x00, 0x00, 0x00, 0x00, 0x00, 0x00, 0x00, 0x00, 0x00, 0x00, 0x00, 0x00,
0xb8, 0xc0, 0xff, 0x00, 0xb8, 0xc0, 0xff, 0x02, 0xb8, 0xc0, 0xff, 0x5b, 0xb8, 0xc0, 0xff, 0xe6,
0xb8, 0xc0, 0xff, 0xff, 0xb8, 0xc0, 0xff, 0xff, 0xb8, 0xc0, 0xff, 0xff, 0xb8, 0xc0, 0xff, 0xff,
0xb8, 0xc0, 0xff, 0xff, 0xb8, 0xc0, 0xff, 0xff, 0xb8, 0xc0, 0xff, 0xff, 0xb8, 0xc0, 0xff, 0xff,
0xb8, 0xc0, 0xff, 0xff, 0xb8, 0xc0, 0xff, 0xff, 0xb8, 0xc0, 0xff, 0xff, 0xb8, 0xc0, 0xff, 0xff,
0xb8, 0xc0, 0xff, 0xff, 0xb8, 0xc0, 0xff, 0xff, 0xb8, 0xc0, 0xff, 0xff, 0xb8, 0xc0, 0xff, 0xff,
0xb8, 0xc0, 0xff, 0xff, 0xb8, 0xc0, 0xff, 0xff, 0xb8, 0xc0, 0xff, 0xff, 0xb8, 0xc0, 0xff, 0xff,
0xb8, 0xc0, 0xff, 0xff, 0xb8, 0xc0, 0xff, 0xff, 0xb8, 0xc0, 0xff, 0xff, 0xb8, 0xc0, 0xff, 0xff,
0xb8, 0xc0, 0xff, 0xff, 0xb8, 0xc0, 0xff, 0xff, 0xb8, 0xc0, 0xff, 0xff, 0xb8, 0xc0, 0xff, 0xff,
0xb8, 0xc0, 0xff, 0xff, 0xb8, 0xc0, 0xff, 0xff, 0xb8, 0xc0, 0xff, 0xff, 0xb8, 0xc0, 0xff, 0xff,
0xb8, 0xc0, 0xff, 0xff, 0xb8, 0xc0, 0xff, 0xff, 0xb8, 0xc0, 0xff, 0xff, 0xb8, 0xc0, 0xff, 0xff,
0xb8, 0xc0, 0xff, 0xff, 0xb8, 0xc0, 0xff, 0xff, 0xb8, 0xc0, 0xff, 0xff, 0xb8, 0xc0, 0xff, 0xff,
0xb8, 0xc0, 0xff, 0xff, 0xb8, 0xc0, 0xff, 0xff, 0xb8, 0xc0, 0xff, 0xff, 0xb8, 0xc0, 0xff, 0xff,
0xb8, 0xc0, 0xff, 0xff, 0xb8, 0xc0, 0xff, 0xff, 0xb8, 0xc0, 0xff, 0xff, 0xb8, 0xc0, 0xff, 0xff,
0xb8, 0xc0, 0xff, 0xff, 0xb8, 0xc0, 0xff, 0xff, 0xb8, 0xc0, 0xff, 0xff, 0xb8, 0xc0, 0xff, 0xff,
0xb8, 0xc0, 0xff, 0xff, 0xb8, 0xc0, 0xff, 0xff, 0xb8, 0xc0, 0xff, 0xff, 0xb8, 0xc0, 0xff, 0xff,
0xb8, 0xc0, 0xff, 0xff, 0xb8, 0xc0, 0xff, 0xff, 0xb8, 0xc0, 0xff, 0xff, 0xb8, 0xc0, 0xff, 0xff,
0xb8, 0xc0, 0xff, 0xff, 0xb8, 0xc0, 0xff, 0xff, 0xb8, 0xc0, 0xff, 0xff, 0xb8, 0xc0, 0xff, 0xff,
0xb8, 0xc0, 0xff, 0xff, 0xb8, 0xc0, 0xff, 0xff, 0xb8, 0xc0, 0xff, 0xff, 0xb8, 0xc0, 0xff, 0xff,
0xb8, 0xc0, 0xff, 0xff, 0xb8, 0xc0, 0xff, 0xff, 0xb8, 0xc0, 0xff, 0xff, 0xb8, 0xc0, 0xff, 0xff,
0xb8, 0xc0, 0xff, 0xff, 0xb8, 0xc0, 0xff, 0xff, 0xb8, 0xc0, 0xff, 0xff, 0xb8, 0xc0, 0xff, 0xff,
0xb8, 0xc0, 0xff, 0xff, 0xb8, 0xc0, 0xff, 0xff, 0xb8, 0xc0, 0xff, 0xff, 0xb8, 0xc0, 0xff, 0xff,
0xb8, 0xc0, 0xff, 0xf1, 0xb8, 0xc0, 0xff, 0x76, 0xb8, 0xc0, 0xff, 0x07, 0xb8, 0xc0, 0xff, 0x00,
0x00, 0x00, 0x00, 0x00, 0x00, 0x00, 0x00, 0x00, 0x00, 0x00, 0x00, 0x00, 0x00, 0x00, 0x00, 0x00,
0x00, 0x00, 0x00, 0x00, 0x00, 0x00, 0x00, 0x00, 0x00, 0x00, 0x00, 0x00, 0x00, 0x00, 0x00, 0x00,
0x00, 0x00, 0x00, 0x00, 0x00, 0x00, 0x00, 0x00, 0x00, 0x00, 0x00, 0x00, 0x00, 0x00, 0x00, 0x00,
0x00, 0x00, 0x00, 0x00, 0x00, 0x00, 0x00, 0x00, 0x00, 0x00, 0x00, 0x00, 0x00, 0x00, 0x00, 0x00,
0x00, 0x00, 0x00, 0x00, 0x00, 0x00, 0x00, 0x00, 0x00, 0x00, 0x00, 0x00, 0x00, 0x00, 0x00, 0x00,
0x00, 0x00, 0x00, 0x00, 0x00, 0x00, 0x00, 0x00, 0x00, 0x00, 0x00, 0x00, 0x00, 0x00, 0x00, 0x00,
0x00, 0x00, 0x00, 0x00, 0x00, 0x00, 0x00, 0x00, 0x00, 0x00, 0x00, 0x00, 0x00, 0x00, 0x00, 0x00,
0x00, 0x00, 0x00, 0x00, 0x00, 0x00, 0x00, 0x00, 0x00, 0x00, 0x00, 0x00, 0x00, 0x00, 0x00, 0x00,
0x00, 0x00, 0x00, 0x00, 0x00, 0x00, 0x00, 0x00, 0x00, 0x00, 0x00, 0x00, 0x00, 0x00, 0x00, 0x00,
0x00, 0x00, 0x00, 0x00, 0x00, 0x00, 0x00, 0x00, 0x00, 0x00, 0x00, 0x00, 0x00, 0x00, 0x00, 0x00,
0x00, 0x00, 0x00, 0x00, 0xb8, 0xc0, 0xff, 0x00, 0xb8, 0xc0, 0xff, 0x00, 0xb8, 0xc0, 0xff, 0x43,
0xb8, 0xc0, 0xff, 0xcf, 0xb8, 0xc0, 0xff, 0xff, 0xb8, 0xc0, 0xff, 0xff, 0xb8, 0xc0, 0xff, 0xff,
0xb8, 0xc0, 0xff, 0xff, 0xb8, 0xc0, 0xff, 0xff, 0xb8, 0xc0, 0xff, 0xff, 0xb8, 0xc0, 0xff, 0xff,
0xb8, 0xc0, 0xff, 0xff, 0xb8, 0xc0, 0xff, 0xff, 0xb8, 0xc0, 0xff, 0xff, 0xb8, 0xc0, 0xff, 0xff,
0xb8, 0xc0, 0xff, 0xff, 0xb8, 0xc0, 0xff, 0xff, 0xb8, 0xc0, 0xff, 0xff, 0xb8, 0xc0, 0xff, 0xff,
0xb8, 0xc0, 0xff, 0xff, 0xb8, 0xc0, 0xff, 0xff, 0xb8, 0xc0, 0xff, 0xff, 0xb8, 0xc0, 0xff, 0xff,
0xb8, 0xc0, 0xff, 0xff, 0xb8, 0xc0, 0xff, 0xff, 0xb8, 0xc0, 0xff, 0xff, 0xb8, 0xc0, 0xff, 0xff,
0xb8, 0xc0, 0xff, 0xff, 0xb8, 0xc0, 0xff, 0xff, 0xb8, 0xc0, 0xff, 0xff, 0xb8, 0xc0, 0xff, 0xff,
0xb8, 0xc0, 0xff, 0xff, 0xb8, 0xc0, 0xff, 0xff, 0xb8, 0xc0, 0xff, 0xff, 0xb8, 0xc0, 0xff, 0xff,
0xb8, 0xc0, 0xff, 0xff, 0xb8, 0xc0, 0xff, 0xff, 0xb8, 0xc0, 0xff, 0xff, 0xb8, 0xc0, 0xff, 0xff,
0xb8, 0xc0, 0xff, 0xff, 0xb8, 0xc0, 0xff, 0xff, 0xb8, 0xc0, 0xff, 0xff, 0xb8, 0xc0, 0xff, 0xff,
0xb8, 0xc0, 0xff, 0xff, 0xb8, 0xc0, 0xff, 0xff, 0xb8, 0xc0, 0xff, 0xff, 0xb8, 0xc0, 0xff, 0xff,
0xb8, 0xc0, 0xff, 0xff, 0xb8, 0xc0, 0xff, 0xff, 0xb8, 0xc0, 0xff, 0xff, 0xb8, 0xc0, 0xff, 0xff,
0xb8, 0xc0, 0xff, 0xff, 0xb8, 0xc0, 0xff, 0xff, 0xb8, 0xc0, 0xff, 0xff, 0xb8, 0xc0, 0xff, 0xff,
0xb8, 0xc0, 0xff, 0xff, 0xb8, 0xc0, 0xff, 0xff, 0xb8, 0xc0, 0xff, 0xff, 0xb8, 0xc0, 0xff, 0xff,
0xb8, 0xc0, 0xff, 0xff, 0xb8, 0xc0, 0xff, 0xff, 0xb8, 0xc0, 0xff, 0xff, 0xb8, 0xc0, 0xff, 0xff,
0xb8, 0xc0, 0xff, 0xff, 0xb8, 0xc0, 0xff, 0xff, 0xb8, 0xc0, 0xff, 0xff, 0xb8, 0xc0, 0xff, 0xff,
0xb8, 0xc0, 0xff, 0xff, 0xb8, 0xc0, 0xff, 0xff, 0xb8, 0xc0, 0xff, 0xff, 0xb8, 0xc0, 0xff, 0xff,
0xb8, 0xc0, 0xff, 0xff, 0xb8, 0xc0, 0xff, 0xff, 0xb8, 0xc0, 0xff, 0xff, 0xb8, 0xc0, 0xff, 0xff,
0xb8, 0xc0, 0xff, 0xff, 0xb8, 0xc0, 0xff, 0xff, 0xb8, 0xc0, 0xff, 0xff, 0xb8, 0xc0, 0xff, 0xff,
0xb8, 0xc0, 0xff, 0xff, 0xb8, 0xc0, 0xff, 0xff, 0xb8, 0xc0, 0xff, 0xff, 0xb8, 0xc0, 0xff, 0xdf,
0xb8, 0xc0, 0xff, 0x5a, 0xb8, 0xc0, 0xff, 0x03, 0xb8, 0xc0, 0xff, 0x00, 0x00, 0x00, 0x00, 0x00,
0x00, 0x00, 0x00, 0x00, 0x00, 0x00, 0x00, 0x00, 0x00, 0x00, 0x00, 0x00, 0x00, 0x00, 0x00, 0x00,
0x00, 0x00, 0x00, 0x00, 0x00, 0x00, 0x00, 0x00, 0x00, 0x00, 0x00, 0x00, 0x00, 0x00, 0x00, 0x00,
0x00, 0x00, 0x00, 0x00, 0x00, 0x00, 0x00, 0x00, 0x00, 0x00, 0x00, 0x00, 0x00, 0x00, 0x00, 0x00,
0x00, 0x00, 0x00, 0x00, 0x00, 0x00, 0x00, 0x00, 0x00, 0x00, 0x00, 0x00, 0x00, 0x00, 0x00, 0x00,
0x00, 0x00, 0x00, 0x00, 0x00, 0x00, 0x00, 0x00, 0x00, 0x00, 0x00, 0x00, 0x00, 0x00, 0x00, 0x00,
0x00, 0x00, 0x00, 0x00, 0x00, 0x00, 0x00, 0x00, 0x00, 0x00, 0x00, 0x00, 0x00, 0x00, 0x00, 0x00,
0x00, 0x00, 0x00, 0x00, 0x00, 0x00, 0x00, 0x00, 0x00, 0x00, 0x00, 0x00, 0x00, 0x00, 0x00, 0x00,
0x00, 0x00, 0x00, 0x00, 0x00, 0x00, 0x00, 0x00, 0x00, 0x00, 0x00, 0x00, 0x00, 0x00, 0x00, 0x00,
0x00, 0x00, 0x00, 0x00, 0x00, 0x00, 0x00, 0x00, 0x00, 0x00, 0x00, 0x00, 0x00, 0x00, 0x00, 0x00,
0x00, 0x00, 0x00, 0x00, 0x00, 0x00, 0x00, 0x00, 0x00, 0x00, 0x00, 0x00, 0x00, 0x00, 0x00, 0x00,
0x00, 0x00, 0x00, 0x00, 0x00, 0x00, 0x00, 0x00, 0xb8, 0xc0, 0xff, 0x00, 0xb8, 0xc0, 0xff, 0x00,
0xb8, 0xc0, 0xff, 0x23, 0xb8, 0xc0, 0xff, 0xa0, 0xb8, 0xc0, 0xff, 0xf6, 0xb8, 0xc0, 0xff, 0xff,
0xb8, 0xc0, 0xff, 0xff, 0xb8, 0xc0, 0xff, 0xff, 0xb8, 0xc0, 0xff, 0xff, 0xb8, 0xc0, 0xff, 0xff,
0xb8, 0xc0, 0xff, 0xff, 0xb8, 0xc0, 0xff, 0xff, 0xb8, 0xc0, 0xff, 0xff, 0xb8, 0xc0, 0xff, 0xff,
0xb8, 0xc0, 0xff, 0xff, 0xb8, 0xc0, 0xff, 0xff, 0xb8, 0xc0, 0xff, 0xff, 0xb8, 0xc0, 0xff, 0xff,
0xb8, 0xc0, 0xff, 0xff, 0xb8, 0xc0, 0xff, 0xff, 0xb8, 0xc0, 0xff, 0xff, 0xb8, 0xc0, 0xff, 0xff,
0xb8, 0xc0, 0xff, 0xff, 0xb8, 0xc0, 0xff, 0xff, 0xb8, 0xc0, 0xff, 0xff, 0xb8, 0xc0, 0xff, 0xff,
0xb8, 0xc0, 0xff, 0xff, 0xb8, 0xc0, 0xff, 0xff, 0xb8, 0xc0, 0xff, 0xff, 0xb8, 0xc0, 0xff, 0xff,
0xb8, 0xc0, 0xff, 0xff, 0xb8, 0xc0, 0xff, 0xff, 0xb8, 0xc0, 0xff, 0xff, 0xb8, 0xc0, 0xff, 0xff,
0xb8, 0xc0, 0xff, 0xff, 0xb8, 0xc0, 0xff, 0xff, 0xb8, 0xc0, 0xff, 0xff, 0xb8, 0xc0, 0xff, 0xff,
0xb8, 0xc0, 0xff, 0xff, 0xb8, 0xc0, 0xff, 0xff, 0xb8, 0xc0, 0xff, 0xff, 0xb8, 0xc0, 0xff, 0xff,
0xb8, 0xc0, 0xff, 0xff, 0xb8, 0xc0, 0xff, 0xff, 0xb8, 0xc0, 0xff, 0xff, 0xb8, 0xc0, 0xff, 0xff,
0xb8, 0xc0, 0xff, 0xff, 0xb8, 0xc0, 0xff, 0xff, 0xb8, 0xc0, 0xff, 0xff, 0xb8, 0xc0, 0xff, 0xff,
0xb8, 0xc0, 0xff, 0xff, 0xb8, 0xc0, 0xff, 0xff, 0xb8, 0xc0, 0xff, 0xff, 0xb8, 0xc0, 0xff, 0xff,
0xb8, 0xc0, 0xff, 0xff, 0xb8, 0xc0, 0xff, 0xff, 0xb8, 0xc0, 0xff, 0xff, 0xb8, 0xc0, 0xff, 0xff,
0xb8, 0xc0, 0xff, 0xff, 0xb8, 0xc0, 0xff, 0xff, 0xb8, 0xc0, 0xff, 0xff, 0xb8, 0xc0, 0xff, 0xff,
0xb8, 0xc0, 0xff, 0xff, 0xb8, 0xc0, 0xff, 0xff, 0xb8, 0xc0, 0xff, 0xff, 0xb8, 0xc0, 0xff, 0xff,
0xb8, 0xc0, 0xff, 0xff, 0xb8, 0xc0, 0xff, 0xff, 0xb8, 0xc0, 0xff, 0xff, 0xb8, 0xc0, 0xff, 0xff,
0xb8, 0xc0, 0xff, 0xff, 0xb8, 0xc0, 0xff, 0xff, 0xb8, 0xc0, 0xff, 0xff, 0xb8, 0xc0, 0xff, 0xff,
0xb8, 0xc0, 0xff, 0xff, 0xb8, 0xc0, 0xff, 0xff, 0xb8, 0xc0, 0xff, 0xff, 0xb8, 0xc0, 0xff, 0xff,
0xb8, 0xc0, 0xff, 0xff, 0xb8, 0xc0, 0xff, 0xfb, 0xb8, 0xc0, 0xff, 0xb5, 0xb8, 0xc0, 0xff, 0x33,
0xb8, 0xc0, 0xff, 0x00, 0xb8, 0xc0, 0xff, 0x00, 0x00, 0x00, 0x00, 0x00, 0x00, 0x00, 0x00, 0x00,
0x00, 0x00, 0x00, 0x00, 0x00, 0x00, 0x00, 0x00, 0x00, 0x00, 0x00, 0x00, 0x00, 0x00, 0x00, 0x00,
0x00, 0x00, 0x00, 0x00, 0x00, 0x00, 0x00, 0x00, 0x00, 0x00, 0x00, 0x00, 0x00, 0x00, 0x00, 0x00,
0x00, 0x00, 0x00, 0x00, 0x00, 0x00, 0x00, 0x00, 0x00, 0x00, 0x00, 0x00, 0x00, 0x00, 0x00, 0x00,
0x00, 0x00, 0x00, 0x00, 0x00, 0x00, 0x00, 0x00, 0x00, 0x00, 0x00, 0x00, 0x00, 0x00, 0x00, 0x00,
0x00, 0x00, 0x00, 0x00, 0x00, 0x00, 0x00, 0x00, 0x00, 0x00, 0x00, 0x00, 0x00, 0x00, 0x00, 0x00,
0x00, 0x00, 0x00, 0x00, 0x00, 0x00, 0x00, 0x00, 0x00, 0x00, 0x00, 0x00, 0x00, 0x00, 0x00, 0x00,
0x00, 0x00, 0x00, 0x00, 0x00, 0x00, 0x00, 0x00, 0x00, 0x00, 0x00, 0x00, 0x00, 0x00, 0x00, 0x00,
0x00, 0x00, 0x00, 0x00, 0x00, 0x00, 0x00, 0x00, 0x00, 0x00, 0x00, 0x00, 0x00, 0x00, 0x00, 0x00,
0x00, 0x00, 0x00, 0x00, 0x00, 0x00, 0x00, 0x00, 0x00, 0x00, 0x00, 0x00, 0x00, 0x00, 0x00, 0x00,
0x00, 0x00, 0x00, 0x00, 0x00, 0x00, 0x00, 0x00, 0x00, 0x00, 0x00, 0x00, 0x00, 0x00, 0x00, 0x00,
0x00, 0x00, 0x00, 0x00, 0x00, 0x00, 0x00, 0x00, 0x00, 0x00, 0x00, 0x00, 0x00, 0x00, 0x00, 0x00,
0xb8, 0xc0, 0xff, 0x00, 0xb8, 0xc0, 0xff, 0x08, 0xb8, 0xc0, 0xff, 0x59, 0xb8, 0xc0, 0xff, 0xca,
0xb8, 0xc0, 0xff, 0xfd, 0xb8, 0xc0, 0xff, 0xff, 0xb8, 0xc0, 0xff, 0xff, 0xb8, 0xc0, 0xff, 0xff,
0xb8, 0xc0, 0xff, 0xff, 0xb8, 0xc0, 0xff, 0xff, 0xb8, 0xc0, 0xff, 0xff, 0xb8, 0xc0, 0xff, 0xff,
0xb8, 0xc0, 0xff, 0xff, 0xb8, 0xc0, 0xff, 0xff, 0xb8, 0xc0, 0xff, 0xff, 0xb8, 0xc0, 0xff, 0xff,
0xb8, 0xc0, 0xff, 0xff, 0xb8, 0xc0, 0xff, 0xff, 0xb8, 0xc0, 0xff, 0xff, 0xb8, 0xc0, 0xff, 0xff,
0xb8, 0xc0, 0xff, 0xff, 0xb8, 0xc0, 0xff, 0xff, 0xb8, 0xc0, 0xff, 0xff, 0xb8, 0xc0, 0xff, 0xff,
0xb8, 0xc0, 0xff, 0xff, 0xb8, 0xc0, 0xff, 0xff, 0xb8, 0xc0, 0xff, 0xff, 0xb8, 0xc0, 0xff, 0xff,
0xb8, 0xc0, 0xff, 0xff, 0xb8, 0xc0, 0xff, 0xff, 0xb8, 0xc0, 0xff, 0xff, 0xb8, 0xc0, 0xff, 0xff,
0xb8, 0xc0, 0xff, 0xff, 0xb8, 0xc0, 0xff, 0xff, 0xb8, 0xc0, 0xff, 0xff, 0xb8, 0xc0, 0xff, 0xff,
0xb8, 0xc0, 0xff, 0xff, 0xb8, 0xc0, 0xff, 0xff, 0xb8, 0xc0, 0xff, 0xff, 0xb8, 0xc0, 0xff, 0xff,
0xb8, 0xc0, 0xff, 0xff, 0xb8, 0xc0, 0xff, 0xff, 0xb8, 0xc0, 0xff, 0xff, 0xb8, 0xc0, 0xff, 0xff,
0xb8, 0xc0, 0xff, 0xff, 0xb8, 0xc0, 0xff, 0xff, 0xb8, 0xc0, 0xff, 0xff, 0xb8, 0xc0, 0xff, 0xff,
0xb8, 0xc0, 0xff, 0xff, 0xb8, 0xc0, 0xff, 0xff, 0xb8, 0xc0, 0xff, 0xff, 0xb8, 0xc0, 0xff, 0xff,
0xb8, 0xc0, 0xff, 0xff, 0xb8, 0xc0, 0xff, 0xff, 0xb8, 0xc0, 0xff, 0xff, 0xb8, 0xc0, 0xff, 0xff,
0xb8, 0xc0, 0xff, 0xff, 0xb8, 0xc0, 0xff, 0xff, 0xb8, 0xc0, 0xff, 0xff, 0xb8, 0xc0, 0xff, 0xff,
0xb8, 0xc0, 0xff, 0xff, 0xb8, 0xc0, 0xff, 0xff, 0xb8, 0xc0, 0xff, 0xff, 0xb8, 0xc0, 0xff, 0xff,
0xb8, 0xc0, 0xff, 0xff, 0xb8, 0xc0, 0xff, 0xff, 0xb8, 0xc0, 0xff, 0xff, 0xb8, 0xc0, 0xff, 0xff,
0xb8, 0xc0, 0xff, 0xff, 0xb8, 0xc0, 0xff, 0xff, 0xb8, 0xc0, 0xff, 0xff, 0xb8, 0xc0, 0xff, 0xff,
0xb8, 0xc0, 0xff, 0xff, 0xb8, 0xc0, 0xff, 0xff, 0xb8, 0xc0, 0xff, 0xff, 0xb8, 0xc0, 0xff, 0xff,
0xb8, 0xc0, 0xff, 0xd8, 0xb8, 0xc0, 0xff, 0x6d, 0xb8, 0xc0, 0xff, 0x0f, 0xb8, 0xc0, 0xff, 0x00,
0xb8, 0xc0, 0xff, 0x00, 0x00, 0x00, 0x00, 0x00, 0x00, 0x00, 0x00, 0x00, 0x00, 0x00, 0x00, 0x00,
0x00, 0x00, 0x00, 0x00, 0x00, 0x00, 0x00, 0x00, 0x00, 0x00, 0x00, 0x00, 0x00, 0x00, 0x00, 0x00,
0x00, 0x00, 0x00, 0x00, 0x00, 0x00, 0x00, 0x00, 0x00, 0x00, 0x00, 0x00, 0x00, 0x00, 0x00, 0x00,
0x00, 0x00, 0x00, 0x00, 0x00, 0x00, 0x00, 0x00, 0x00, 0x00, 0x00, 0x00, 0x00, 0x00, 0x00, 0x00,
0x00, 0x00, 0x00, 0x00, 0x00, 0x00, 0x00, 0x00, 0x00, 0x00, 0x00, 0x00, 0x00, 0x00, 0x00, 0x00,
0x00, 0x00, 0x00, 0x00, 0x00, 0x00, 0x00, 0x00, 0x00, 0x00, 0x00, 0x00, 0x00, 0x00, 0x00, 0x00,
0x00, 0x00, 0x00, 0x00, 0x00, 0x00, 0x00, 0x00, 0x00, 0x00, 0x00, 0x00, 0x00, 0x00, 0x00, 0x00,
0x00, 0x00, 0x00, 0x00, 0x00, 0x00, 0x00, 0x00, 0x00, 0x00, 0x00, 0x00, 0x00, 0x00, 0x00, 0x00,
0x00, 0x00, 0x00, 0x00, 0x00, 0x00, 0x00, 0x00, 0x00, 0x00, 0x00, 0x00, 0x00, 0x00, 0x00, 0x00,
0x00, 0x00, 0x00, 0x00, 0x00, 0x00, 0x00, 0x00, 0x00, 0x00, 0x00, 0x00, 0x00, 0x00, 0x00, 0x00,
0x00, 0x00, 0x00, 0x00, 0x00, 0x00, 0x00, 0x00, 0x00, 0x00, 0x00, 0x00, 0x00, 0x00, 0x00, 0x00,
0x00, 0x00, 0x00, 0x00, 0x00, 0x00, 0x00, 0x00, 0x00, 0x00, 0x00, 0x00, 0x00, 0x00, 0x00, 0x00,
0x00, 0x00, 0x00, 0x00, 0xb8, 0xc0, 0xff, 0x00, 0xb8, 0xc0, 0xff, 0x00, 0xb8, 0xc0, 0xff, 0x17,
0xb8, 0xc0, 0xff, 0x6e, 0xb8, 0xc0, 0xff, 0xcc, 0xb8, 0xc0, 0xff, 0xfa, 0xb8, 0xc0, 0xff, 0xff,
0xb8, 0xc0, 0xff, 0xff, 0xb8, 0xc0, 0xff, 0xff, 0xb8, 0xc0, 0xff, 0xff, 0xb8, 0xc0, 0xff, 0xff,
0xb8, 0xc0, 0xff, 0xff, 0xb8, 0xc0, 0xff, 0xff, 0xb8, 0xc0, 0xff, 0xff, 0xb8, 0xc0, 0xff, 0xff,
0xb8, 0xc0, 0xff, 0xff, 0xb8, 0xc0, 0xff, 0xff, 0xb8, 0xc0, 0xff, 0xff, 0xb8, 0xc0, 0xff, 0xff,
0xb8, 0xc0, 0xff, 0xff, 0xb8, 0xc0, 0xff, 0xff, 0xb8, 0xc0, 0xff, 0xff, 0xb8, 0xc0, 0xff, 0xff,
0xb8, 0xc0, 0xff, 0xff, 0xb8, 0xc0, 0xff, 0xff, 0xb8, 0xc0, 0xff, 0xff, 0xb8, 0xc0, 0xff, 0xff,
0xb8, 0xc0, 0xff, 0xff, 0xb8, 0xc0, 0xff, 0xff, 0xb8, 0xc0, 0xff, 0xff, 0xb8, 0xc0, 0xff, 0xff,
0xb8, 0xc0, 0xff, 0xff, 0xb8, 0xc0, 0xff, 0xff, 0xb8, 0xc0, 0xff, 0xff, 0xb8, 0xc0, 0xff, 0xff,
0xb8, 0xc0, 0xff, 0xff, 0xb8, 0xc0, 0xff, 0xff, 0xb8, 0xc0, 0xff, 0xff, 0xb8, 0xc0, 0xff, 0xff,
0xb8, 0xc0, 0xff, 0xff, 0xb8, 0xc0, 0xff, 0xff, 0xb8, 0xc0, 0xff, 0xff, 0xb8, 0xc0, 0xff, 0xff,
0xb8, 0xc0, 0xff, 0xff, 0xb8, 0xc0, 0xff, 0xff, 0xb8, 0xc0, 0xff, 0xff, 0xb8, 0xc0, 0xff, 0xff,
0xb8, 0xc0, 0xff, 0xff, 0xb8, 0xc0, 0xff, 0xff, 0xb8, 0xc0, 0xff, 0xff, 0xb8, 0xc0, 0xff, 0xff,
0xb8, 0xc0, 0xff, 0xff, 0xb8, 0xc0, 0xff, 0xff, 0xb8, 0xc0, 0xff, 0xff, 0xb8, 0xc0, 0xff, 0xff,
0xb8, 0xc0, 0xff, 0xff, 0xb8, 0xc0, 0xff, 0xff, 0xb8, 0xc0, 0xff, 0xff, 0xb8, 0xc0, 0xff, 0xff,
0xb8, 0xc0, 0xff, 0xff, 0xb8, 0xc0, 0xff, 0xff, 0xb8, 0xc0, 0xff, 0xff, 0xb8, 0xc0, 0xff, 0xff,
0xb8, 0xc0, 0xff, 0xff, 0xb8, 0xc0, 0xff, 0xff, 0xb8, 0xc0, 0xff, 0xff, 0xb8, 0xc0, 0xff, 0xff,
0xb8, 0xc0, 0xff, 0xff, 0xb8, 0xc0, 0xff, 0xff, 0xb8, 0xc0, 0xff, 0xff, 0xb8, 0xc0, 0xff, 0xff,
0xb8, 0xc0, 0xff, 0xff, 0xb8, 0xc0, 0xff, 0xfd, 0xb8, 0xc0, 0xff, 0xd7, 0xb8, 0xc0, 0xff, 0x7f,
0xb8, 0xc0, 0xff, 0x21, 0xb8, 0xc0, 0xff, 0x00, 0xb8, 0xc0, 0xff, 0x00, 0x00, 0x00, 0x00, 0x00,
0x00, 0x00, 0x00, 0x00, 0x00, 0x00, 0x00, 0x00, 0x00, 0x00, 0x00, 0x00, 0x00, 0x00, 0x00, 0x00,
0x00, 0x00, 0x00, 0x00, 0x00, 0x00, 0x00, 0x00, 0x00, 0x00, 0x00, 0x00, 0x00, 0x00, 0x00, 0x00,
0x00, 0x00, 0x00, 0x00, 0x00, 0x00, 0x00, 0x00, 0x00, 0x00, 0x00, 0x00, 0x00, 0x00, 0x00, 0x00,
0x00, 0x00, 0x00, 0x00, 0x00, 0x00, 0x00, 0x00, 0x00, 0x00, 0x00, 0x00, 0x00, 0x00, 0x00, 0x00,
0x00, 0x00, 0x00, 0x00, 0x00, 0x00, 0x00, 0x00, 0x00, 0x00, 0x00, 0x00, 0x00, 0x00, 0x00, 0x00,
0x00, 0x00, 0x00, 0x00, 0x00, 0x00, 0x00, 0x00, 0x00, 0x00, 0x00, 0x00, 0x00, 0x00, 0x00, 0x00,
0x00, 0x00, 0x00, 0x00, 0x00, 0x00, 0x00, 0x00, 0x00, 0x00, 0x00, 0x00, 0x00, 0x00, 0x00, 0x00,
0x00, 0x00, 0x00, 0x00, 0x00, 0x00, 0x00, 0x00, 0x00, 0x00, 0x00, 0x00, 0x00, 0x00, 0x00, 0x00,
0x00, 0x00, 0x00, 0x00, 0x00, 0x00, 0x00, 0x00, 0x00, 0x00, 0x00, 0x00, 0x00, 0x00, 0x00, 0x00,
0x00, 0x00, 0x00, 0x00, 0x00, 0x00, 0x00, 0x00, 0x00, 0x00, 0x00, 0x00, 0x00, 0x00, 0x00, 0x00,
0x00, 0x00, 0x00, 0x00, 0x00, 0x00, 0x00, 0x00, 0x00, 0x00, 0x00, 0x00, 0x00, 0x00, 0x00, 0x00,
0x00, 0x00, 0x00, 0x00, 0x00, 0x00, 0x00, 0x00, 0x00, 0x00, 0x00, 0x00, 0x00, 0x00, 0x00, 0x00,
0x00, 0x00, 0x00, 0x00, 0x00, 0x00, 0x00, 0x00, 0x00, 0x00, 0x00, 0x00, 0xb8, 0xc0, 0xff, 0x00,
0xb8, 0xc0, 0xff, 0x00, 0xb8, 0xc0, 0xff, 0x15, 0xb8, 0xc0, 0xff, 0x56, 0xb8, 0xc0, 0xff, 0xa6,
0xb8, 0xc0, 0xff, 0xe0, 0xb8, 0xc0, 0xff, 0xfb, 0xb8, 0xc0, 0xff, 0xff, 0xb8, 0xc0, 0xff, 0xff,
0xb8, 0xc0, 0xff, 0xff, 0xb8, 0xc0, 0xff, 0xff, 0xb8, 0xc0, 0xff, 0xff, 0xb8, 0xc0, 0xff, 0xff,
0xb8, 0xc0, 0xff, 0xff, 0xb8, 0xc0, 0xff, 0xff, 0xb8, 0xc0, 0xff, 0xff, 0xb8, 0xc0, 0xff, 0xff,
0xb8, 0xc0, 0xff, 0xff, 0xb8, 0xc0, 0xff, 0xff, 0xb8, 0xc0, 0xff, 0xff, 0xb8, 0xc0, 0xff, 0xff,
0xb8, 0xc0, 0xff, 0xff, 0xb8, 0xc0, 0xff, 0xff, 0xb8, 0xc0, 0xff, 0xff, 0xb8, 0xc0, 0xff, 0xff,
0xb8, 0xc0, 0xff, 0xff, 0xb8, 0xc0, 0xff, 0xff, 0xb8, 0xc0, 0xff, 0xff, 0xb8, 0xc0, 0xff, 0xff,
0xb8, 0xc0, 0xff, 0xff, 0xb8, 0xc0, 0xff, 0xff, 0xb8, 0xc0, 0xff, 0xff, 0xb8, 0xc0, 0xff, 0xff,
0xb8, 0xc0, 0xff, 0xff, 0xb8, 0xc0, 0xff, 0xff, 0xb8, 0xc0, 0xff, 0xff, 0xb8, 0xc0, 0xff, 0xff,
0xb8, 0xc0, 0xff, 0xff, 0xb8, 0xc0, 0xff, 0xff, 0xb8, 0xc0, 0xff, 0xff, 0xb8, 0xc0, 0xff, 0xff,
0xb8, 0xc0, 0xff, 0xff, 0xb8, 0xc0, 0xff, 0xff, 0xb8, 0xc0, 0xff, 0xff, 0xb8, 0xc0, 0xff, 0xff,
0xb8, 0xc0, 0xff, 0xff, 0xb8, 0xc0, 0xff, 0xff, 0xb8, 0xc0, 0xff, 0xff, 0xb8, 0xc0, 0xff, 0xff,
0xb8, 0xc0, 0xff, 0xff, 0xb8, 0xc0, 0xff, 0xff, 0xb8, 0xc0, 0xff, 0xff, 0xb8, 0xc0, 0xff, 0xff,
0xb8, 0xc0, 0xff, 0xff, 0xb8, 0xc0, 0xff, 0xff, 0xb8, 0xc0, 0xff, 0xff, 0xb8, 0xc0, 0xff, 0xff,
0xb8, 0xc0, 0xff, 0xff, 0xb8, 0xc0, 0xff, 0xff, 0xb8, 0xc0, 0xff, 0xff, 0xb8, 0xc0, 0xff, 0xff,
0xb8, 0xc0, 0xff, 0xff, 0xb8, 0xc0, 0xff, 0xff, 0xb8, 0xc0, 0xff, 0xff, 0xb8, 0xc0, 0xff, 0xff,
0xb8, 0xc0, 0xff, 0xff, 0xb8, 0xc0, 0xff, 0xff, 0xb8, 0xc0, 0xff, 0xfd, 0xb8, 0xc0, 0xff, 0xe6,
0xb8, 0xc0, 0xff, 0xb2, 0xb8, 0xc0, 0xff, 0x64, 0xb8, 0xc0, 0xff, 0x1d, 0xb8, 0xc0, 0xff, 0x00,
0xb8, 0xc0, 0xff, 0x00, 0x00, 0x00, 0x00, 0x00, 0x00, 0x00, 0x00, 0x00, 0x00, 0x00, 0x00, 0x00,
0x00, 0x00, 0x00, 0x00, 0x00, 0x00, 0x00, 0x00, 0x00, 0x00, 0x00, 0x00, 0x00, 0x00, 0x00, 0x00,
0x00, 0x00, 0x00, 0x00, 0x00, 0x00, 0x00, 0x00, 0x00, 0x00, 0x00, 0x00, 0x00, 0x00, 0x00, 0x00,
0x00, 0x00, 0x00, 0x00, 0x00, 0x00, 0x00, 0x00, 0x00, 0x00, 0x00, 0x00, 0x00, 0x00, 0x00, 0x00,
0x00, 0x00, 0x00, 0x00, 0x00, 0x00, 0x00, 0x00, 0x00, 0x00, 0x00, 0x00, 0x00, 0x00, 0x00, 0x00,
0x00, 0x00, 0x00, 0x00, 0x00, 0x00, 0x00, 0x00, 0x00, 0x00, 0x00, 0x00, 0x00, 0x00, 0x00, 0x00,
0x00, 0x00, 0x00, 0x00, 0x00, 0x00, 0x00, 0x00, 0x00, 0x00, 0x00, 0x00, 0x00, 0x00, 0x00, 0x00,
0x00, 0x00, 0x00, 0x00, 0x00, 0x00, 0x00, 0x00, 0x00, 0x00, 0x00, 0x00, 0x00, 0x00, 0x00, 0x00,
0x00, 0x00, 0x00, 0x00, 0x00, 0x00, 0x00, 0x00, 0x00, 0x00, 0x00, 0x00, 0x00, 0x00, 0x00, 0x00,
0x00, 0x00, 0x00, 0x00, 0x00, 0x00, 0x00, 0x00, 0x00, 0x00, 0x00, 0x00, 0x00, 0x00, 0x00, 0x00,
0x00, 0x00, 0x00, 0x00, 0x00, 0x00, 0x00, 0x00, 0x00, 0x00, 0x00, 0x00, 0x00, 0x00, 0x00, 0x00,
0x00, 0x00, 0x00, 0x00, 0x00, 0x00, 0x00, 0x00, 0x00, 0x00, 0x00, 0x00, 0x00, 0x00, 0x00, 0x00,
0x00, 0x00, 0x00, 0x00, 0x00, 0x00, 0x00, 0x00, 0x00, 0x00, 0x00, 0x00, 0x00, 0x00, 0x00, 0x00,
0x00, 0x00, 0x00, 0x00, 0x00, 0x00, 0x00, 0x00, 0x00, 0x00, 0x00, 0x00, 0x00, 0x00, 0x00, 0x00,
0x00, 0x00, 0x00, 0x00, 0xb8, 0xc0, 0xff, 0x00, 0xb8, 0xc0, 0xff, 0x00, 0xb8, 0xc0, 0xff, 0x04,
0xb8, 0xc0, 0xff, 0x21, 0xb8, 0xc0, 0xff, 0x52, 0xb8, 0xc0, 0xff, 0x86, 0xb8, 0xc0, 0xff, 0xb0,
0xb8, 0xc0, 0xff, 0xce, 0xb8, 0xc0, 0xff, 0xe1, 0xb8, 0xc0, 0xff, 0xe9, 0xb8, 0xc0, 0xff, 0xf0,
0xb8, 0xc0, 0xff, 0xf4, 0xb8, 0xc0, 0xff, 0xf4, 0xb8, 0xc0, 0xff, 0xf4, 0xb8, 0xc0, 0xff, 0xf4,
0xb8, 0xc0, 0xff, 0xf4, 0xb8, 0xc0, 0xff, 0xf4, 0xb8, 0xc0, 0xff, 0xf4, 0xb8, 0xc0, 0xff, 0xf4,
0xb8, 0xc0, 0xff, 0xf4, 0xb8, 0xc0, 0xff, 0xf4, 0xb8, 0xc0, 0xff, 0xf4, 0xb8, 0xc0, 0xff, 0xf4,
0xb8, 0xc0, 0xff, 0xf4, 0xb8, 0xc0, 0xff, 0xf4, 0xb8, 0xc0, 0xff, 0xf4, 0xb8, 0xc0, 0xff, 0xf4,
0xb8, 0xc0, 0xff, 0xf4, 0xb8, 0xc0, 0xff, 0xf4, 0xb8, 0xc0, 0xff, 0xf4, 0xb8, 0xc0, 0xff, 0xf4,
0xb8, 0xc0, 0xff, 0xf4, 0xb8, 0xc0, 0xff, 0xf4, 0xb8, 0xc0, 0xff, 0xf4, 0xb8, 0xc0, 0xff, 0xf4,
0xb8, 0xc0, 0xff, 0xf4, 0xb8, 0xc0, 0xff, 0xf4, 0xb8, 0xc0, 0xff, 0xf4, 0xb8, 0xc0, 0xff, 0xf4,
0xb8, 0xc0, 0xff, 0xf4, 0xb8, 0xc0, 0xff, 0xf4, 0xb8, 0xc0, 0xff, 0xf4, 0xb8, 0xc0, 0xff, 0xf4,
0xb8, 0xc0, 0xff, 0xf4, 0xb8, 0xc0, 0xff, 0xf4, 0xb8, 0xc0, 0xff, 0xf4, 0xb8, 0xc0, 0xff, 0xf4,
0xb8, 0xc0, 0xff, 0xf4, 0xb8, 0xc0, 0xff, 0xf4, 0xb8, 0xc0, 0xff, 0xf4, 0xb8, 0xc0, 0xff, 0xf4,
0xb8, 0xc0, 0xff, 0xf4, 0xb8, 0xc0, 0xff, 0xf4, 0xb8, 0xc0, 0xff, 0xf4, 0xb8, 0xc0, 0xff, 0xf4,
0xb8, 0xc0, 0xff, 0xf4, 0xb8, 0xc0, 0xff, 0xf4, 0xb8, 0xc0, 0xff, 0xf4, 0xb8, 0xc0, 0xff, 0xf4,
0xb8, 0xc0, 0xff, 0xf1, 0xb8, 0xc0, 0xff, 0xea, 0xb8, 0xc0, 0xff, 0xe2, 0xb8, 0xc0, 0xff, 0xd2,
0xb8, 0xc0, 0xff, 0xb6, 0xb8, 0xc0, 0xff, 0x8e, 0xb8, 0xc0, 0xff, 0x5a, 0xb8, 0xc0, 0xff, 0x28,
0xb8, 0xc0, 0xff, 0x07, 0xb8, 0xc0, 0xff, 0x00, 0xb8, 0xc0, 0xff, 0x00, 0x00, 0x00, 0x00, 0x00,
0x00, 0x00, 0x00, 0x00, 0x00, 0x00, 0x00, 0x00, 0x00, 0x00, 0x00, 0x00, 0x00, 0x00, 0x00, 0x00,
0x00, 0x00, 0x00, 0x00, 0x00, 0x00, 0x00, 0x00, 0x00, 0x00, 0x00, 0x00, 0x00, 0x00, 0x00, 0x00,
0x00, 0x00, 0x00, 0x00, 0x00, 0x00, 0x00, 0x00, 0x00, 0x00, 0x00, 0x00, 0x00, 0x00, 0x00, 0x00,
0x00, 0x00, 0x00, 0x00, 0x00, 0x00, 0x00, 0x00, 0x00, 0x00, 0x00, 0x00, 0x00, 0x00, 0x00, 0x00,
0x00, 0x00, 0x00, 0x00, 0x00, 0x00, 0x00, 0x00, 0x00, 0x00, 0x00, 0x00, 0x00, 0x00, 0x00, 0x00,
0x00, 0x00, 0x00, 0x00, 0x00, 0x00, 0x00, 0x00, 0x00, 0x00, 0x00, 0x00, 0x00, 0x00, 0x00, 0x00,
0x00, 0x00, 0x00, 0x00, 0x00, 0x00, 0x00, 0x00, 0x00, 0x00, 0x00, 0x00, 0x00, 0x00, 0x00, 0x00,
0x00, 0x00, 0x00, 0x00, 0x00, 0x00, 0x00, 0x00, 0x00, 0x00, 0x00, 0x00, 0x00, 0x00, 0x00, 0x00,
0x00, 0x00, 0x00, 0x00, 0x00, 0x00, 0x00, 0x00, 0x00, 0x00, 0x00, 0x00, 0x00, 0x00, 0x00, 0x00,
0x00, 0x00, 0x00, 0x00, 0x00, 0x00, 0x00, 0x00, 0x00, 0x00, 0x00, 0x00, 0x00, 0x00, 0x00, 0x00,
0x00, 0x00, 0x00, 0x00, 0x00, 0x00, 0x00, 0x00, 0x00, 0x00, 0x00, 0x00, 0x00, 0x00, 0x00, 0x00,
0x00, 0x00, 0x00, 0x00, 0x00, 0x00, 0x00, 0x00, 0x00, 0x00, 0x00, 0x00, 0x00, 0x00, 0x00, 0x00,
0x00, 0x00, 0x00, 0x00, 0x00, 0x00, 0x00, 0x00, 0x00, 0x00, 0x00, 0x00, 0x00, 0x00, 0x00, 0x00,
0x00, 0x00, 0x00, 0x00, 0x00, 0x00, 0x00, 0x00, 0x00, 0x00, 0x00, 0x00, 0x00, 0x00, 0x00, 0x00,
0x00, 0x00, 0x00, 0x00, 0x00, 0x00, 0x00, 0x00, 0x00, 0x00, 0x00, 0x00, 0x00, 0x00, 0x00, 0x00,
0x00, 0x00, 0x00, 0x00, 0xb8, 0xc0, 0xff, 0x00, 0xb8, 0xc0, 0xff, 0x00, 0xb8, 0xc0, 0xff, 0x04,
0xb8, 0xc0, 0xff, 0x11, 0xb8, 0xc0, 0xff, 0x1f, 0xb8, 0xc0, 0xff, 0x2a, 0xb8, 0xc0, 0xff, 0x33,
0xb8, 0xc0, 0xff, 0x39, 0xb8, 0xc0, 0xff, 0x39, 0xb8, 0xc0, 0xff, 0x39, 0xb8, 0xc0, 0xff, 0x39,
0xb8, 0xc0, 0xff, 0x39, 0xb8, 0xc0, 0xff, 0x39, 0xb8, 0xc0, 0xff, 0x39, 0xb8, 0xc0, 0xff, 0x39,
0xb8, 0xc0, 0xff, 0x39, 0xb8, 0xc0, 0xff, 0x39, 0xb8, 0xc0, 0xff, 0x39, 0xb8, 0xc0, 0xff, 0x39,
0xb8, 0xc0, 0xff, 0x39, 0xb8, 0xc0, 0xff, 0x39, 0xb8, 0xc0, 0xff, 0x39, 0xb8, 0xc0, 0xff, 0x39,
0xb8, 0xc0, 0xff, 0x39, 0xb8, 0xc0, 0xff, 0x39, 0xb8, 0xc0, 0xff, 0x39, 0xb8, 0xc0, 0xff, 0x39,
0xb8, 0xc0, 0xff, 0x39, 0xb8, 0xc0, 0xff, 0x39, 0xb8, 0xc0, 0xff, 0x39, 0xb8, 0xc0, 0xff, 0x39,
0xb8, 0xc0, 0xff, 0x39, 0xb8, 0xc0, 0xff, 0x39, 0xb8, 0xc0, 0xff, 0x39, 0xb8, 0xc0, 0xff, 0x39,
0xb8, 0xc0, 0xff, 0x39, 0xb8, 0xc0, 0xff, 0x39, 0xb8, 0xc0, 0xff, 0x39, 0xb8, 0xc0, 0xff, 0x39,
0xb8, 0xc0, 0xff, 0x39, 0xb8, 0xc0, 0xff, 0x39, 0xb8, 0xc0, 0xff, 0x39, 0xb8, 0xc0, 0xff, 0x39,
0xb8, 0xc0, 0xff, 0x39, 0xb8, 0xc0, 0xff, 0x39, 0xb8, 0xc0, 0xff, 0x39, 0xb8, 0xc0, 0xff, 0x39,
0xb8, 0xc0, 0xff, 0x39, 0xb8, 0xc0, 0xff, 0x39, 0xb8, 0xc0, 0xff, 0x39, 0xb8, 0xc0, 0xff, 0x39,
0xb8, 0xc0, 0xff, 0x39, 0xb8, 0xc0, 0xff, 0x39, 0xb8, 0xc0, 0xff, 0x39, 0xb8, 0xc0, 0xff, 0x39,
0xb8, 0xc0, 0xff, 0x34, 0xb8, 0xc0, 0xff, 0x2b, 0xb8, 0xc0, 0xff, 0x21, 0xb8, 0xc0, 0xff, 0x14,
0xb8, 0xc0, 0xff, 0x06, 0xb8, 0xc0, 0xff, 0x00, 0xb8, 0xc0, 0xff, 0x00, 0x00, 0x00, 0x00, 0x00,
0x00, 0x00, 0x00, 0x00, 0x00, 0x00, 0x00, 0x00, 0x00, 0x00, 0x00, 0x00, 0x00, 0x00, 0x00, 0x00,
0x00, 0x00, 0x00, 0x00, 0x00, 0x00, 0x00, 0x00, 0x00, 0x00, 0x00, 0x00, 0x00, 0x00, 0x00, 0x00,
0x00, 0x00, 0x00, 0x00, 0x00, 0x00, 0x00, 0x00, 0x00, 0x00, 0x00, 0x00, 0x00, 0x00, 0x00, 0x00,
0x00, 0x00, 0x00, 0x00, 0x00, 0x00, 0x00, 0x00, 0x00, 0x00, 0x00, 0x00, 0x00, 0x00, 0x00, 0x00,
0x00, 0x00, 0x00, 0x00, 0x00, 0x00, 0x00, 0x00, 0x00, 0x00, 0x00, 0x00, 0x00, 0x00, 0x00, 0x00,
0x00, 0x00, 0x00, 0x00, 0x00, 0x00, 0x00, 0x00, 0x00, 0x00, 0x00, 0x00, 0x00, 0x00, 0x00, 0x00,
0x00, 0x00, 0x00, 0x00, 0x00, 0x00, 0x00, 0x00, 0x00, 0x00, 0x00, 0x00, 0x00, 0x00, 0x00, 0x00,
0x00, 0x00, 0x00, 0x00, 0x00, 0x00, 0x00, 0x00, 0x00, 0x00, 0x00, 0x00, 0x00, 0x00, 0x00, 0x00,
0x00, 0x00, 0x00, 0x00, 0x00, 0x00, 0x00, 0x00, 0x00, 0x00, 0x00, 0x00, 0x00, 0x00, 0x00, 0x00,
0x00, 0x00, 0x00, 0x00, 0x00, 0x00, 0x00, 0x00, 0x00, 0x00, 0x00, 0x00, 0x00, 0x00, 0x00, 0x00,
0x00, 0x00, 0x00, 0x00, 0x00, 0x00, 0x00, 0x00, 0x00, 0x00, 0x00, 0x00, 0x00, 0x00, 0x00, 0x00,
0x00, 0x00, 0x00, 0x00, 0x00, 0x00, 0x00, 0x00, 0x00, 0x00, 0x00, 0x00, 0x00, 0x00, 0x00, 0x00,
0x00, 0x00, 0x00, 0x00, 0x00, 0x00, 0x00, 0x00, 0x00, 0x00, 0x00, 0x00, 0x00, 0x00, 0x00, 0x00,
0x00, 0x00, 0x00, 0x00, 0x00, 0x00, 0x00, 0x00, 0x00, 0x00, 0x00, 0x00, 0x00, 0x00, 0x00, 0x00,
0x00, 0x00, 0x00, 0x00, 0x00, 0x00, 0x00, 0x00, 0x00, 0x00, 0x00, 0x00, 0x00, 0x00, 0x00, 0x00,
0x00, 0x00, 0x00, 0x00, 0x00, 0x00, 0x00, 0x00, 0x00, 0x00, 0x00, 0x00, 0x00, 0x00, 0x00, 0x00,
0x00, 0x00, 0x00, 0x00, 0x00, 0x00, 0x00, 0x00, 0x00, 0x00, 0x00, 0x00, 0x00, 0x00, 0x00, 0x00,
0x00, 0x00, 0x00, 0x00, 0x00, 0x00, 0x00, 0x00, 0x00, 0x00, 0x00, 0x00, 0x00, 0x00, 0x00, 0x00,
0x00, 0x00, 0x00, 0x00, 0x00, 0x00, 0x00, 0x00, 0x00, 0x00, 0x00, 0x00, 0x00, 0x00, 0x00, 0x00,
0x00, 0x00, 0x00, 0x00, 0x00, 0x00, 0x00, 0x00, 0x00, 0x00, 0x00, 0x00, 0x00, 0x00, 0x00, 0x00,
0x00, 0x00, 0x00, 0x00, 0x00, 0x00, 0x00, 0x00, 0x00, 0x00, 0x00, 0x00, 0x00, 0x00, 0x00, 0x00,
0x00, 0x00, 0x00, 0x00, 0x00, 0x00, 0x00, 0x00, 0x00, 0x00, 0x00, 0x00, 0x00, 0x00, 0x00, 0x00,
0x00, 0x00, 0x00, 0x00, 0x00, 0x00, 0x00, 0x00, 0x00, 0x00, 0x00, 0x00, 0x00, 0x00, 0x00, 0x00,
0x00, 0x00, 0x00, 0x00, 0x00, 0x00, 0x00, 0x00, 0x00, 0x00, 0x00, 0x00, 0x00, 0x00, 0x00, 0x00,
0x00, 0x00, 0x00, 0x00, 0x00, 0x00, 0x00, 0x00, 0x00, 0x00, 0x00, 0x00, 0x00, 0x00, 0x00, 0x00,
0x00, 0x00, 0x00, 0x00, 0x00, 0x00, 0x00, 0x00, 0x00, 0x00, 0x00, 0x00, 0x00, 0x00, 0x00, 0x00,
0x00, 0x00, 0x00, 0x00, 0x00, 0x00, 0x00, 0x00, 0x00, 0x00, 0x00, 0x00, 0x00, 0x00, 0x00, 0x00,
0x00, 0x00, 0x00, 0x00, 0x00, 0x00, 0x00, 0x00, 0x00, 0x00, 0x00, 0x00, 0x00, 0x00, 0x00, 0x00,
0x00, 0x00, 0x00, 0x00, 0x00, 0x00, 0x00, 0x00, 0x00, 0x00, 0x00, 0x00, 0x00, 0x00, 0x00, 0x00,
0x00, 0x00, 0x00, 0x00, 0x00, 0x00, 0x00, 0x00, 0x00, 0x00, 0x00, 0x00, 0x00, 0x00, 0x00, 0x00,
0x00, 0x00, 0x00, 0x00, 0x00, 0x00, 0x00, 0x00, 0x00, 0x00, 0x00, 0x00, 0x00, 0x00, 0x00, 0x00,
0x00, 0x00, 0x00, 0x00, 0x00, 0x00, 0x00, 0x00, 0x00, 0x00, 0x00, 0x00, 0x00, 0x00, 0x00, 0x00,
0x00, 0x00, 0x00, 0x00, 0x00, 0x00, 0x00, 0x00, 0x00, 0x00, 0x00, 0x00, 0x00, 0x00, 0x00, 0x00,
0x00, 0x00, 0x00, 0x00, 0x00, 0x00, 0x00, 0x00, 0x00, 0x00, 0x00, 0x00, 0x00, 0x00, 0x00, 0x00,
0x00, 0x00, 0x00, 0x00, 0x00, 0x00, 0x00, 0x00, 0x00, 0x00, 0x00, 0x00, 0x00, 0x00, 0x00, 0x00,
0x00, 0x00, 0x00, 0x00, 0x00, 0x00, 0x00, 0x00, 0x00, 0x00, 0x00, 0x00, 0x00, 0x00, 0x00, 0x00,
0x00, 0x00, 0x00, 0x00, 0x00, 0x00, 0x00, 0x00, 0x00, 0x00, 0x00, 0x00, 0x00, 0x00, 0x00, 0x00,
0x00, 0x00, 0x00, 0x00, 0x00, 0x00, 0x00, 0x00, 0x00, 0x00, 0x00, 0x00, 0x00, 0x00, 0x00, 0x00,
0x00, 0x00, 0x00, 0x00, 0x00, 0x00, 0x00, 0x00, 0x00, 0x00, 0x00, 0x00, 0x00, 0x00, 0x00, 0x00,
0x00, 0x00, 0x00, 0x00, 0x00, 0x00, 0x00, 0x00, 0x00, 0x00, 0x00, 0x00, 0x00, 0x00, 0x00, 0x00,
0x00, 0x00, 0x00, 0x00, 0x00, 0x00, 0x00, 0x00, 0x00, 0x00, 0x00, 0x00, 0x00, 0x00, 0x00, 0x00,
0x00, 0x00, 0x00, 0x00, 0x00, 0x00, 0x00, 0x00, 0x00, 0x00, 0x00, 0x00, 0x00, 0x00, 0x00, 0x00,
0x00, 0x00, 0x00, 0x00, 0x00, 0x00, 0x00, 0x00, 0x00, 0x00, 0x00, 0x00, 0x00, 0x00, 0x00, 0x00,
0x00, 0x00, 0x00, 0x00, 0x00, 0x00, 0x00, 0x00, 0x00, 0x00, 0x00, 0x00, 0x00, 0x00, 0x00, 0x00,
0x00, 0x00, 0x00, 0x00, 0x00, 0x00, 0x00, 0x00, 0x00, 0x00, 0x00, 0x00, 0x00, 0x00, 0x00, 0x00,
0x00, 0x00, 0x00, 0x00, 0x00, 0x00, 0x00, 0x00, 0x00, 0x00, 0x00, 0x00, 0x00, 0x00, 0x00, 0x00,
0x00, 0x00, 0x00, 0x00, 0x00, 0x00, 0x00, 0x00, 0x00, 0x00, 0x00, 0x00, 0x00, 0x00, 0x00, 0x00,
0x00, 0x00, 0x00, 0x00, 0x00, 0x00, 0x00, 0x00, 0x00, 0x00, 0x00, 0x00, 0x00, 0x00, 0x00, 0x00,
0x00, 0x00, 0x00, 0x00, 0x00, 0x00, 0x00, 0x00, 0x00, 0x00, 0x00, 0x00, 0x00, 0x00, 0x00, 0x00,
0x00, 0x00, 0x00, 0x00, 0x00, 0x00, 0x00, 0x00, 0x00, 0x00, 0x00, 0x00, 0x00, 0x00, 0x00, 0x00,
0x00, 0x00, 0x00, 0x00, 0x00, 0x00, 0x00, 0x00, 0x00, 0x00, 0x00, 0x00, 0x00, 0x00, 0x00, 0x00,
0x00, 0x00, 0x00, 0x00, 0x00, 0x00, 0x00, 0x00, 0x00, 0x00, 0x00, 0x00, 0x00, 0x00, 0x00, 0x00,
0x00, 0x00, 0x00, 0x00, 0x00, 0x00, 0x00, 0x00, 0x00, 0x00, 0x00, 0x00, 0x00, 0x00, 0x00, 0x00,
0x00, 0x00, 0x00, 0x00, 0x00, 0x00, 0x00, 0x00, 0x00, 0x00, 0x00, 0x00, 0x00, 0x00, 0x00, 0x00,
0x00, 0x00, 0x00, 0x00, 0x00, 0x00, 0x00, 0x00, 0x00, 0x00, 0x00, 0x00, 0x00, 0x00, 0x00, 0x00,
0x00, 0x00, 0x00, 0x00, 0x00, 0x00, 0x00, 0x00, 0x00, 0x00, 0x00, 0x00, 0x00, 0x00, 0x00, 0x00,
0x00, 0x00, 0x00, 0x00, 0x00, 0x00, 0x00, 0x00, 0x00, 0x00, 0x00, 0x00, 0x00, 0x00, 0x00, 0x00,
0x00, 0x00, 0x00, 0x00, 0x00, 0x00, 0x00, 0x00, 0x00, 0x00, 0x00, 0x00, 0x00, 0x00, 0x00, 0x00,
0x00, 0x00, 0x00, 0x00, 0x00, 0x00, 0x00, 0x00, 0x00, 0x00, 0x00, 0x00, 0x00, 0x00, 0x00, 0x00,
0x00, 0x00, 0x00, 0x00, 0x00, 0x00, 0x00, 0x00, 0x00, 0x00, 0x00, 0x00, 0x00, 0x00, 0x00, 0x00,
0x00, 0x00, 0x00, 0x00, 0x00, 0x00, 0x00, 0x00, 0x00, 0x00, 0x00, 0x00, 0x00, 0x00, 0x00, 0x00,
0x00, 0x00, 0x00, 0x00, 0x00, 0x00, 0x00, 0x00, 0x00, 0x00, 0x00, 0x00, 0x00, 0x00, 0x00, 0x00,
0x00, 0x00, 0x00, 0x00, 0x00, 0x00, 0x00, 0x00, 0x00, 0x00, 0x00, 0x00, 0x00, 0x00, 0x00, 0x00,
0x00, 0x00, 0x00, 0x00, 0x00, 0x00, 0x00, 0x00, 0x00, 0x00, 0x00, 0x00, 0x00, 0x00, 0x00, 0x00,
0x00, 0x00, 0x00, 0x00, 0x00, 0x00, 0x00, 0x00, 0x00, 0x00, 0x00, 0x00, 0x00, 0x00, 0x00, 0x00,
0x00, 0x00, 0x00, 0x00, 0x00, 0x00, 0x00, 0x00, 0x00, 0x00, 0x00, 0x00, 0x00, 0x00, 0x00, 0x00,
0x00, 0x00, 0x00, 0x00, 0x00, 0x00, 0x00, 0x00, 0x00, 0x00, 0x00, 0x00, 0x00, 0x00, 0x00, 0x00,
0x00, 0x00, 0x00, 0x00, 0x00, 0x00, 0x00, 0x00, 0x00, 0x00, 0x00, 0x00, 0x00, 0x00, 0x00, 0x00,
0x00, 0x00, 0x00, 0x00, 0x00, 0x00, 0x00, 0x00, 0x00, 0x00, 0x00, 0x00, 0x00, 0x00, 0x00, 0x00,
0x00, 0x00, 0x00, 0x00, 0x00, 0x00, 0x00, 0x00, 0x00, 0x00, 0x00, 0x00, 0x00, 0x00, 0x00, 0x00,
0x00, 0x00, 0x00, 0x00, 0x00, 0x00, 0x00, 0x00, 0x00, 0x00, 0x00, 0x00, 0x00, 0x00, 0x00, 0x00,
0x00, 0x00, 0x00, 0x00, 0x00, 0x00, 0x00, 0x00, 0x00, 0x00, 0x00, 0x00, 0x00, 0x00, 0x00, 0x00,
0x00, 0x00, 0x00, 0x00, 0x00, 0x00, 0x00, 0x00, 0x00, 0x00, 0x00, 0x00, 0x00, 0x00, 0x00, 0x00,
0x00, 0x00, 0x00, 0x00, 0x00, 0x00, 0x00, 0x00, 0x00, 0x00, 0x00, 0x00, 0x00, 0x00, 0x00, 0x00,
0x00, 0x00, 0x00, 0x00, 0x00, 0x00, 0x00, 0x00, 0x00, 0x00, 0x00, 0x00, 0x00, 0x00, 0x00, 0x00,
0x00, 0x00, 0x00, 0x00, 0x00, 0x00, 0x00, 0x00, 0x00, 0x00, 0x00, 0x00, 0x00, 0x00, 0x00, 0x00,
0x00, 0x00, 0x00, 0x00, 0x00, 0x00, 0x00, 0x00, 0x00, 0x00, 0x00, 0x00, 0x00, 0x00, 0x00, 0x00,
0x00, 0x00, 0x00, 0x00, 0x00, 0x00, 0x00, 0x00, 0x00, 0x00, 0x00, 0x00, 0x00, 0x00, 0x00, 0x00,
0x00, 0x00, 0x00, 0x00, 0x00, 0x00, 0x00, 0x00, 0x00, 0x00, 0x00, 0x00, 0x00, 0x00, 0x00, 0x00,
0x00, 0x00, 0x00, 0x00, 0x00, 0x00, 0x00, 0x00, 0x00, 0x00, 0x00, 0x00, 0x00, 0x00, 0x00, 0x00,
0x00, 0x00, 0x00, 0x00, 0x00, 0x00, 0x00, 0x00, 0x00, 0x00, 0x00, 0x00, 0x00, 0x00, 0x00, 0x00,
0x00, 0x00, 0x00, 0x00, 0x00, 0x00, 0x00, 0x00, 0x00, 0x00, 0x00, 0x00, 0x00, 0x00, 0x00, 0x00,
0x00, 0x00, 0x00, 0x00, 0x00, 0x00, 0x00, 0x00, 0x00, 0x00, 0x00, 0x00, 0x00, 0x00, 0x00, 0x00,
0x00, 0x00, 0x00, 0x00, 0x00, 0x00, 0x00, 0x00, 0x00, 0x00, 0x00, 0x00, 0x00, 0x00, 0x00, 0x00,
0x00, 0x00, 0x00, 0x00, 0x00, 0x00, 0x00, 0x00, 0x00, 0x00, 0x00, 0x00, 0x00, 0x00, 0x00, 0x00,
0x00, 0x00, 0x00, 0x00, 0x00, 0x00, 0x00, 0x00, 0x00, 0x00, 0x00, 0x00, 0x00, 0x00, 0x00, 0x00,
0x00, 0x00, 0x00, 0x00, 0x00, 0x00, 0x00, 0x00, 0x00, 0x00, 0x00, 0x00, 0x00, 0x00, 0x00, 0x00,
0x00, 0x00, 0x00, 0x00, 0x00, 0x00, 0x00, 0x00, 0x00, 0x00, 0x00, 0x00, 0x00, 0x00, 0x00, 0x00,
0x00, 0x00, 0x00, 0x00, 0x00, 0x00, 0x00, 0x00, 0x00, 0x00, 0x00, 0x00, 0x00, 0x00, 0x00, 0x00,
0x00, 0x00, 0x00, 0x00, 0x00, 0x00, 0x00, 0x00, 0x00, 0x00, 0x00, 0x00, 0x00, 0x00, 0x00, 0x00,
0x00, 0x00, 0x00, 0x00, 0x00, 0x00, 0x00, 0x00, 0x00, 0x00, 0x00, 0x00, 0x00, 0x00, 0x00, 0x00,
0x00, 0x00, 0x00, 0x00, 0x00, 0x00, 0x00, 0x00, 0x00, 0x00, 0x00, 0x00, 0x00, 0x00, 0x00, 0x00,
0x00, 0x00, 0x00, 0x00, 0x00, 0x00, 0x00, 0x00, 0x00, 0x00, 0x00, 0x00, 0x00, 0x00, 0x00, 0x00,
0x00, 0x00, 0x00, 0x00, 0x00, 0x00, 0x00, 0x00, 0x00, 0x00, 0x00, 0x00, 0x00, 0x00, 0x00, 0x00,
0x00, 0x00, 0x00, 0x00, 0x00, 0x00, 0x00, 0x00, 0x00, 0x00, 0x00, 0x00, 0x00, 0x00, 0x00, 0x00,
0x00, 0x00, 0x00, 0x00, 0x00, 0x00, 0x00, 0x00, 0x00, 0x00, 0x00, 0x00, 0x00, 0x00, 0x00, 0x00,
0x00, 0x00, 0x00, 0x00, 0x00, 0x00, 0x00, 0x00, 0x00, 0x00, 0x00, 0x00, 0x00, 0x00, 0x00, 0x00,
0x00, 0x00, 0x00, 0x00, 0x00, 0x00, 0x00, 0x00, 0x00, 0x00, 0x00, 0x00, 0x00, 0x00, 0x00, 0x00,
0x00, 0x00, 0x00, 0x00, 0x00, 0x00, 0x00, 0x00, 0x00, 0x00, 0x00, 0x00, 0x00, 0x00, 0x00, 0x00,
0x00, 0x00, 0x00, 0x00, 0x00, 0x00, 0x00, 0x00, 0x00, 0x00, 0x00, 0x00, 0x00, 0x00, 0x00, 0x00,
0x00, 0x00, 0x00, 0x00, 0x00, 0x00, 0x00, 0x00, 0x00, 0x00, 0x00, 0x00, 0x00, 0x00, 0x00, 0x00,
0x00, 0x00, 0x00, 0x00, 0x00, 0x00, 0x00, 0x00, 0x00, 0x00, 0x00, 0x00, 0x00, 0x00, 0x00, 0x00
};

#endif // VMP_APP_ICON_DATA_H
