#ifndef VMP_MATERIAL_SYMBOLS_DATA_H
#define VMP_MATERIAL_SYMBOLS_DATA_H

#include <cstdint>
#include <cstddef>

// Material Design 3 (Material Symbols Rounded) Glyph Codepoints
constexpr uint32_t MD_PLAY_ARROW       = 0xe037;
constexpr uint32_t MD_PAUSE            = 0xe034;
constexpr uint32_t MD_REPLAY_5         = 0xe05b;
constexpr uint32_t MD_FORWARD_5        = 0xe058;
constexpr uint32_t MD_FULLSCREEN       = 0xe5d0;
constexpr uint32_t MD_FULLSCREEN_EXIT  = 0xe5d1;
constexpr uint32_t MD_BAR_CHART        = 0xe26b;
constexpr uint32_t MD_ANALYTICS        = 0xef3e;
constexpr uint32_t MD_FOLDER_OPEN      = 0xe2c8;
constexpr uint32_t MD_ARROW_BACK       = 0xe5c4;
constexpr uint32_t MD_PIN_DROP         = 0xe55e;
constexpr uint32_t MD_VOLUME_UP        = 0xe050;
constexpr uint32_t MD_VOLUME_OFF       = 0xe04f;
constexpr uint32_t MD_CLOSE            = 0xe5cd;

constexpr size_t EMBEDDED_MATERIAL_SYMBOLS_SIZE = 36092;
static const uint8_t EMBEDDED_MATERIAL_SYMBOLS[] = {
0x00, 0x01, 0x00, 0x00, 0x00, 0x12, 0x01, 0x00, 0x00, 0x04, 0x00, 0x20, 0x47, 0x53, 0x55, 0x42,
0x6c, 0x4b, 0x65, 0x2a, 0x00, 0x00, 0x13, 0xcc, 0x00, 0x00, 0x00, 0x88, 0x48, 0x56, 0x41, 0x52,
0x00, 0x28, 0x00, 0x25, 0x00, 0x00, 0x14, 0x54, 0x00, 0x00, 0x00, 0x2a, 0x4f, 0x53, 0x2f, 0x32,
0x41, 0x7b, 0x55, 0xc8, 0x00, 0x00, 0x0f, 0xa4, 0x00, 0x00, 0x00, 0x60, 0x53, 0x54, 0x41, 0x54,
0x87, 0xf0, 0x74, 0x97, 0x00, 0x00, 0x14, 0x80, 0x00, 0x00, 0x00, 0xc4, 0x61, 0x76, 0x61, 0x72,
0x00, 0x0c, 0xe9, 0xb0, 0x00, 0x00, 0x16, 0x30, 0x00, 0x00, 0x00, 0x50, 0x63, 0x6d, 0x61, 0x70,
0x32, 0x1b, 0x42, 0x4e, 0x00, 0x00, 0x10, 0x04, 0x00, 0x00, 0x00, 0x94, 0x66, 0x76, 0x61, 0x72,
0x8b, 0xf3, 0x6d, 0xae, 0x00, 0x00, 0x15, 0x44, 0x00, 0x00, 0x00, 0xec, 0x67, 0x61, 0x73, 0x70,
0x00, 0x00, 0x00, 0x10, 0x00, 0x00, 0x13, 0xc4, 0x00, 0x00, 0x00, 0x08, 0x67, 0x6c, 0x79, 0x66,
0x49, 0x4f, 0x40, 0xb5, 0x00, 0x00, 0x01, 0x2c, 0x00, 0x00, 0x0d, 0x9a, 0x67, 0x76, 0x61, 0x72,
0x10, 0xa1, 0xf3, 0x1a, 0x00, 0x00, 0x16, 0x80, 0x00, 0x00, 0x76, 0x7a, 0x68, 0x65, 0x61, 0x64,
0x38, 0x44, 0xd1, 0x99, 0x00, 0x00, 0x0f, 0x18, 0x00, 0x00, 0x00, 0x36, 0x68, 0x68, 0x65, 0x61,
0x07, 0xe3, 0x07, 0x15, 0x00, 0x00, 0x0f, 0x80, 0x00, 0x00, 0x00, 0x24, 0x68, 0x6d, 0x74, 0x78,
0x0a, 0x5a, 0x07, 0x12, 0x00, 0x00, 0x0f, 0x50, 0x00, 0x00, 0x00, 0x2e, 0x6c, 0x6f, 0x63, 0x61,
0x29, 0x44, 0x25, 0x77, 0x00, 0x00, 0x0e, 0xe8, 0x00, 0x00, 0x00, 0x2e, 0x6d, 0x61, 0x78, 0x70,
0x00, 0x39, 0x01, 0x6e, 0x00, 0x00, 0x0e, 0xc8, 0x00, 0x00, 0x00, 0x20, 0x6e, 0x61, 0x6d, 0x65,
0x59, 0x0f, 0x80, 0xc7, 0x00, 0x00, 0x10, 0xa0, 0x00, 0x00, 0x03, 0x04, 0x70, 0x6f, 0x73, 0x74,
0x00, 0x03, 0x00, 0x01, 0x00, 0x00, 0x13, 0xa4, 0x00, 0x00, 0x00, 0x20, 0x70, 0x72, 0x65, 0x70,
0x68, 0x06, 0x8c, 0x85, 0x00, 0x00, 0x10, 0x98, 0x00, 0x00, 0x00, 0x07, 0x00, 0x05, 0x00, 0xc8,
0x00, 0x50, 0x02, 0xf8, 0x03, 0x70, 0x00, 0x0a, 0x00, 0x1a, 0x00, 0x26, 0x00, 0x34, 0x00, 0x3f,
0x00, 0x00, 0x01, 0x36, 0x36, 0x35, 0x34, 0x26, 0x22, 0x06, 0x15, 0x14, 0x16, 0x16, 0x26, 0x27,
0x26, 0x26, 0x35, 0x34, 0x36, 0x32, 0x16, 0x15, 0x14, 0x06, 0x07, 0x06, 0x06, 0x03, 0x32, 0x36,
0x35, 0x34, 0x26, 0x23, 0x22, 0x06, 0x15, 0x14, 0x16, 0x03, 0x22, 0x26, 0x35, 0x34, 0x36, 0x33,
0x21, 0x32, 0x16, 0x15, 0x14, 0x06, 0x23, 0x03, 0x30, 0x30, 0x31, 0x38, 0x03, 0x31, 0x30, 0x30,
0x01, 0xe0, 0x63, 0x65, 0x70, 0xb0, 0x70, 0x65, 0x57, 0x18, 0x0a, 0x76, 0x74, 0x9c, 0xf8, 0x9c,
0x74, 0x76, 0x0a, 0x18, 0x0c, 0x21, 0x2f, 0x2f, 0x21, 0x21, 0x2f, 0x2f, 0xcf, 0x11, 0x17, 0x17,
0x11, 0x01, 0xe0, 0x11, 0x17, 0x17, 0x11, 0xf0, 0x01, 0x2d, 0x50, 0x94, 0x41, 0x5a, 0x74, 0x74,
0x5a, 0x41, 0x94, 0xa2, 0x08, 0x08, 0x5e, 0xb3, 0x56, 0x7d, 0xa1, 0xa1, 0x7d, 0x56, 0xb3, 0x5e,
0x08, 0x08, 0x01, 0x2d, 0x2f, 0x21, 0x21, 0x2f, 0x2f, 0x21, 0x21, 0x2f, 0xfe, 0x48, 0x17, 0x11,
0x11, 0x17, 0x17, 0x11, 0x11, 0x17, 0x02, 0x08, 0x00, 0x03, 0x00, 0xc8, 0x00, 0x50, 0x02, 0xf8,
0x03, 0x70, 0x00, 0x0f, 0x00, 0x1b, 0x00, 0x29, 0x00, 0x00, 0x24, 0x26, 0x27, 0x26, 0x26, 0x35,
0x34, 0x36, 0x32, 0x16, 0x15, 0x14, 0x06, 0x07, 0x06, 0x06, 0x03, 0x32, 0x36, 0x35, 0x34, 0x26,
0x23, 0x22, 0x06, 0x15, 0x14, 0x16, 0x03, 0x22, 0x26, 0x35, 0x34, 0x36, 0x33, 0x21, 0x32, 0x16,
0x15, 0x14, 0x06, 0x23, 0x01, 0xd4, 0x18, 0x0a, 0x76, 0x74, 0x9c, 0xf8, 0x9c, 0x74, 0x76, 0x0a,
0x18, 0x0c, 0x21, 0x2f, 0x2f, 0x21, 0x21, 0x2f, 0x2f, 0xcf, 0x11, 0x17, 0x17, 0x11, 0x01, 0xe0,
0x11, 0x17, 0x17, 0x11, 0xdb, 0x08, 0x08, 0x5e, 0xb3, 0x56, 0x7d, 0xa1, 0xa1, 0x7d, 0x56, 0xb3,
0x5e, 0x08, 0x08, 0x01, 0x2d, 0x2f, 0x21, 0x21, 0x2f, 0x2f, 0x21, 0x21, 0x2f, 0xfe, 0x48, 0x17,
0x11, 0x11, 0x17, 0x17, 0x11, 0x11, 0x17, 0x00, 0x00, 0x02, 0x00, 0x78, 0x00, 0x50, 0x03, 0x48,
0x03, 0x87, 0x00, 0x1f, 0x00, 0x4e, 0x00, 0x00, 0x01, 0x23, 0x22, 0x26, 0x34, 0x36, 0x33, 0x33,
0x35, 0x23, 0x22, 0x26, 0x35, 0x35, 0x34, 0x36, 0x33, 0x33, 0x32, 0x16, 0x14, 0x06, 0x23, 0x23,
0x15, 0x33, 0x32, 0x16, 0x15, 0x15, 0x14, 0x06, 0x06, 0x2e, 0x02, 0x35, 0x34, 0x36, 0x32, 0x16,
0x15, 0x14, 0x16, 0x32, 0x36, 0x35, 0x34, 0x26, 0x23, 0x23, 0x17, 0x16, 0x06, 0x07, 0x06, 0x06,
0x27, 0x27, 0x26, 0x34, 0x37, 0x37, 0x36, 0x16, 0x17, 0x16, 0x16, 0x07, 0x07, 0x33, 0x32, 0x1e,
0x02, 0x14, 0x0e, 0x02, 0x02, 0x08, 0x6e, 0x0d, 0x11, 0x11, 0x0d, 0x5a, 0x5a, 0x0d, 0x11, 0x11,
0x0d, 0x78, 0x0d, 0x11, 0x11, 0x0d, 0x5a, 0x5a, 0x0d, 0x11, 0x17, 0x84, 0x83, 0x61, 0x39, 0x17,
0x22, 0x17, 0xa3, 0xea, 0xa3, 0xa3, 0x75, 0x06, 0x22, 0x0c, 0x01, 0x0b, 0x0c, 0x21, 0x0c, 0x67,
0x0c, 0x0c, 0x67, 0x0c, 0x21, 0x0c, 0x0b, 0x01, 0x0c, 0x22, 0x06, 0x4b, 0x83, 0x61, 0x39, 0x39,
0x61, 0x83, 0x01, 0x40, 0x11, 0x1a, 0x11, 0x28, 0x11, 0x0d, 0x50, 0x0d, 0x11, 0x11, 0x1a, 0x11,
0x28, 0x11, 0x0d, 0x46, 0x11, 0x17, 0xf0, 0x39, 0x61, 0x83, 0x4b, 0x11, 0x17, 0x17, 0x11, 0x75,
0xa3, 0xa3, 0x75, 0x75, 0xa3, 0x22, 0x0c, 0x20, 0x0c, 0x0c, 0x01, 0x0c, 0x67, 0x0c, 0x20, 0x0c,
0x67, 0x0c, 0x01, 0x0c, 0x0c, 0x20, 0x0c, 0x22, 0x39, 0x61, 0x83, 0x96, 0x83, 0x61, 0x39, 0x00,
0x00, 0x02, 0x00, 0x78, 0x00, 0x50, 0x03, 0x48, 0x03, 0x87, 0x00, 0x2e, 0x00, 0x4e, 0x00, 0x00,
0x24, 0x2e, 0x02, 0x34, 0x3e, 0x02, 0x33, 0x33, 0x27, 0x26, 0x36, 0x37, 0x36, 0x36, 0x17, 0x17,
0x16, 0x14, 0x07, 0x07, 0x06, 0x26, 0x27, 0x26, 0x26, 0x37, 0x37, 0x23, 0x22, 0x06, 0x15, 0x14,
0x16, 0x32, 0x36, 0x35, 0x34, 0x36, 0x32, 0x16, 0x15, 0x14, 0x0e, 0x02, 0x27, 0x23, 0x22, 0x26,
0x34, 0x36, 0x33, 0x33, 0x35, 0x23, 0x22, 0x26, 0x35, 0x35, 0x34, 0x36, 0x33, 0x33, 0x32, 0x16,
0x14, 0x06, 0x23, 0x23, 0x15, 0x33, 0x32, 0x16, 0x15, 0x15, 0x14, 0x06, 0x01, 0x95, 0x83, 0x61,
0x39, 0x39, 0x61, 0x83, 0x4b, 0x06, 0x22, 0x0c, 0x01, 0x0b, 0x0c, 0x21, 0x0c, 0x67, 0x0c, 0x0c,
0x67, 0x0c, 0x21, 0x0c, 0x0b, 0x01, 0x0c, 0x22, 0x06, 0x75, 0xa3, 0xa3, 0xea, 0xa3, 0x17, 0x22,
0x17, 0x39, 0x61, 0x83, 0x23, 0x6e, 0x0d, 0x11, 0x11, 0x0d, 0x5a, 0x5a, 0x0d, 0x11, 0x11, 0x0d,
0x78, 0x0d, 0x11, 0x11, 0x0d, 0x5a, 0x5a, 0x0d, 0x11, 0x17, 0x50, 0x39, 0x61, 0x83, 0x96, 0x83,
0x61, 0x39, 0x22, 0x0c, 0x20, 0x0c, 0x0c, 0x01, 0x0c, 0x67, 0x0c, 0x20, 0x0c, 0x67, 0x0c, 0x01,
0x0c, 0x0c, 0x20, 0x0c, 0x22, 0xa3, 0x75, 0x75, 0xa3, 0xa3, 0x75, 0x11, 0x17, 0x17, 0x11, 0x4b,
0x83, 0x61, 0x39, 0xf0, 0x11, 0x1a, 0x11, 0x28, 0x11, 0x0d, 0x50, 0x0d, 0x11, 0x11, 0x1a, 0x11,
0x28, 0x11, 0x0d, 0x46, 0x11, 0x17, 0x00, 0x07, 0x00, 0x78, 0x00, 0x78, 0x03, 0x48, 0x03, 0x48,
0x00, 0x0b, 0x00, 0x17, 0x00, 0x23, 0x00, 0x33, 0x00, 0x43, 0x00, 0x53, 0x00, 0x5b, 0x00, 0x00,
0x00, 0x06, 0x15, 0x15, 0x14, 0x16, 0x32, 0x36, 0x35, 0x35, 0x34, 0x26, 0x24, 0x06, 0x15, 0x11,
0x14, 0x16, 0x32, 0x36, 0x35, 0x11, 0x34, 0x26, 0x02, 0x06, 0x15, 0x15, 0x14, 0x16, 0x32, 0x36,
0x35, 0x35, 0x34, 0x26, 0x01, 0x22, 0x26, 0x35, 0x11, 0x34, 0x36, 0x33, 0x21, 0x32, 0x16, 0x15,
0x11, 0x14, 0x06, 0x23, 0x25, 0x21, 0x30, 0x30, 0x31, 0x11, 0x30, 0x30, 0x31, 0x21, 0x30, 0x30,
0x31, 0x11, 0x30, 0x30, 0x11, 0x31, 0x30, 0x30, 0x31, 0x11, 0x30, 0x30, 0x31, 0x31, 0x30, 0x30,
0x31, 0x11, 0x30, 0x30, 0x00, 0x36, 0x34, 0x26, 0x22, 0x06, 0x14, 0x16, 0x01, 0x2f, 0x17, 0x17,
0x22, 0x17, 0x17, 0x01, 0x1e, 0x17, 0x17, 0x22, 0x17, 0x17, 0xc2, 0x17, 0x17, 0x22, 0x17, 0x17,
0xfe, 0xd7, 0x21, 0x2f, 0x2f, 0x21, 0x02, 0x30, 0x21, 0x2f, 0x2f, 0x21, 0xfd, 0xd0, 0x02, 0x30,
0xfd, 0xd0, 0x01, 0x29, 0x17, 0x17, 0x22, 0x17, 0x17, 0x01, 0xe0, 0x17, 0x11, 0x78, 0x11, 0x17,
0x17, 0x11, 0x78, 0x11, 0x17, 0xc8, 0x17, 0x11, 0xfe, 0xc0, 0x11, 0x17, 0x17, 0x11, 0x01, 0x40,
0x11, 0x17, 0xfe, 0xe8, 0x17, 0x11, 0x28, 0x11, 0x17, 0x17, 0x11, 0x28, 0x11, 0x17, 0xfe, 0xe8,
0x2f, 0x21, 0x02, 0x30, 0x21, 0x2f, 0x2f, 0x21, 0xfd, 0xd0, 0x21, 0x2f, 0x50, 0x02, 0x30, 0xfd,
0xd0, 0x02, 0x30, 0xfd, 0xd0, 0x02, 0x30, 0xfe, 0xe8, 0x17, 0x22, 0x17, 0x17, 0x22, 0x17, 0x00,
0x00, 0x05, 0x00, 0x78, 0x00, 0x78, 0x03, 0x48, 0x03, 0x48, 0x00, 0x0b, 0x00, 0x17, 0x00, 0x23,
0x00, 0x33, 0x00, 0x3b, 0x00, 0x00, 0x00, 0x06, 0x15, 0x15, 0x14, 0x16, 0x32, 0x36, 0x35, 0x35,
0x34, 0x26, 0x24, 0x06, 0x15, 0x11, 0x14, 0x16, 0x32, 0x36, 0x35, 0x11, 0x34, 0x26, 0x02, 0x06,
0x15, 0x15, 0x14, 0x16, 0x32, 0x36, 0x35, 0x35, 0x34, 0x26, 0x01, 0x22, 0x26, 0x35, 0x11, 0x34,
0x36, 0x33, 0x21, 0x32, 0x16, 0x15, 0x11, 0x14, 0x06, 0x23, 0x00, 0x36, 0x34, 0x26, 0x22, 0x06,
0x14, 0x16, 0x01, 0x2f, 0x17, 0x17, 0x22, 0x17, 0x17, 0x01, 0x1e, 0x17, 0x17, 0x22, 0x17, 0x17,
0xc2, 0x17, 0x17, 0x22, 0x17, 0x17, 0xfe, 0xd7, 0x21, 0x2f, 0x2f, 0x21, 0x02, 0x30, 0x21, 0x2f,
0x2f, 0x21, 0xfe, 0xf9, 0x17, 0x17, 0x22, 0x17, 0x17, 0x01, 0xe0, 0x17, 0x11, 0x78, 0x11, 0x17,
0x17, 0x11, 0x78, 0x11, 0x17, 0xc8, 0x17, 0x11, 0xfe, 0xc0, 0x11, 0x17, 0x17, 0x11, 0x01, 0x40,
0x11, 0x17, 0xfe, 0xe8, 0x17, 0x11, 0x28, 0x11, 0x17, 0x17, 0x11, 0x28, 0x11, 0x17, 0xfe, 0xe8,
0x2f, 0x21, 0x02, 0x30, 0x21, 0x2f, 0x2f, 0x21, 0xfd, 0xd0, 0x21, 0x2f, 0x01, 0x68, 0x17, 0x22,
0x17, 0x17, 0x22, 0x17, 0x00, 0x04, 0x00, 0x50, 0x00, 0xa0, 0x03, 0x98, 0x03, 0x20, 0x00, 0x28,
0x00, 0x35, 0x00, 0x3f, 0x00, 0x4c, 0x00, 0x00, 0x37, 0x22, 0x26, 0x35, 0x11, 0x34, 0x36, 0x33,
0x33, 0x32, 0x16, 0x17, 0x17, 0x21, 0x32, 0x16, 0x14, 0x06, 0x23, 0x21, 0x27, 0x23, 0x30, 0x30,
0x31, 0x11, 0x30, 0x30, 0x31, 0x13, 0x36, 0x36, 0x33, 0x21, 0x32, 0x16, 0x07, 0x07, 0x06, 0x06,
0x23, 0x25, 0x21, 0x30, 0x30, 0x31, 0x37, 0x30, 0x30, 0x31, 0x21, 0x30, 0x30, 0x31, 0x27, 0x35,
0x30, 0x30, 0x31, 0x31, 0x15, 0x31, 0x30, 0x14, 0x13, 0x37, 0x30, 0x30, 0x31, 0x31, 0x30, 0x30,
0x31, 0x07, 0x30, 0x30, 0x31, 0xa0, 0x21, 0x2f, 0x2f, 0x21, 0xcf, 0x10, 0x1d, 0x0b, 0x39, 0x01,
0x68, 0x11, 0x17, 0x17, 0x11, 0xfe, 0x77, 0x50, 0xcf, 0x4f, 0x08, 0x2b, 0x1a, 0x02, 0x04, 0x29,
0x2f, 0x0b, 0x48, 0x08, 0x2b, 0x1a, 0xfd, 0xfc, 0x02, 0x04, 0x48, 0xfd, 0xfc, 0x9c, 0x54, 0x48,
0x48, 0xa0, 0x2f, 0x21, 0x01, 0xe0, 0x21, 0x2f, 0x0c, 0x0b, 0x39, 0x17, 0x22, 0x17, 0x50, 0xfe,
0x20, 0x01, 0x07, 0x1a, 0x1f, 0x41, 0x26, 0xf0, 0x1a, 0x1f, 0x50, 0xf0, 0x16, 0xda, 0x50, 0x4e,
0xfe, 0xbe, 0xf0, 0xf0, 0x00, 0x01, 0x00, 0x50, 0x00, 0xa0, 0x03, 0x98, 0x03, 0x20, 0x00, 0x26,
0x00, 0x00, 0x37, 0x22, 0x26, 0x35, 0x11, 0x34, 0x36, 0x33, 0x33, 0x32, 0x16, 0x17, 0x17, 0x21,
0x32, 0x16, 0x14, 0x06, 0x23, 0x21, 0x22, 0x06, 0x15, 0x11, 0x30, 0x30, 0x31, 0x13, 0x36, 0x36,
0x33, 0x21, 0x32, 0x16, 0x07, 0x07, 0x06, 0x06, 0x23, 0xa0, 0x21, 0x2f, 0x2f, 0x21, 0xcf, 0x10,
0x1d, 0x0b, 0x39, 0x01, 0x68, 0x11, 0x17, 0x17, 0x11, 0xfd, 0xf2, 0x3e, 0x5c, 0x4f, 0x08, 0x2b,
0x1a, 0x02, 0x04, 0x29, 0x2f, 0x0b, 0x48, 0x08, 0x2b, 0x1a, 0xa0, 0x2f, 0x21, 0x01, 0xe0, 0x21,
0x2f, 0x0c, 0x0b, 0x39, 0x17, 0x22, 0x17, 0x4e, 0x3c, 0xfe, 0xfa, 0x01, 0x07, 0x1a, 0x1f, 0x41,
0x26, 0xf0, 0x1a, 0x1f, 0x00, 0x04, 0x00, 0x78, 0x00, 0x78, 0x03, 0x48, 0x03, 0x48, 0x00, 0x10,
0x00, 0x21, 0x00, 0x32, 0x00, 0x43, 0x00, 0x00, 0x37, 0x23, 0x22, 0x26, 0x34, 0x36, 0x33, 0x33,
0x32, 0x16, 0x15, 0x15, 0x14, 0x06, 0x22, 0x26, 0x35, 0x25, 0x15, 0x14, 0x06, 0x22, 0x26, 0x35,
0x35, 0x34, 0x36, 0x33, 0x33, 0x32, 0x16, 0x14, 0x06, 0x23, 0x01, 0x35, 0x34, 0x36, 0x32, 0x16,
0x15, 0x15, 0x14, 0x06, 0x23, 0x23, 0x22, 0x26, 0x34, 0x36, 0x33, 0x21, 0x33, 0x32, 0x16, 0x14,
0x06, 0x23, 0x23, 0x22, 0x26, 0x35, 0x35, 0x34, 0x36, 0x32, 0x16, 0x15, 0xf0, 0x50, 0x11, 0x17,
0x17, 0x11, 0x78, 0x11, 0x17, 0x17, 0x22, 0x17, 0x01, 0xe0, 0x17, 0x22, 0x17, 0x17, 0x11, 0x78,
0x11, 0x17, 0x17, 0x11, 0xfd, 0xd0, 0x17, 0x22, 0x17, 0x17, 0x11, 0x78, 0x11, 0x17, 0x17, 0x11,
0x02, 0x30, 0x50, 0x11, 0x17, 0x17, 0x11, 0x78, 0x11, 0x17, 0x17, 0x22, 0x17, 0xf0, 0x17, 0x22,
0x17, 0x17, 0x11, 0x78, 0x11, 0x17, 0x17, 0x11, 0x50, 0x50, 0x11, 0x17, 0x17, 0x11, 0x78, 0x11,
0x17, 0x17, 0x22, 0x17, 0x01, 0xe0, 0x50, 0x11, 0x17, 0x17, 0x11, 0x78, 0x11, 0x17, 0x17, 0x22,
0x17, 0x17, 0x22, 0x17, 0x17, 0x11, 0x78, 0x11, 0x17, 0x17, 0x11, 0x00, 0x00, 0x04, 0x00, 0x78,
0x00, 0x78, 0x03, 0x48, 0x03, 0x48, 0x00, 0x10, 0x00, 0x21, 0x00, 0x32, 0x00, 0x43, 0x00, 0x00,
0x37, 0x33, 0x32, 0x16, 0x14, 0x06, 0x23, 0x23, 0x22, 0x26, 0x35, 0x35, 0x34, 0x36, 0x32, 0x16,
0x15, 0x05, 0x35, 0x34, 0x36, 0x32, 0x16, 0x15, 0x15, 0x14, 0x06, 0x23, 0x23, 0x22, 0x26, 0x34,
0x36, 0x33, 0x01, 0x15, 0x14, 0x06, 0x22, 0x26, 0x35, 0x35, 0x34, 0x36, 0x33, 0x33, 0x32, 0x16,
0x14, 0x06, 0x23, 0x21, 0x23, 0x22, 0x26, 0x34, 0x36, 0x33, 0x33, 0x32, 0x16, 0x15, 0x15, 0x14,
0x06, 0x22, 0x26, 0x35, 0xc8, 0x50, 0x11, 0x17, 0x17, 0x11, 0x78, 0x11, 0x17, 0x17, 0x22, 0x17,
0x02, 0x30, 0x17, 0x22, 0x17, 0x17, 0x11, 0x78, 0x11, 0x17, 0x17, 0x11, 0xfe, 0x20, 0x17, 0x22,
0x17, 0x17, 0x11, 0x78, 0x11, 0x17, 0x17, 0x11, 0x01, 0xe0, 0x50, 0x11, 0x17, 0x17, 0x11, 0x78,
0x11, 0x17, 0x17, 0x22, 0x17, 0xc8, 0x17, 0x22, 0x17, 0x17, 0x11, 0x78, 0x11, 0x17, 0x17, 0x11,
0x50, 0x50, 0x11, 0x17, 0x17, 0x11, 0x78, 0x11, 0x17, 0x17, 0x22, 0x17, 0x02, 0x30, 0x50, 0x11,
0x17, 0x17, 0x11, 0x78, 0x11, 0x17, 0x17, 0x22, 0x17, 0x17, 0x22, 0x17, 0x17, 0x11, 0x78, 0x11,
0x17, 0x17, 0x11, 0x00, 0x00, 0x01, 0x00, 0xb1, 0x00, 0xb0, 0x03, 0x20, 0x03, 0x0f, 0x00, 0x1b,
0x00, 0x00, 0x01, 0x17, 0x16, 0x06, 0x07, 0x06, 0x06, 0x27, 0x01, 0x26, 0x26, 0x34, 0x36, 0x37,
0x01, 0x36, 0x32, 0x17, 0x16, 0x14, 0x07, 0x07, 0x21, 0x32, 0x16, 0x14, 0x06, 0x23, 0x01, 0x39,
0xc4, 0x0c, 0x01, 0x0c, 0x0c, 0x20, 0x0c, 0xfe, 0xf8, 0x06, 0x05, 0x05, 0x06, 0x01, 0x08, 0x0b,
0x21, 0x0c, 0x0c, 0x0c, 0xc3, 0x01, 0xbf, 0x11, 0x17, 0x17, 0x11, 0x01, 0xb8, 0xc4, 0x0c, 0x20,
0x0c, 0x0b, 0x01, 0x0c, 0x01, 0x08, 0x06, 0x0e, 0x10, 0x0e, 0x06, 0x01, 0x08, 0x0b, 0x0b, 0x0c,
0x21, 0x0c, 0xc3, 0x17, 0x22, 0x17, 0x00, 0x01, 0x00, 0xd9, 0x00, 0xd9, 0x02, 0xe7, 0x02, 0xe7,
0x00, 0x1f, 0x00, 0x00, 0x01, 0x07, 0x06, 0x22, 0x27, 0x26, 0x34, 0x37, 0x37, 0x27, 0x26, 0x34,
0x37, 0x36, 0x32, 0x17, 0x17, 0x37, 0x36, 0x32, 0x17, 0x16, 0x14, 0x07, 0x07, 0x17, 0x16, 0x14,
0x07, 0x06, 0x22, 0x27, 0x01, 0xe0, 0xc4, 0x0b, 0x22, 0x0b, 0x0b, 0x0b, 0xc4, 0xc4, 0x0b, 0x0b,
0x0b, 0x22, 0x0b, 0xc4, 0xc4, 0x0b, 0x22, 0x0b, 0x0b, 0x0b, 0xc4, 0xc4, 0x0b, 0x0b, 0x0b, 0x22,
0x0b, 0x01, 0xa8, 0xc4, 0x0b, 0x0b, 0x0b, 0x22, 0x0b, 0xc4, 0xc4, 0x0b, 0x22, 0x0b, 0x0b, 0x0b,
0xc4, 0xc4, 0x0b, 0x0b, 0x0b, 0x22, 0x0b, 0xc4, 0xc4, 0x0b, 0x22, 0x0b, 0x0b, 0x0b, 0x00, 0x05,
0x00, 0x78, 0x00, 0x92, 0x03, 0x48, 0x03, 0x30, 0x00, 0x16, 0x00, 0x28, 0x00, 0x35, 0x00, 0x3b,
0x00, 0x41, 0x00, 0x00, 0x01, 0x34, 0x26, 0x27, 0x26, 0x26, 0x37, 0x36, 0x36, 0x17, 0x16, 0x16,
0x14, 0x06, 0x07, 0x06, 0x26, 0x27, 0x26, 0x36, 0x37, 0x36, 0x36, 0x05, 0x23, 0x22, 0x26, 0x35,
0x35, 0x34, 0x36, 0x33, 0x33, 0x37, 0x36, 0x16, 0x15, 0x11, 0x14, 0x06, 0x27, 0x37, 0x14, 0x06,
0x07, 0x06, 0x26, 0x35, 0x35, 0x34, 0x36, 0x17, 0x16, 0x16, 0x25, 0x07, 0x23, 0x15, 0x33, 0x17,
0x27, 0x39, 0x04, 0x02, 0xf8, 0x58, 0x4a, 0x0f, 0x0e, 0x05, 0x06, 0x1f, 0x10, 0x61, 0x74, 0x74,
0x61, 0x10, 0x1f, 0x06, 0x05, 0x0e, 0x0f, 0x4a, 0x58, 0xfe, 0x20, 0x78, 0x11, 0x17, 0x17, 0x11,
0x78, 0x84, 0x13, 0x31, 0x31, 0x13, 0xf8, 0x26, 0x1f, 0x0a, 0x15, 0x15, 0x0a, 0x1f, 0x26, 0xfe,
0xfc, 0x56, 0x72, 0x72, 0x56, 0x64, 0x01, 0xe1, 0x53, 0x89, 0x22, 0x07, 0x1d, 0x0f, 0x10, 0x0e,
0x07, 0x2b, 0xb1, 0xd8, 0xb1, 0x2b, 0x07, 0x0e, 0x10, 0x0f, 0x1d, 0x07, 0x22, 0x89, 0x26, 0x17,
0x11, 0xa0, 0x11, 0x17, 0x84, 0x13, 0x15, 0x1b, 0xfe, 0x42, 0x1b, 0x15, 0x13, 0xfc, 0x2a, 0x4b,
0x18, 0x06, 0x0b, 0x0c, 0xfa, 0x0c, 0x0b, 0x06, 0x19, 0x4c, 0x54, 0x56, 0x50, 0x56, 0x7e, 0x00,
0x00, 0x03, 0x00, 0x78, 0x00, 0x92, 0x03, 0x48, 0x03, 0x30, 0x00, 0x16, 0x00, 0x28, 0x00, 0x35,
0x00, 0x00, 0x01, 0x34, 0x26, 0x27, 0x26, 0x26, 0x37, 0x36, 0x36, 0x17, 0x16, 0x16, 0x14, 0x06,
0x07, 0x06, 0x26, 0x27, 0x26, 0x36, 0x37, 0x36, 0x36, 0x05, 0x23, 0x22, 0x26, 0x35, 0x35, 0x34,
0x36, 0x33, 0x33, 0x37, 0x36, 0x16, 0x15, 0x11, 0x14, 0x06, 0x27, 0x37, 0x14, 0x06, 0x07, 0x06,
0x26, 0x35, 0x35, 0x34, 0x36, 0x17, 0x16, 0x16, 0x02, 0xf8, 0x58, 0x4a, 0x0f, 0x0e, 0x05, 0x06,
0x1f, 0x10, 0x61, 0x74, 0x74, 0x61, 0x10, 0x1f, 0x06, 0x05, 0x0e, 0x0f, 0x4a, 0x58, 0xfe, 0x20,
0x78, 0x11, 0x17, 0x17, 0x11, 0x78, 0x84, 0x13, 0x31, 0x31, 0x13, 0xf8, 0x26, 0x1f, 0x0a, 0x15,
0x15, 0x0a, 0x1f, 0x26, 0x01, 0xe1, 0x53, 0x89, 0x22, 0x07, 0x1d, 0x0f, 0x10, 0x0e, 0x07, 0x2b,
0xb1, 0xd8, 0xb1, 0x2b, 0x07, 0x0e, 0x10, 0x0f, 0x1d, 0x07, 0x22, 0x89, 0x26, 0x17, 0x11, 0xa0,
0x11, 0x17, 0x84, 0x13, 0x15, 0x1b, 0xfe, 0x42, 0x1b, 0x15, 0x13, 0xfc, 0x2a, 0x4b, 0x18, 0x06,
0x0b, 0x0c, 0xfa, 0x0c, 0x0b, 0x06, 0x19, 0x4c, 0x00, 0x06, 0x00, 0x49, 0x00, 0x49, 0x03, 0x48,
0x03, 0x3f, 0x00, 0x29, 0x00, 0x40, 0x00, 0x51, 0x00, 0x5d, 0x00, 0x64, 0x00, 0x6b, 0x00, 0x00,
0x25, 0x06, 0x06, 0x07, 0x06, 0x26, 0x27, 0x26, 0x36, 0x37, 0x36, 0x36, 0x37, 0x27, 0x15, 0x14,
0x06, 0x27, 0x27, 0x23, 0x22, 0x26, 0x35, 0x35, 0x34, 0x36, 0x33, 0x33, 0x27, 0x26, 0x34, 0x37,
0x36, 0x32, 0x17, 0x01, 0x16, 0x14, 0x07, 0x06, 0x22, 0x27, 0x03, 0x34, 0x26, 0x27, 0x26, 0x26,
0x37, 0x36, 0x36, 0x17, 0x16, 0x16, 0x15, 0x14, 0x06, 0x07, 0x06, 0x06, 0x26, 0x26, 0x37, 0x36,
0x36, 0x27, 0x16, 0x16, 0x15, 0x14, 0x14, 0x07, 0x06, 0x06, 0x27, 0x27, 0x26, 0x26, 0x35, 0x35,
0x34, 0x36, 0x27, 0x26, 0x34, 0x37, 0x37, 0x36, 0x16, 0x15, 0x15, 0x14, 0x06, 0x27, 0x03, 0x35,
0x27, 0x31, 0x23, 0x15, 0x33, 0x37, 0x39, 0x05, 0x02, 0x9f, 0x0b, 0x16, 0x0c, 0x0f, 0x1f, 0x06,
0x06, 0x0f, 0x0f, 0x04, 0x07, 0x04, 0x85, 0x31, 0x13, 0x84, 0x78, 0x11, 0x17, 0x17, 0x11, 0x58,
0xa4, 0x0b, 0x0b, 0x0b, 0x22, 0x0b, 0x02, 0xa8, 0x0b, 0x0b, 0x0b, 0x22, 0x0b, 0x04, 0x58, 0x4a,
0x0f, 0x0e, 0x05, 0x06, 0x1f, 0x10, 0x61, 0x74, 0x0c, 0x0b, 0x08, 0x21, 0x1c, 0x11, 0x08, 0x0b,
0x0a, 0xa9, 0x21, 0x24, 0x01, 0x02, 0x18, 0x0a, 0x33, 0x06, 0x06, 0x15, 0xbf, 0x06, 0x06, 0x16,
0x13, 0x31, 0x18, 0x0a, 0x2e, 0x48, 0x80, 0x72, 0x32, 0xb1, 0x07, 0x0c, 0x05, 0x07, 0x0e, 0x10,
0x0f, 0x1d, 0x07, 0x02, 0x04, 0x02, 0x85, 0x6f, 0x1b, 0x15, 0x13, 0x84, 0x17, 0x11, 0xa0, 0x11,
0x17, 0xa4, 0x0b, 0x22, 0x0b, 0x0b, 0x0b, 0xfd, 0x58, 0x0b, 0x22, 0x0b, 0x0b, 0x0b, 0x01, 0x8d,
0x53, 0x89, 0x22, 0x07, 0x1d, 0x0f, 0x10, 0x0e, 0x07, 0x2b, 0xb0, 0x6d, 0x21, 0x41, 0x1e, 0x16,
0x0b, 0x0a, 0x1a, 0x11, 0x1a, 0x35, 0xab, 0x15, 0x54, 0x26, 0x05, 0x0a, 0x05, 0x0d, 0x08, 0x0a,
0x33, 0x06, 0x0f, 0x08, 0x4d, 0x0c, 0x0b, 0x35, 0x06, 0x10, 0x06, 0x16, 0x13, 0x15, 0x1b, 0x3f,
0x0e, 0x0a, 0x0a, 0xfe, 0xf0, 0x5e, 0x48, 0x50, 0x2c, 0x00, 0x00, 0x04, 0x00, 0x49, 0x00, 0x49,
0x03, 0x48, 0x03, 0x3f, 0x00, 0x29, 0x00, 0x40, 0x00, 0x51, 0x00, 0x5d, 0x00, 0x00, 0x25, 0x06,
0x06, 0x07, 0x06, 0x26, 0x27, 0x26, 0x36, 0x37, 0x36, 0x36, 0x37, 0x27, 0x15, 0x14, 0x06, 0x27,
0x27, 0x23, 0x22, 0x26, 0x35, 0x35, 0x34, 0x36, 0x33, 0x33, 0x27, 0x26, 0x34, 0x37, 0x36, 0x32,
0x17, 0x01, 0x16, 0x14, 0x07, 0x06, 0x22, 0x27, 0x03, 0x34, 0x26, 0x27, 0x26, 0x26, 0x37, 0x36,
0x36, 0x17, 0x16, 0x16, 0x15, 0x14, 0x06, 0x07, 0x06, 0x06, 0x26, 0x26, 0x37, 0x36, 0x36, 0x27,
0x16, 0x16, 0x15, 0x14, 0x14, 0x07, 0x06, 0x06, 0x27, 0x27, 0x26, 0x26, 0x35, 0x35, 0x34, 0x36,
0x27, 0x26, 0x34, 0x37, 0x37, 0x36, 0x16, 0x15, 0x15, 0x14, 0x06, 0x27, 0x02, 0x9f, 0x0b, 0x16,
0x0c, 0x0f, 0x1f, 0x06, 0x06, 0x0f, 0x0f, 0x04, 0x07, 0x04, 0x85, 0x31, 0x13, 0x84, 0x78, 0x11,
0x17, 0x17, 0x11, 0x58, 0xa4, 0x0b, 0x0b, 0x0b, 0x22, 0x0b, 0x02, 0xa8, 0x0b, 0x0b, 0x0b, 0x22,
0x0b, 0x04, 0x58, 0x4a, 0x0f, 0x0e, 0x05, 0x06, 0x1f, 0x10, 0x61, 0x74, 0x0c, 0x0b, 0x08, 0x21,
0x1c, 0x11, 0x08, 0x0b, 0x0a, 0xa9, 0x21, 0x24, 0x01, 0x02, 0x18, 0x0a, 0x33, 0x06, 0x06, 0x15,
0xbf, 0x06, 0x06, 0x16, 0x13, 0x31, 0x18, 0x0a, 0xb1, 0x07, 0x0c, 0x05, 0x07, 0x0e, 0x10, 0x0f,
0x1d, 0x07, 0x02, 0x04, 0x02, 0x85, 0x6f, 0x1b, 0x15, 0x13, 0x84, 0x17, 0x11, 0xa0, 0x11, 0x17,
0xa4, 0x0b, 0x22, 0x0b, 0x0b, 0x0b, 0xfd, 0x58, 0x0b, 0x22, 0x0b, 0x0b, 0x0b, 0x01, 0x8d, 0x53,
0x89, 0x22, 0x07, 0x1d, 0x0f, 0x10, 0x0e, 0x07, 0x2b, 0xb0, 0x6d, 0x21, 0x41, 0x1e, 0x16, 0x0b,
0x0a, 0x1a, 0x11, 0x1a, 0x35, 0xab, 0x15, 0x54, 0x26, 0x05, 0x0a, 0x05, 0x0d, 0x08, 0x0a, 0x33,
0x06, 0x0f, 0x08, 0x4d, 0x0c, 0x0b, 0x35, 0x06, 0x10, 0x06, 0x16, 0x13, 0x15, 0x1b, 0x3f, 0x0e,
0x0a, 0x0a, 0x00, 0x03, 0x01, 0x40, 0x00, 0xe9, 0x02, 0xd5, 0x02, 0xd7, 0x00, 0x13, 0x00, 0x16,
0x00, 0x19, 0x00, 0x00, 0x01, 0x11, 0x34, 0x36, 0x33, 0x32, 0x16, 0x17, 0x05, 0x16, 0x16, 0x14,
0x06, 0x07, 0x05, 0x06, 0x06, 0x23, 0x22, 0x26, 0x37, 0x31, 0x31, 0x15, 0x37, 0x27, 0x01, 0x40,
0x18, 0x10, 0x05, 0x0b, 0x05, 0x01, 0x46, 0x09, 0x09, 0x09, 0x09, 0xfe, 0xba, 0x05, 0x0b, 0x05,
0x10, 0x18, 0x50, 0xd2, 0xd2, 0x01, 0x11, 0x01, 0x9e, 0x11, 0x17, 0x03, 0x03, 0xcf, 0x06, 0x12,
0x14, 0x12, 0x06, 0xcf, 0x03, 0x03, 0x17, 0xe0, 0x86, 0x86, 0x86, 0x00, 0x00, 0x01, 0x01, 0x40,
0x00, 0xe9, 0x02, 0xd5, 0x02, 0xd7, 0x00, 0x13, 0x00, 0x00, 0x01, 0x11, 0x34, 0x36, 0x33, 0x32,
0x16, 0x17, 0x05, 0x16, 0x16, 0x14, 0x06, 0x07, 0x05, 0x06, 0x06, 0x23, 0x22, 0x26, 0x01, 0x40,
0x18, 0x10, 0x05, 0x0b, 0x05, 0x01, 0x46, 0x09, 0x09, 0x09, 0x09, 0xfe, 0xba, 0x05, 0x0b, 0x05,
0x10, 0x18, 0x01, 0x11, 0x01, 0x9e, 0x11, 0x17, 0x03, 0x03, 0xcf, 0x06, 0x12, 0x14, 0x12, 0x06,
0xcf, 0x03, 0x03, 0x17, 0x00, 0x06, 0x00, 0xc8, 0x00, 0xc8, 0x02, 0xf8, 0x02, 0xf8, 0x00, 0x0f,
0x00, 0x1f, 0x00, 0x23, 0x00, 0x27, 0x00, 0x2b, 0x00, 0x2f, 0x00, 0x00, 0x25, 0x22, 0x26, 0x35,
0x11, 0x34, 0x36, 0x33, 0x33, 0x32, 0x16, 0x15, 0x11, 0x14, 0x06, 0x23, 0x21, 0x22, 0x26, 0x35,
0x11, 0x34, 0x36, 0x33, 0x33, 0x32, 0x16, 0x15, 0x11, 0x14, 0x06, 0x23, 0x37, 0x33, 0x11, 0x23,
0x01, 0x33, 0x11, 0x23, 0x31, 0x31, 0x11, 0x31, 0x01, 0x31, 0x11, 0x31, 0x02, 0x58, 0x21, 0x2f,
0x2f, 0x21, 0x50, 0x21, 0x2f, 0x2f, 0x21, 0xfe, 0x70, 0x21, 0x2f, 0x2f, 0x21, 0x50, 0x21, 0x2f,
0x2f, 0x21, 0xf0, 0x50, 0x50, 0xfe, 0xc0, 0x50, 0x50, 0x01, 0x40, 0xc8, 0x2f, 0x21, 0x01, 0x90,
0x21, 0x2f, 0x2f, 0x21, 0xfe, 0x70, 0x21, 0x2f, 0x2f, 0x21, 0x01, 0x90, 0x21, 0x2f, 0x2f, 0x21,
0xfe, 0x70, 0x21, 0x2f, 0x50, 0x01, 0x90, 0xfe, 0x70, 0x01, 0x90, 0xfe, 0x70, 0x01, 0x90, 0xfe,
0x70, 0x00, 0x00, 0x02, 0x00, 0xf0, 0x00, 0xc8, 0x02, 0xd0, 0x02, 0xf8, 0x00, 0x0f, 0x00, 0x1f,
0x00, 0x00, 0x25, 0x22, 0x26, 0x35, 0x11, 0x34, 0x36, 0x33, 0x31, 0x32, 0x16, 0x15, 0x11, 0x14,
0x06, 0x23, 0x21, 0x22, 0x26, 0x35, 0x11, 0x34, 0x36, 0x33, 0x31, 0x32, 0x16, 0x15, 0x11, 0x14,
0x06, 0x23, 0x02, 0x80, 0x21, 0x2f, 0x2f, 0x21, 0x21, 0x2f, 0x2f, 0x21, 0xfe, 0xc0, 0x21, 0x2f,
0x2f, 0x21, 0x21, 0x2f, 0x2f, 0x21, 0xc8, 0x2f, 0x21, 0x01, 0x90, 0x21, 0x2f, 0x2f, 0x21, 0xfe,
0x70, 0x21, 0x2f, 0x2f, 0x21, 0x01, 0x90, 0x21, 0x2f, 0x2f, 0x21, 0xfe, 0x70, 0x21, 0x2f, 0x00,
0x00, 0x03, 0x00, 0xa0, 0x00, 0xa0, 0x03, 0x20, 0x03, 0x20, 0x00, 0x0f, 0x00, 0x1f, 0x00, 0x2f,
0x00, 0x00, 0x25, 0x22, 0x26, 0x35, 0x35, 0x34, 0x36, 0x33, 0x33, 0x32, 0x16, 0x15, 0x15, 0x14,
0x06, 0x23, 0x21, 0x22, 0x26, 0x35, 0x11, 0x34, 0x36, 0x33, 0x33, 0x32, 0x16, 0x15, 0x11, 0x14,
0x06, 0x23, 0x21, 0x22, 0x26, 0x35, 0x11, 0x34, 0x36, 0x33, 0x33, 0x32, 0x16, 0x15, 0x11, 0x14,
0x06, 0x23, 0x02, 0xa8, 0x11, 0x17, 0x17, 0x11, 0x50, 0x11, 0x17, 0x17, 0x11, 0xfe, 0xc0, 0x11,
0x17, 0x17, 0x11, 0x50, 0x11, 0x17, 0x17, 0x11, 0xfe, 0xc0, 0x11, 0x17, 0x17, 0x11, 0x50, 0x11,
0x17, 0x17, 0x11, 0xa0, 0x17, 0x11, 0xc8, 0x11, 0x17, 0x17, 0x11, 0xc8, 0x11, 0x17, 0x17, 0x11,
0x02, 0x30, 0x11, 0x17, 0x17, 0x11, 0xfd, 0xd0, 0x11, 0x17, 0x17, 0x11, 0x01, 0x68, 0x11, 0x17,
0x17, 0x11, 0xfe, 0x98, 0x11, 0x17, 0x00, 0x00, 0x00, 0x01, 0x00, 0x00, 0x00, 0x16, 0x01, 0x6d,
0x00, 0x22, 0x00, 0x00, 0x00, 0x00, 0x00, 0x01, 0x00, 0x00, 0x00, 0x00, 0x00, 0x00, 0x00, 0x00,
0x00, 0x00, 0x00, 0x00, 0x00, 0x00, 0x00, 0x00, 0x00, 0x00, 0x00, 0x00, 0x00, 0x56, 0x00, 0x96,
0x01, 0x02, 0x01, 0x6d, 0x01, 0xe2, 0x02, 0x3c, 0x02, 0x94, 0x02, 0xcc, 0x03, 0x28, 0x03, 0x84,
0x03, 0xb5, 0x03, 0xe9, 0x04, 0x4a, 0x04, 0x9e, 0x05, 0x37, 0x05, 0xc3, 0x05, 0xf0, 0x06, 0x14,
0x06, 0x5b, 0x06, 0x8a, 0x06, 0xcd, 0x00, 0x00, 0x00, 0x01, 0x00, 0x00, 0x00, 0x02, 0xf7, 0x8d,
0xb5, 0x50, 0xf5, 0xd4, 0x5f, 0x0f, 0x3c, 0xf5, 0x08, 0x02, 0x03, 0xc0, 0x00, 0x00, 0x00, 0x00,
0xe6, 0xb6, 0x44, 0x5e, 0x00, 0x00, 0x00, 0x00, 0xe6, 0xb6, 0x51, 0x8c, 0xff, 0xf4, 0xff, 0xa5,
0x03, 0xcc, 0x03, 0xc2, 0x00, 0x00, 0x00, 0x06, 0x00, 0x02, 0x00, 0x00, 0x00, 0x00, 0x00, 0x00,
0x03, 0xc0, 0x00, 0xc8, 0x00, 0xc8, 0x00, 0xc8, 0x00, 0x78, 0x00, 0x78, 0x00, 0x78, 0x00, 0x78,
0x00, 0x50, 0x00, 0x50, 0x00, 0x78, 0x00, 0x78, 0x00, 0xb1, 0x00, 0xd9, 0x00, 0x78, 0x00, 0x78,
0x00, 0x49, 0x00, 0x49, 0x01, 0x40, 0x01, 0x40, 0x00, 0xc8, 0x00, 0xf0, 0x00, 0xa0, 0x00, 0x00,
0x00, 0x01, 0x00, 0x00, 0x04, 0x20, 0xff, 0xa0, 0x00, 0x00, 0x03, 0xc0, 0xff, 0xf4, 0xff, 0xf4,
0x03, 0xcc, 0x03, 0xc0, 0x00, 0x00, 0x00, 0x00, 0x00, 0x00, 0x00, 0x00, 0x00, 0x00, 0x00, 0x00,
0x00, 0x00, 0x00, 0x01, 0x00, 0x04, 0x03, 0xc0, 0x01, 0x90, 0x00, 0x05, 0x00, 0x00, 0x00, 0x00,
0x00, 0x00, 0x00, 0x00, 0x00, 0x00, 0x00, 0x00, 0x00, 0x00, 0x00, 0x00, 0x00, 0x00, 0x00, 0x00,
0x00, 0x00, 0x00, 0x00, 0x05, 0x0a, 0x01, 0x03, 0x01, 0x02, 0x02, 0x02, 0x02, 0x02, 0x00, 0x00,
0x00, 0x00, 0x10, 0x00, 0x00, 0x00, 0x00, 0x00, 0x00, 0x00, 0x00, 0x00, 0x00, 0x00, 0x47, 0x4f,
0x4f, 0x47, 0x00, 0xc0, 0xe0, 0x34, 0xef, 0x3e, 0x04, 0x20, 0xff, 0xa0, 0x00, 0x00, 0x04, 0x26,
0x00, 0x5b, 0x00, 0x00, 0x00, 0x01, 0x00, 0x00, 0x00, 0x00, 0x03, 0xc0, 0x03, 0xc0, 0x00, 0x00,
0x00, 0x20, 0x00, 0x2b, 0x00, 0x00, 0x00, 0x02, 0x00, 0x00, 0x00, 0x03, 0x00, 0x00, 0x00, 0x14,
0x00, 0x03, 0x00, 0x01, 0x00, 0x00, 0x00, 0x14, 0x00, 0x04, 0x00, 0x80, 0x00, 0x00, 0x00, 0x1a,
0x00, 0x10, 0x00, 0x03, 0x00, 0x0a, 0xe0, 0x34, 0xe0, 0x37, 0xe0, 0x50, 0xe0, 0x58, 0xe0, 0x5b,
0xe2, 0x6b, 0xe2, 0xc8, 0xe5, 0x5e, 0xe5, 0xc4, 0xe5, 0xcd, 0xe5, 0xd1, 0xef, 0x3e, 0xff, 0xff,
0x00, 0x00, 0xe0, 0x34, 0xe0, 0x37, 0xe0, 0x4f, 0xe0, 0x58, 0xe0, 0x5b, 0xe2, 0x6b, 0xe2, 0xc8,
0xe5, 0x5e, 0xe5, 0xc4, 0xe5, 0xcd, 0xe5, 0xd0, 0xef, 0x3e, 0xff, 0xff, 0x1f, 0xdf, 0x1f, 0xda,
0x00, 0x00, 0x1f, 0xac, 0x1f, 0xa8, 0x1d, 0xaa, 0x1d, 0x3f, 0x1a, 0xa3, 0x1a, 0x47, 0x1a, 0x3f,
0x00, 0x00, 0x10, 0xc7, 0x00, 0x01, 0x00, 0x00, 0x00, 0x00, 0x00, 0x16, 0x00, 0x00, 0x00, 0x00,
0x00, 0x00, 0x00, 0x00, 0x00, 0x00, 0x00, 0x00, 0x00, 0x00, 0x00, 0x0a, 0x00, 0x00, 0x00, 0x00,
0x00, 0x0f, 0x00, 0x0d, 0x00, 0x0a, 0x00, 0x09, 0xb8, 0x01, 0xff, 0x85, 0xb0, 0x04, 0x8d, 0x00,
0x00, 0x00, 0x00, 0x13, 0x00, 0xea, 0x00, 0x03, 0x00, 0x01, 0x04, 0x09, 0x00, 0x00, 0x00, 0x60,
0x00, 0x00, 0x00, 0x03, 0x00, 0x01, 0x04, 0x09, 0x00, 0x01, 0x00, 0x30, 0x00, 0x60, 0x00, 0x03,
0x00, 0x01, 0x04, 0x09, 0x00, 0x02, 0x00, 0x0e, 0x00, 0x90, 0x00, 0x03, 0x00, 0x01, 0x04, 0x09,
0x00, 0x03, 0x00, 0x52, 0x00, 0x9e, 0x00, 0x03, 0x00, 0x01, 0x04, 0x09, 0x00, 0x04, 0x00, 0x40,
0x00, 0xf0, 0x00, 0x03, 0x00, 0x01, 0x04, 0x09, 0x00, 0x05, 0x00, 0x1a, 0x01, 0x30, 0x00, 0x03,
0x00, 0x01, 0x04, 0x09, 0x00, 0x06, 0x00, 0x3c, 0x01, 0x4a, 0x00, 0x03, 0x00, 0x01, 0x04, 0x09,
0x01, 0x00, 0x00, 0x08, 0x01, 0x86, 0x00, 0x03, 0x00, 0x01, 0x04, 0x09, 0x01, 0x01, 0x00, 0x0a,
0x01, 0x8e, 0x00, 0x03, 0x00, 0x01, 0x04, 0x09, 0x01, 0x02, 0x00, 0x18, 0x01, 0x98, 0x00, 0x03,
0x00, 0x01, 0x04, 0x09, 0x01, 0x03, 0x00, 0x0c, 0x01, 0xb0, 0x00, 0x03, 0x00, 0x01, 0x04, 0x09,
0x01, 0x04, 0x00, 0x08, 0x01, 0xbc, 0x00, 0x03, 0x00, 0x01, 0x04, 0x09, 0x01, 0x05, 0x00, 0x14,
0x01, 0xc4, 0x00, 0x03, 0x00, 0x01, 0x04, 0x09, 0x01, 0x06, 0x00, 0x0a, 0x01, 0xd8, 0x00, 0x03,
0x00, 0x01, 0x04, 0x09, 0x01, 0x07, 0x00, 0x0c, 0x01, 0xe2, 0x00, 0x03, 0x00, 0x01, 0x04, 0x09,
0x01, 0x08, 0x00, 0x10, 0x01, 0xee, 0x00, 0x03, 0x00, 0x01, 0x04, 0x09, 0x01, 0x09, 0x00, 0x08,
0x01, 0xfe, 0x00, 0x03, 0x00, 0x01, 0x04, 0x09, 0x01, 0x0a, 0x00, 0x0c, 0x02, 0x06, 0x00, 0x03,
0x00, 0x01, 0x04, 0x09, 0x01, 0x0b, 0x00, 0x08, 0x02, 0x12, 0x00, 0x43, 0x00, 0x6f, 0x00, 0x70,
0x00, 0x79, 0x00, 0x72, 0x00, 0x69, 0x00, 0x67, 0x00, 0x68, 0x00, 0x74, 0x00, 0x20, 0x00, 0x32,
0x00, 0x30, 0x00, 0x32, 0x00, 0x36, 0x00, 0x20, 0x00, 0x47, 0x00, 0x6f, 0x00, 0x6f, 0x00, 0x67,
0x00, 0x6c, 0x00, 0x65, 0x00, 0x20, 0x00, 0x4c, 0x00, 0x4c, 0x00, 0x43, 0x00, 0x2e, 0x00, 0x20,
0x00, 0x20, 0x00, 0x41, 0x00, 0x6c, 0x00, 0x6c, 0x00, 0x20, 0x00, 0x52, 0x00, 0x69, 0x00, 0x67,
0x00, 0x68, 0x00, 0x74, 0x00, 0x73, 0x00, 0x20, 0x00, 0x52, 0x00, 0x65, 0x00, 0x73, 0x00, 0x65,
0x00, 0x72, 0x00, 0x76, 0x00, 0x65, 0x00, 0x64, 0x00, 0x2e, 0x00, 0x4d, 0x00, 0x61, 0x00, 0x74,
0x00, 0x65, 0x00, 0x72, 0x00, 0x69, 0x00, 0x61, 0x00, 0x6c, 0x00, 0x20, 0x00, 0x53, 0x00, 0x79,
0x00, 0x6d, 0x00, 0x62, 0x00, 0x6f, 0x00, 0x6c, 0x00, 0x73, 0x00, 0x20, 0x00, 0x52, 0x00, 0x6f,
0x00, 0x75, 0x00, 0x6e, 0x00, 0x64, 0x00, 0x65, 0x00, 0x64, 0x00, 0x52, 0x00, 0x65, 0x00, 0x67,
0x00, 0x75, 0x00, 0x6c, 0x00, 0x61, 0x00, 0x72, 0x00, 0x32, 0x00, 0x2e, 0x00, 0x39, 0x00, 0x36,
0x00, 0x37, 0x00, 0x3b, 0x00, 0x47, 0x00, 0x4f, 0x00, 0x4f, 0x00, 0x47, 0x00, 0x3b, 0x00, 0x4d,
0x00, 0x61, 0x00, 0x74, 0x00, 0x65, 0x00, 0x72, 0x00, 0x69, 0x00, 0x61, 0x00, 0x6c, 0x00, 0x53,
0x00, 0x79, 0x00, 0x6d, 0x00, 0x62, 0x00, 0x6f, 0x00, 0x6c, 0x00, 0x73, 0x00, 0x52, 0x00, 0x6f,
0x00, 0x75, 0x00, 0x6e, 0x00, 0x64, 0x00, 0x65, 0x00, 0x64, 0x00, 0x2d, 0x00, 0x52, 0x00, 0x65,
0x00, 0x67, 0x00, 0x75, 0x00, 0x6c, 0x00, 0x61, 0x00, 0x72, 0x00, 0x4d, 0x00, 0x61, 0x00, 0x74,
0x00, 0x65, 0x00, 0x72, 0x00, 0x69, 0x00, 0x61, 0x00, 0x6c, 0x00, 0x20, 0x00, 0x53, 0x00, 0x79,
0x00, 0x6d, 0x00, 0x62, 0x00, 0x6f, 0x00, 0x6c, 0x00, 0x73, 0x00, 0x20, 0x00, 0x52, 0x00, 0x6f,
0x00, 0x75, 0x00, 0x6e, 0x00, 0x64, 0x00, 0x65, 0x00, 0x64, 0x00, 0x20, 0x00, 0x52, 0x00, 0x65,
0x00, 0x67, 0x00, 0x75, 0x00, 0x6c, 0x00, 0x61, 0x00, 0x72, 0x00, 0x56, 0x00, 0x65, 0x00, 0x72,
0x00, 0x73, 0x00, 0x69, 0x00, 0x6f, 0x00, 0x6e, 0x00, 0x20, 0x00, 0x32, 0x00, 0x2e, 0x00, 0x39,
0x00, 0x36, 0x00, 0x37, 0x00, 0x4d, 0x00, 0x61, 0x00, 0x74, 0x00, 0x65, 0x00, 0x72, 0x00, 0x69,
0x00, 0x61, 0x00, 0x6c, 0x00, 0x53, 0x00, 0x79, 0x00, 0x6d, 0x00, 0x62, 0x00, 0x6f, 0x00, 0x6c,
0x00, 0x73, 0x00, 0x52, 0x00, 0x6f, 0x00, 0x75, 0x00, 0x6e, 0x00, 0x64, 0x00, 0x65, 0x00, 0x64,
0x00, 0x2d, 0x00, 0x52, 0x00, 0x65, 0x00, 0x67, 0x00, 0x75, 0x00, 0x6c, 0x00, 0x61, 0x00, 0x72,
0x00, 0x46, 0x00, 0x69, 0x00, 0x6c, 0x00, 0x6c, 0x00, 0x47, 0x00, 0x72, 0x00, 0x61, 0x00, 0x64,
0x00, 0x65, 0x00, 0x4f, 0x00, 0x70, 0x00, 0x74, 0x00, 0x69, 0x00, 0x63, 0x00, 0x61, 0x00, 0x6c,
0x00, 0x20, 0x00, 0x53, 0x00, 0x69, 0x00, 0x7a, 0x00, 0x65, 0x00, 0x57, 0x00, 0x65, 0x00, 0x69,
0x00, 0x67, 0x00, 0x68, 0x00, 0x74, 0x00, 0x54, 0x00, 0x68, 0x00, 0x69, 0x00, 0x6e, 0x00, 0x45,
0x00, 0x78, 0x00, 0x74, 0x00, 0x72, 0x00, 0x61, 0x00, 0x4c, 0x00, 0x69, 0x00, 0x67, 0x00, 0x68,
0x00, 0x74, 0x00, 0x4c, 0x00, 0x69, 0x00, 0x67, 0x00, 0x68, 0x00, 0x74, 0x00, 0x4d, 0x00, 0x65,
0x00, 0x64, 0x00, 0x69, 0x00, 0x75, 0x00, 0x6d, 0x00, 0x53, 0x00, 0x65, 0x00, 0x6d, 0x00, 0x69,
0x00, 0x42, 0x00, 0x6f, 0x00, 0x6c, 0x00, 0x64, 0x00, 0x42, 0x00, 0x6f, 0x00, 0x6c, 0x00, 0x64,
0x00, 0x4e, 0x00, 0x6f, 0x00, 0x72, 0x00, 0x6d, 0x00, 0x61, 0x00, 0x6c, 0x00, 0x32, 0x00, 0x34,
0x00, 0x70, 0x00, 0x74, 0x00, 0x03, 0x00, 0x00, 0x00, 0x00, 0x00, 0x00, 0x00, 0x00, 0x00, 0x00,
0x00, 0x00, 0x00, 0x01, 0x00, 0x00, 0x00, 0x00, 0x00, 0x00, 0x00, 0x00, 0x00, 0x00, 0x00, 0x00,
0x00, 0x00, 0x00, 0x00, 0x00, 0x01, 0x00, 0x01, 0xff, 0xff, 0x00, 0x0f, 0x00, 0x01, 0x00, 0x01,
0x00, 0x1a, 0x00, 0x12, 0x00, 0x0e, 0x00, 0x00, 0x00, 0x58, 0x00, 0x01, 0x00, 0x1a, 0x00, 0x01,
0x72, 0x63, 0x6c, 0x74, 0x00, 0x1e, 0x00, 0x02, 0x44, 0x46, 0x4c, 0x54, 0x00, 0x1a, 0x6c, 0x61,
0x74, 0x6e, 0x00, 0x1a, 0x00, 0x01, 0x00, 0x00, 0x00, 0x01, 0x00, 0x10, 0x00, 0x00, 0x00, 0x00,
0x00, 0x0a, 0x00, 0x00, 0x00, 0x01, 0x00, 0x0e, 0x00, 0x01, 0x00, 0x00, 0xff, 0xff, 0x00, 0x01,
0x00, 0x00, 0x00, 0x01, 0x00, 0x07, 0x00, 0x01, 0x00, 0x05, 0x00, 0x07, 0x00, 0x0d, 0x00, 0x0f,
0x00, 0x11, 0x00, 0x13, 0x00, 0x01, 0x00, 0x00, 0x00, 0x00, 0x00, 0x01, 0x00, 0x00, 0x00, 0x10,
0x00, 0x00, 0x00, 0x16, 0x00, 0x01, 0x00, 0x00, 0x00, 0x12, 0x00, 0x01, 0x00, 0x00, 0x00, 0x01,
0x00, 0x00, 0x00, 0x00, 0x00, 0x14, 0x00, 0x01, 0x00, 0x00, 0x3f, 0x5c, 0x40, 0x00, 0x00, 0x00,
0x00, 0x01, 0x00, 0x00, 0x00, 0x01, 0x00, 0x00, 0x00, 0x00, 0x00, 0x14, 0x00, 0x00, 0x00, 0x00,
0x00, 0x00, 0x00, 0x00, 0x00, 0x00, 0x00, 0x00, 0x00, 0x01, 0x00, 0x00, 0x00, 0x0c, 0x00, 0x01,
0x00, 0x00, 0x00, 0x10, 0x00, 0x04, 0x00, 0x00, 0x00, 0x16, 0x00, 0x00, 0x00, 0x00, 0x00, 0x00,
0x00, 0x01, 0x00, 0x01, 0x00, 0x08, 0x00, 0x04, 0x00, 0x00, 0x00, 0x14, 0x00, 0x0a, 0x00, 0x00,
0x00, 0x34, 0x00, 0x02, 0x46, 0x49, 0x4c, 0x4c, 0x01, 0x00, 0x00, 0x00, 0x47, 0x52, 0x41, 0x44,
0x01, 0x01, 0x00, 0x01, 0x6f, 0x70, 0x73, 0x7a, 0x01, 0x02, 0x00, 0x02, 0x77, 0x67, 0x68, 0x74,
0x01, 0x03, 0x00, 0x03, 0x00, 0x14, 0x00, 0x20, 0x00, 0x2c, 0x00, 0x38, 0x00, 0x44, 0x00, 0x50,
0x00, 0x5c, 0x00, 0x6c, 0x00, 0x78, 0x00, 0x84, 0x00, 0x01, 0x00, 0x00, 0x00, 0x02, 0x01, 0x0a,
0x00, 0x00, 0x00, 0x00, 0x00, 0x01, 0x00, 0x01, 0x00, 0x02, 0x01, 0x0a, 0x00, 0x00, 0x00, 0x00,
0x00, 0x01, 0x00, 0x02, 0x00, 0x02, 0x01, 0x0b, 0x00, 0x18, 0x00, 0x00, 0x00, 0x01, 0x00, 0x03,
0x00, 0x00, 0x01, 0x04, 0x00, 0x64, 0x00, 0x00, 0x00, 0x01, 0x00, 0x03, 0x00, 0x00, 0x01, 0x05,
0x00, 0xc8, 0x00, 0x00, 0x00, 0x01, 0x00, 0x03, 0x00, 0x00, 0x01, 0x06, 0x01, 0x2c, 0x00, 0x00,
0x00, 0x03, 0x00, 0x03, 0x00, 0x02, 0x00, 0x02, 0x01, 0x90, 0x00, 0x00, 0x02, 0xbc, 0x00, 0x00,
0x00, 0x01, 0x00, 0x03, 0x00, 0x00, 0x01, 0x07, 0x01, 0xf4, 0x00, 0x00, 0x00, 0x01, 0x00, 0x03,
0x00, 0x00, 0x01, 0x08, 0x02, 0x58, 0x00, 0x00, 0x00, 0x01, 0x00, 0x03, 0x00, 0x00, 0x01, 0x09,
0x02, 0xbc, 0x00, 0x00, 0x00, 0x01, 0x00, 0x00, 0x00, 0x10, 0x00, 0x02, 0x00, 0x04, 0x00, 0x14,
0x00, 0x07, 0x00, 0x14, 0x46, 0x49, 0x4c, 0x4c, 0x00, 0x00, 0x00, 0x00, 0x00, 0x00, 0x00, 0x00,
0x00, 0x01, 0x00, 0x00, 0x00, 0x00, 0x01, 0x00, 0x47, 0x52, 0x41, 0x44, 0xff, 0xce, 0x00, 0x00,
0x00, 0x00, 0x00, 0x00, 0x00, 0xc8, 0x00, 0x00, 0x00, 0x00, 0x01, 0x01, 0x6f, 0x70, 0x73, 0x7a,
0x00, 0x14, 0x00, 0x00, 0x00, 0x18, 0x00, 0x00, 0x00, 0x30, 0x00, 0x00, 0x00, 0x00, 0x01, 0x02,
0x77, 0x67, 0x68, 0x74, 0x00, 0x64, 0x00, 0x00, 0x01, 0x90, 0x00, 0x00, 0x02, 0xbc, 0x00, 0x00,
0x00, 0x00, 0x01, 0x03, 0x01, 0x04, 0x00, 0x00, 0x00, 0x00, 0x00, 0x00, 0x00, 0x00, 0x00, 0x00,
0x00, 0x18, 0x00, 0x00, 0x00, 0x64, 0x00, 0x00, 0x01, 0x05, 0x00, 0x00, 0x00, 0x00, 0x00, 0x00,
0x00, 0x00, 0x00, 0x00, 0x00, 0x18, 0x00, 0x00, 0x00, 0xc8, 0x00, 0x00, 0x01, 0x06, 0x00, 0x00,
0x00, 0x00, 0x00, 0x00, 0x00, 0x00, 0x00, 0x00, 0x00, 0x18, 0x00, 0x00, 0x01, 0x2c, 0x00, 0x00,
0x00, 0x02, 0x00, 0x00, 0x00, 0x00, 0x00, 0x00, 0x00, 0x00, 0x00, 0x00, 0x00, 0x18, 0x00, 0x00,
0x01, 0x90, 0x00, 0x00, 0x01, 0x07, 0x00, 0x00, 0x00, 0x00, 0x00, 0x00, 0x00, 0x00, 0x00, 0x00,
0x00, 0x18, 0x00, 0x00, 0x01, 0xf4, 0x00, 0x00, 0x01, 0x08, 0x00, 0x00, 0x00, 0x00, 0x00, 0x00,
0x00, 0x00, 0x00, 0x00, 0x00, 0x18, 0x00, 0x00, 0x02, 0x58, 0x00, 0x00, 0x01, 0x09, 0x00, 0x00,
0x00, 0x00, 0x00, 0x00, 0x00, 0x00, 0x00, 0x00, 0x00, 0x18, 0x00, 0x00, 0x02, 0xbc, 0x00, 0x00,
0x00, 0x01, 0x00, 0x00, 0x00, 0x00, 0x00, 0x04, 0x00, 0x03, 0xc0, 0x00, 0xc0, 0x00, 0x00, 0x00,
0x00, 0x00, 0x40, 0x00, 0x40, 0x00, 0x00, 0x03, 0xc0, 0x00, 0xc0, 0x00, 0x00, 0x00, 0x00, 0x00,
0x40, 0x00, 0x40, 0x00, 0x00, 0x03, 0xc0, 0x00, 0xc0, 0x00, 0x00, 0x00, 0x00, 0x00, 0x40, 0x00,
0x40, 0x00, 0x00, 0x07, 0xc0, 0x00, 0xc0, 0x00, 0xd5, 0x55, 0xce, 0xc5, 0xea, 0xab, 0xe7, 0x62,
0x00, 0x00, 0x00, 0x00, 0x15, 0x55, 0x0f, 0x4e, 0x2a, 0xab, 0x24, 0x2d, 0x40, 0x00, 0x40, 0x00,
0x00, 0x01, 0x00, 0x00, 0x00, 0x04, 0x00, 0x19, 0x00, 0x00, 0x00, 0x42, 0x00, 0x16, 0x00, 0x00,
0x00, 0x00, 0x01, 0x0a, 0x00, 0x00, 0x00, 0x00, 0x03, 0x4a, 0x05, 0x27, 0x08, 0xd1, 0x0c, 0x7b,
0x0f, 0xef, 0x12, 0x67, 0x15, 0xe4, 0x17, 0xd9, 0x1a, 0xb0, 0x1d, 0x78, 0x1e, 0xf0, 0x20, 0xa2,
0x24, 0x42, 0x26, 0xf0, 0x2c, 0xd6, 0x31, 0x71, 0x33, 0x19, 0x34, 0x23, 0x37, 0x1f, 0x38, 0x8b,
0x3a, 0xb8, 0x00, 0x00, 0x00, 0x00, 0x00, 0x00, 0x40, 0x00, 0x00, 0x00, 0x00, 0x00, 0x00, 0x00,
0xc0, 0x00, 0x00, 0x00, 0x00, 0x00, 0x40, 0x00, 0x00, 0x00, 0x00, 0x00, 0x00, 0x00, 0x40, 0x00,
0x40, 0x00, 0x00, 0x00, 0x00, 0x00, 0x40, 0x00, 0xc0, 0x00, 0x00, 0x00, 0x00, 0x00, 0xc0, 0x00,
0x00, 0x00, 0x00, 0x00, 0x40, 0x00, 0x00, 0x00, 0x00, 0x00, 0x00, 0x00, 0x40, 0x00, 0x00, 0x00,
0x40, 0x00, 0x00, 0x00, 0x40, 0x00, 0x40, 0x00, 0x00, 0x00, 0x00, 0x00, 0xc0, 0x00, 0x00, 0x00,
0x00, 0x00, 0x00, 0x00, 0xc0, 0x00, 0x00, 0x00, 0xc0, 0x00, 0x00, 0x00, 0xc0, 0x00, 0x40, 0x00,
0x00, 0x00, 0x40, 0x00, 0x00, 0x00, 0xc0, 0x00, 0x00, 0x00, 0x40, 0x00, 0x00, 0x00, 0x00, 0x00,
0x00, 0x00, 0x40, 0x00, 0x00, 0x00, 0x00, 0x00, 0x40, 0x00, 0x40, 0x00, 0x00, 0x00, 0x40, 0x00,
0x00, 0x00, 0x40, 0x00, 0x00, 0x00, 0x40, 0x00, 0x40, 0x00, 0x40, 0x00, 0x00, 0x00, 0x40, 0x00,
0xc0, 0x00, 0x40, 0x00, 0x40, 0x00, 0x00, 0x00, 0x40, 0x00, 0x40, 0x00, 0x40, 0x00, 0x40, 0x00,
0x00, 0x00, 0x40, 0x00, 0xc0, 0x00, 0x00, 0x00, 0x00, 0x00, 0x40, 0x00, 0xc0, 0x00, 0x00, 0x00,
0xc0, 0x00, 0x40, 0x00, 0xc0, 0x00, 0x40, 0x00, 0x00, 0x00, 0x40, 0x00, 0x00, 0x00, 0x00, 0x00,
0xc0, 0x00, 0x40, 0x00, 0x40, 0x00, 0x00, 0x00, 0x00, 0x00, 0x80, 0x19, 0x00, 0x68, 0x00, 0x2e,
0x00, 0x0d, 0x00, 0x5a, 0x00, 0x09, 0x00, 0x73, 0x20, 0x06, 0x00, 0x55, 0x20, 0x05, 0x00, 0x58,
0x00, 0x02, 0x00, 0x65, 0x20, 0x01, 0x00, 0x79, 0x00, 0x00, 0x00, 0x1b, 0x00, 0x14, 0x00, 0x1b,
0x00, 0x18, 0x00, 0x1b, 0x00, 0x0c, 0x00, 0x1b, 0x00, 0x0f, 0x00, 0x15, 0x00, 0x17, 0x00, 0x1b,
0x00, 0x0e, 0x00, 0x58, 0x20, 0x0b, 0x00, 0x78, 0x20, 0x08, 0x00, 0x59, 0x00, 0x0a, 0x00, 0x79,
0x00, 0x07, 0x00, 0x54, 0x00, 0x04, 0x00, 0x79, 0x00, 0x03, 0x00, 0x13, 0x00, 0x16, 0x00, 0x1b,
0x00, 0x13, 0x00, 0x1b, 0x00, 0x15, 0x00, 0x1b, 0x00, 0x12, 0x00, 0x1b, 0x00, 0x11, 0x00, 0x1b,
0x00, 0x10, 0x00, 0xb5, 0x00, 0x9d, 0x42, 0xff, 0x38, 0xff, 0x38, 0xff, 0x38, 0x01, 0xa8, 0x58,
0x42, 0x00, 0xc8, 0x00, 0xc8, 0x00, 0xc8, 0x00, 0x63, 0x83, 0xb4, 0x41, 0xfe, 0xd5, 0xff, 0x25,
0x02, 0xb9, 0xfa, 0x54, 0x41, 0x00, 0xc8, 0x00, 0xc8, 0x02, 0x54, 0xfa, 0xb9, 0x40, 0xff, 0x25,
0x83, 0x80, 0x19, 0xfb, 0xf6, 0xf6, 0xf6, 0xfc, 0x04, 0x0a, 0x0a, 0x0a, 0x05, 0x01, 0x03, 0x04,
0x0c, 0x14, 0x14, 0x14, 0x0a, 0xf6, 0xec, 0xec, 0xec, 0xf4, 0xfc, 0xfd, 0xff, 0x8b, 0x0d, 0x0f,
0x12, 0x14, 0x14, 0x14, 0x12, 0x0f, 0xf1, 0xee, 0xec, 0xec, 0xec, 0xee, 0xf1, 0x8e, 0x1a, 0xfe,
0xfc, 0x07, 0x05, 0xff, 0xf6, 0xf6, 0xff, 0x05, 0x07, 0xfc, 0x09, 0x08, 0x08, 0x06, 0x0a, 0x05,
0xfb, 0xec, 0xec, 0xfb, 0x05, 0x0a, 0x06, 0x08, 0x08, 0x09, 0x8b, 0x0d, 0x14, 0x14, 0x12, 0x0f,
0x0c, 0x0a, 0x0a, 0x0a, 0x0a, 0x0c, 0x0f, 0x12, 0x14, 0x14, 0x8e, 0x25, 0x24, 0x00, 0x01, 0x01,
0x01, 0x03, 0x02, 0x01, 0x01, 0x01, 0x01, 0x01, 0x01, 0x01, 0x01, 0x01, 0x01, 0x01, 0x01, 0x01,
0x01, 0x01, 0x01, 0x01, 0x03, 0x02, 0x02, 0x02, 0x03, 0x01, 0x01, 0x02, 0x03, 0x01, 0x01, 0x04,
0x02, 0x01, 0x80, 0x23, 0x04, 0xfc, 0xfc, 0x02, 0x04, 0x04, 0xfc, 0xfc, 0xf5, 0xf1, 0xea, 0xea,
0xea, 0xea, 0xf7, 0x09, 0x16, 0x16, 0x16, 0x16, 0x0f, 0x0b, 0x05, 0x0a, 0x05, 0xfb, 0xf6, 0xfb,
0xec, 0xe0, 0xe8, 0xed, 0x14, 0x20, 0x14, 0x00, 0x24, 0x19, 0x11, 0x0a, 0x10, 0x06, 0x10, 0x09,
0x11, 0xfd, 0xfe, 0x00, 0xff, 0x05, 0x10, 0x18, 0x20, 0x20, 0x18, 0x10, 0x05, 0xff, 0x00, 0xfe,
0x01, 0x0a, 0x15, 0x15, 0x06, 0x01, 0xe0, 0xe8, 0xf9, 0xf9, 0xf9, 0xe8, 0xe0, 0x0a, 0x1b, 0x1a,
0x00, 0x01, 0x01, 0x03, 0x01, 0x01, 0x02, 0x01, 0x01, 0x01, 0x02, 0x02, 0x03, 0x02, 0x02, 0x01,
0x01, 0x03, 0x03, 0x03, 0x03, 0x02, 0x04, 0x02, 0x01, 0x04, 0x02, 0x80, 0x19, 0xfd, 0xf8, 0xfd,
0x03, 0x08, 0x08, 0x03, 0x01, 0x04, 0x0b, 0x10, 0xf9, 0xf0, 0xf5, 0xfb, 0xfc, 0xfd, 0xf8, 0x03,
0x08, 0x0c, 0x10, 0x0c, 0xf4, 0xf0, 0xf4, 0x1a, 0x06, 0x05, 0x02, 0xf8, 0xf8, 0xfc, 0x03, 0x07,
0x0f, 0x0d, 0x0b, 0x00, 0xf0, 0x00, 0x0a, 0x0d, 0x0d, 0x08, 0xfd, 0xf8, 0x03, 0x10, 0x0a, 0x08,
0x08, 0x0e, 0x10, 0x80, 0x0d, 0x0a, 0x14, 0x14, 0x14, 0x09, 0xf7, 0xec, 0xec, 0xec, 0xf6, 0x03,
0x09, 0x0b, 0x04, 0x82, 0x01, 0x01, 0xff, 0x82, 0x04, 0xfc, 0xf5, 0xf7, 0xfd, 0xff, 0x84, 0x01,
0xff, 0xff, 0x82, 0x02, 0xff, 0xf6, 0xfa, 0x82, 0x03, 0xfa, 0xf6, 0x0a, 0x06, 0x82, 0x01, 0x06,
0x0a, 0x8e, 0x11, 0xe7, 0xea, 0x03, 0x06, 0x0d, 0x14, 0x14, 0x0d, 0x06, 0x04, 0xeb, 0xfb, 0xf9,
0xf7, 0xfa, 0x06, 0x06, 0x04, 0x81, 0x06, 0x04, 0x06, 0x06, 0xfa, 0xf7, 0xf9, 0xfb, 0x8d, 0x09,
0xfa, 0xf6, 0xf2, 0xec, 0xec, 0xec, 0xec, 0xf2, 0xf6, 0xfa, 0x90, 0x22, 0x21, 0x00, 0x01, 0x01,
0x01, 0x01, 0x02, 0x01, 0x01, 0x01, 0x01, 0x01, 0x02, 0x01, 0x01, 0x01, 0x01, 0x01, 0x01, 0x01,
0x01, 0x01, 0x01, 0x02, 0x01, 0x02, 0x03, 0x03, 0x03, 0x02, 0x04, 0x02, 0x01, 0x04, 0x02, 0x80,
0x00, 0xff, 0x86, 0x18, 0x01, 0x02, 0x0a, 0x22, 0x34, 0x34, 0x34, 0x18, 0xe8, 0xcc, 0xcc, 0xcc,
0xde, 0xf8, 0xfe, 0xf8, 0xec, 0x08, 0x14, 0x1a, 0x34, 0x1a, 0xe6, 0xcc, 0xe6, 0x1d, 0xe6, 0xee,
0x00, 0x07, 0x05, 0x00, 0x05, 0x07, 0x00, 0xee, 0x26, 0x24, 0x1d, 0x12, 0x07, 0xee, 0xcc, 0xcc,
0xee, 0x07, 0x12, 0x1e, 0x25, 0x26, 0x14, 0xf8, 0xec, 0x08, 0x34, 0x0f, 0x81, 0x01, 0x25, 0x34,
0x80, 0x33, 0xf7, 0xe2, 0xe2, 0xe2, 0xf3, 0x0d, 0x1e, 0x1e, 0x1e, 0x09, 0xf9, 0xed, 0xe7, 0xe7,
0xf0, 0xf0, 0xf0, 0xfa, 0x06, 0x10, 0x10, 0x10, 0x19, 0x19, 0x13, 0x07, 0x00, 0x09, 0x14, 0x14,
0x14, 0x09, 0x00, 0xf7, 0xec, 0xec, 0xec, 0xf7, 0xf4, 0xeb, 0xde, 0xde, 0xde, 0xec, 0xf5, 0x0c,
0x15, 0x22, 0x22, 0x22, 0x15, 0x0c, 0x8e, 0x3f, 0x44, 0x38, 0x1a, 0x18, 0x09, 0xf4, 0xf4, 0x09,
0x18, 0x1a, 0x38, 0x14, 0x18, 0x1c, 0x1a, 0x11, 0x18, 0x1d, 0x22, 0x22, 0x1d, 0x18, 0x11, 0x1a,
0x1c, 0x18, 0x14, 0xfe, 0xfe, 0x09, 0x12, 0x1b, 0x26, 0x26, 0x26, 0x1b, 0x12, 0x09, 0xfe, 0xde,
0xde, 0xec, 0xf5, 0xfe, 0x0b, 0x0b, 0x0b, 0x0b, 0xfe, 0xf5, 0xec, 0xde, 0xde, 0x12, 0x12, 0x12,
0x12, 0x12, 0x12, 0x12, 0x12, 0x12, 0x12, 0x12, 0x83, 0xb5, 0x09, 0x05, 0x0a, 0x0a, 0x0a, 0x04,
0xfc, 0xf6, 0xf6, 0xf6, 0xfb, 0x83, 0xb4, 0x0a, 0xfe, 0xfc, 0x07, 0x05, 0xff, 0xf6, 0xf6, 0xff,
0x05, 0x07, 0xfc, 0x83, 0xb5, 0x09, 0xfc, 0x04, 0x04, 0x04, 0x02, 0xfe, 0xfc, 0xfc, 0xfc, 0x04,
0x83, 0xb4, 0x0a, 0x0f, 0x07, 0xff, 0x06, 0x02, 0xfc, 0xfc, 0x02, 0x06, 0x00, 0x07, 0x83, 0xb5,
0x09, 0x03, 0x08, 0x08, 0x08, 0x03, 0xfd, 0xf8, 0xf8, 0xf8, 0xfd, 0x83, 0xb4, 0x0a, 0x06, 0x07,
0x03, 0x00, 0xfc, 0xf8, 0xf8, 0xfc, 0x00, 0x02, 0x05, 0x83, 0xb5, 0x09, 0xf6, 0xec, 0xec, 0xec,
0xf7, 0x09, 0x14, 0x14, 0x14, 0x0a, 0x83, 0xb4, 0x0a, 0xe7, 0xeb, 0x04, 0x06, 0x0d, 0x14, 0x14,
0x0d, 0x06, 0x03, 0xea, 0x83, 0xb5, 0x00, 0x01, 0x87, 0x00, 0xff, 0x83, 0xb4, 0x04, 0xe6, 0xee,
0x00, 0x07, 0x05, 0x81, 0x03, 0x05, 0x07, 0x00, 0xee, 0x83, 0xb5, 0x09, 0x09, 0x1e, 0x1e, 0x1e,
0x0d, 0xf3, 0xe2, 0xe2, 0xe2, 0xf7, 0x83, 0xb4, 0x0a, 0x32, 0x26, 0x08, 0x06, 0xf7, 0xe2, 0xe2,
0xf7, 0x06, 0x08, 0x26, 0x83, 0x1c, 0x1b, 0x00, 0x01, 0x01, 0x02, 0x01, 0x01, 0x01, 0x02, 0x01,
0x03, 0x01, 0x01, 0x02, 0x01, 0x01, 0x02, 0x01, 0x02, 0x0f, 0x01, 0x01, 0x02, 0x01, 0x01, 0x02,
0x02, 0x01, 0x02, 0x80, 0x1a, 0x02, 0x05, 0x05, 0x01, 0xff, 0xfb, 0xfb, 0xfe, 0xfe, 0xfb, 0xf6,
0xf6, 0xfb, 0x05, 0x0a, 0x0a, 0x02, 0xf9, 0xf7, 0xf6, 0xf6, 0xf7, 0xf9, 0x09, 0x0a, 0x0a, 0x08,
0x1b, 0x01, 0x02, 0xfd, 0x00, 0x05, 0x05, 0x00, 0xfc, 0x02, 0xfc, 0xfc, 0xfb, 0x03, 0x0a, 0x0a,
0xfe, 0xfb, 0xfc, 0xf6, 0xf6, 0xf7, 0xfa, 0xfb, 0xfb, 0xfb, 0xf9, 0xf7, 0xf6, 0x27, 0x26, 0x00,
0x01, 0x01, 0x01, 0x02, 0x01, 0x02, 0x01, 0x01, 0x01, 0x01, 0x01, 0x01, 0x01, 0x01, 0x01, 0x01,
0x01, 0x01, 0x01, 0x01, 0x01, 0x01, 0x04, 0x02, 0x01, 0x01, 0x02, 0x01, 0x02, 0x01, 0x01, 0x04,
0x01, 0x01, 0x01, 0x04, 0x02, 0x01, 0x80, 0x02, 0xfe, 0x02, 0x02, 0x81, 0x20, 0xfe, 0xfe, 0x02,
0x02, 0x05, 0x08, 0x0c, 0x0b, 0x0b, 0x0b, 0x04, 0xfc, 0xf5, 0xf5, 0xf5, 0xf5, 0xf9, 0xfd, 0xfb,
0xfb, 0xfd, 0x03, 0x05, 0x05, 0x03, 0x0a, 0x10, 0x0c, 0x0a, 0xf6, 0xf0, 0xf6, 0x00, 0x0a, 0xf4,
0xf8, 0xfb, 0xf8, 0xfd, 0xfd, 0xf8, 0xfb, 0xf7, 0x02, 0x01, 0x81, 0x07, 0xfe, 0xf8, 0xf4, 0xf0,
0xf0, 0xf4, 0xf8, 0xfe, 0x82, 0x0e, 0xfb, 0xf8, 0xf6, 0xf6, 0xf8, 0xfd, 0x00, 0x10, 0x07, 0x04,
0x04, 0x04, 0x0c, 0x10, 0xfb, 0x80, 0x18, 0x03, 0x05, 0x05, 0x05, 0x01, 0xff, 0xfb, 0xfb, 0xfb,
0xfd, 0x00, 0xfe, 0xfe, 0xfa, 0xf6, 0xf6, 0xf6, 0xfb, 0x05, 0x0a, 0x0a, 0x0a, 0x07, 0x02, 0x02,
0x8c, 0x0d, 0xf9, 0xf7, 0xf6, 0xf6, 0xf6, 0xf7, 0xf9, 0x08, 0x09, 0x0a, 0x0a, 0x0a, 0x09, 0x08,
0x8e, 0x1a, 0x01, 0x03, 0xfd, 0xfe, 0x00, 0x05, 0x05, 0x00, 0xfe, 0xfd, 0x02, 0xfc, 0xfd, 0xfc,
0xfd, 0xfa, 0xfe, 0x02, 0x0a, 0x0a, 0x02, 0xfe, 0xfb, 0xfc, 0xfc, 0xfd, 0xfc, 0x8b, 0x0d, 0xf6,
0xf6, 0xf7, 0xf9, 0xfa, 0xfb, 0xfb, 0xfb, 0xfb, 0xfa, 0xf9, 0xf7, 0xf6, 0xf6, 0x8e, 0x80, 0x33,
0xfe, 0x02, 0x02, 0x02, 0x01, 0xff, 0xfe, 0xfe, 0xfe, 0x02, 0x03, 0x07, 0x09, 0x0e, 0x0e, 0x0e,
0x0e, 0x06, 0xfa, 0xf2, 0xf2, 0xf2, 0xf2, 0xf7, 0xf9, 0xfd, 0x00, 0xfc, 0xfa, 0xfa, 0xfa, 0xfc,
0x00, 0x04, 0x06, 0x06, 0x06, 0x04, 0x0c, 0x10, 0x14, 0x14, 0x14, 0x0e, 0x0c, 0xf4, 0xf0, 0xec,
0xec, 0xec, 0xf1, 0xf4, 0x8e, 0x0c, 0xf1, 0xf6, 0xf9, 0xf6, 0xf8, 0xfc, 0xfc, 0xf8, 0xf6, 0xfa,
0xf5, 0x02, 0x01, 0x81, 0x07, 0xfd, 0xf6, 0xf1, 0xec, 0xec, 0xf1, 0xf6, 0xfd, 0x81, 0x26, 0x01,
0x02, 0xff, 0xff, 0xfd, 0xfa, 0xf6, 0xf3, 0xf3, 0xf3, 0xf6, 0xfa, 0xfd, 0xff, 0x14, 0x14, 0x0e,
0x0c, 0x09, 0x04, 0x04, 0x04, 0x04, 0x09, 0x0c, 0x0e, 0x14, 0x14, 0xfa, 0xfa, 0xfa, 0xfa, 0xfa,
0xfa, 0xfa, 0xfa, 0xfa, 0xfa, 0xfa, 0x83, 0x80, 0x0d, 0xf9, 0xf2, 0xf2, 0xf2, 0xf9, 0x07, 0x0e,
0x0e, 0x0e, 0x07, 0xfe, 0xf9, 0xf8, 0xfd, 0x87, 0x04, 0x03, 0x08, 0x07, 0x02, 0x01, 0x84, 0x01,
0x01, 0x01, 0x82, 0x02, 0x01, 0x07, 0x04, 0x82, 0x03, 0x04, 0x07, 0xf9, 0xfc, 0x82, 0x01, 0xfc,
0xf9, 0x8e, 0x11, 0x12, 0x10, 0xfe, 0xfc, 0xf6, 0xf2, 0xf2, 0xf6, 0xfc, 0xfd, 0x0f, 0x04, 0x05,
0x06, 0x04, 0xfb, 0xfc, 0xfd, 0x81, 0x06, 0xfd, 0xfc, 0xfc, 0x04, 0x06, 0x05, 0x04, 0x8d, 0x09,
0x04, 0x07, 0x0a, 0x0e, 0x0e, 0x0e, 0x0e, 0x0a, 0x07, 0x04, 0x90, 0x80, 0x33, 0x02, 0x08, 0x08,
0x08, 0x02, 0xfe, 0xf9, 0xf9, 0xf9, 0xfe, 0x02, 0x04, 0x06, 0x07, 0x04, 0x04, 0x04, 0x01, 0xff,
0xfc, 0xfc, 0xfc, 0xf9, 0xfa, 0xfc, 0xfe, 0x00, 0xfd, 0xfb, 0xfb, 0xfb, 0xfd, 0x00, 0x03, 0x05,
0x05, 0x05, 0x03, 0x03, 0x05, 0x09, 0x09, 0x09, 0x05, 0x03, 0xfd, 0xfb, 0xf8, 0xf8, 0xf8, 0xfb,
0xfd, 0x8e, 0x3f, 0xef, 0xf2, 0xf9, 0xfa, 0xfd, 0x03, 0x03, 0xfd, 0xfa, 0xf9, 0xf2, 0xfb, 0xfa,
0xf9, 0xf9, 0xfc, 0xfa, 0xf9, 0xf8, 0xf8, 0xf9, 0xfa, 0xfc, 0xf9, 0xf9, 0xfa, 0xfb, 0x01, 0x01,
0xfe, 0xfc, 0xf9, 0xf7, 0xf7, 0xf7, 0xf9, 0xfc, 0xfe, 0x01, 0x09, 0x09, 0x05, 0x03, 0x01, 0xfd,
0xfd, 0xfd, 0xfd, 0x01, 0x03, 0x05, 0x09, 0x09, 0xfc, 0xfc, 0xfc, 0xfc, 0xfc, 0xfc, 0xfc, 0xfc,
0xfc, 0xfc, 0xfc, 0x83, 0xb9, 0x01, 0x01, 0xff, 0x87, 0xb4, 0x04, 0x0f, 0x0e, 0xf7, 0xf8, 0xfa,
0x81, 0x03, 0xfa, 0xf8, 0xf8, 0x0f, 0x83, 0xb5, 0x09, 0x09, 0x06, 0x06, 0x06, 0x03, 0xfd, 0xfa,
0xfa, 0xfa, 0xf7, 0x83, 0xb4, 0x0a, 0xfe, 0x03, 0xff, 0xf7, 0xf7, 0xfa, 0xfa, 0xf7, 0xf7, 0xff,
0x04, 0x83, 0xb5, 0x09, 0xfb, 0xf6, 0xf6, 0xf6, 0xfc, 0x04, 0x0a, 0x0a, 0x0a, 0x05, 0x83, 0xb4,
0x0a, 0x0f, 0x0d, 0xf9, 0xf8, 0xfe, 0x0a, 0x0a, 0xfe, 0xf8, 0xf9, 0x0d, 0x83, 0xb5, 0x09, 0x01,
0xf0, 0xf0, 0xf0, 0xf9, 0x07, 0x10, 0x10, 0x10, 0xff, 0x83, 0xb4, 0x0a, 0xde, 0xea, 0xfe, 0xf8,
0x01, 0x0f, 0x0f, 0x01, 0xf8, 0xfd, 0xea, 0x83, 0xb5, 0x09, 0x0a, 0x14, 0x14, 0x14, 0x09, 0xf7,
0xec, 0xec, 0xec, 0xf6, 0x83, 0xb4, 0x0a, 0x21, 0x1b, 0xfc, 0xf8, 0xf1, 0xec, 0xec, 0xf1, 0xf8,
0xfd, 0x1c, 0x83, 0xb5, 0x09, 0xff, 0xf1, 0xf1, 0xf1, 0xfa, 0x06, 0x0f, 0x0f, 0x0f, 0x01, 0x83,
0xb4, 0x0a, 0xe0, 0xe9, 0xf5, 0xf5, 0xfe, 0x0f, 0x0f, 0xfe, 0xf5, 0xf5, 0xea, 0x83, 0x80, 0x0c,
0x00, 0x34, 0x00, 0x44, 0x00, 0x09, 0x00, 0x58, 0x20, 0x06, 0x00, 0x3d, 0x20, 0x05, 0x00, 0x42,
0x00, 0x02, 0x00, 0x4c, 0x20, 0x01, 0x00, 0x58, 0x00, 0x00, 0x00, 0x3d, 0x20, 0x0b, 0x00, 0x58,
0x00, 0x08, 0x00, 0x43, 0x00, 0x0a, 0x00, 0x58, 0x00, 0x07, 0x00, 0x3e, 0x00, 0x04, 0x00, 0x58,
0x00, 0x03, 0x00, 0x0f, 0x01, 0x03, 0x04, 0x0c, 0x14, 0x14, 0x14, 0x0a, 0xf6, 0xec, 0xec, 0xec,
0xf4, 0xfc, 0xfd, 0xff, 0x8b, 0x0d, 0x0f, 0x12, 0x14, 0x14, 0x14, 0x12, 0x0f, 0xf1, 0xee, 0xec,
0xec, 0xec, 0xee, 0xf1, 0x83, 0x0f, 0x09, 0x08, 0x08, 0x06, 0x0a, 0x05, 0xfb, 0xec, 0xec, 0xfb,
0x05, 0x0a, 0x06, 0x08, 0x08, 0x09, 0x8b, 0x0d, 0x14, 0x14, 0x12, 0x0f, 0x0c, 0x0a, 0x0a, 0x0a,
0x0a, 0x0c, 0x0f, 0x12, 0x14, 0x14, 0x83, 0x1c, 0x1b, 0x00, 0x01, 0x01, 0x01, 0x01, 0x01, 0x01,
0x01, 0x01, 0x01, 0x01, 0x01, 0x01, 0x01, 0x01, 0x03, 0x02, 0x02, 0x02, 0x03, 0x01, 0x01, 0x02,
0x03, 0x01, 0x01, 0x04, 0x02, 0x1b, 0xfc, 0xf5, 0xf1, 0xea, 0xea, 0xea, 0xea, 0xf7, 0x09, 0x16,
0x16, 0x16, 0x16, 0x0f, 0x0b, 0x05, 0x0a, 0x05, 0xfb, 0xf6, 0xfb, 0xec, 0xe0, 0xe8, 0xed, 0x14,
0x20, 0x14, 0x1b, 0xfd, 0xfe, 0x00, 0xff, 0x05, 0x10, 0x18, 0x20, 0x20, 0x18, 0x10, 0x05, 0xff,
0x00, 0xfe, 0x01, 0x0a, 0x15, 0x15, 0x06, 0x01, 0xe0, 0xe8, 0xf9, 0xf9, 0xf9, 0xe8, 0xe0, 0x13,
0x12, 0x00, 0x01, 0x02, 0x02, 0x03, 0x02, 0x02, 0x01, 0x01, 0x03, 0x03, 0x03, 0x03, 0x02, 0x04,
0x02, 0x01, 0x04, 0x02, 0x12, 0x01, 0x04, 0x0b, 0x10, 0xf9, 0xf0, 0xf5, 0xfb, 0xfc, 0xfd, 0xf8,
0x03, 0x08, 0x0c, 0x10, 0x0c, 0xf4, 0xf0, 0xf4, 0x12, 0x0f, 0x0d, 0x0b, 0x00, 0xf0, 0x00, 0x0a,
0x0d, 0x0d, 0x08, 0xfd, 0xf8, 0x03, 0x10, 0x0a, 0x08, 0x08, 0x0e, 0x10, 0x03, 0x03, 0x09, 0x0b,
0x04, 0x82, 0x01, 0x01, 0xff, 0x82, 0x04, 0xfc, 0xf5, 0xf7, 0xfd, 0xff, 0x84, 0x01, 0xff, 0xff,
0x82, 0x02, 0xff, 0xf6, 0xfa, 0x82, 0x03, 0xfa, 0xf6, 0x0a, 0x06, 0x82, 0x01, 0x06, 0x0a, 0x83,
0x06, 0xfb, 0xf9, 0xf7, 0xfa, 0x06, 0x06, 0x04, 0x81, 0x06, 0x04, 0x06, 0x06, 0xfa, 0xf7, 0xf9,
0xfb, 0x8d, 0x09, 0xfa, 0xf6, 0xf2, 0xec, 0xec, 0xec, 0xec, 0xf2, 0xf6, 0xfa, 0x85, 0x18, 0x17,
0x00, 0x02, 0x01, 0x01, 0x01, 0x01, 0x01, 0x01, 0x01, 0x01, 0x01, 0x01, 0x02, 0x01, 0x02, 0x03,
0x03, 0x03, 0x02, 0x04, 0x02, 0x01, 0x04, 0x02, 0x17, 0x02, 0x0a, 0x22, 0x34, 0x34, 0x34, 0x18,
0xe8, 0xcc, 0xcc, 0xcc, 0xde, 0xf8, 0xfe, 0xf8, 0xec, 0x08, 0x14, 0x1a, 0x34, 0x1a, 0xe6, 0xcc,
0xe6, 0x13, 0x26, 0x24, 0x1d, 0x12, 0x07, 0xee, 0xcc, 0xcc, 0xee, 0x07, 0x12, 0x1e, 0x25, 0x26,
0x14, 0xf8, 0xec, 0x08, 0x34, 0x0f, 0x81, 0x01, 0x25, 0x34, 0x29, 0xf9, 0xed, 0xe7, 0xe7, 0xf0,
0xf0, 0xf0, 0xfa, 0x06, 0x10, 0x10, 0x10, 0x19, 0x19, 0x13, 0x07, 0x00, 0x09, 0x14, 0x14, 0x14,
0x09, 0x00, 0xf7, 0xec, 0xec, 0xec, 0xf7, 0xf4, 0xeb, 0xde, 0xde, 0xde, 0xec, 0xf5, 0x0c, 0x15,
0x22, 0x22, 0x22, 0x15, 0x0c, 0x83, 0x29, 0x14, 0x18, 0x1c, 0x1a, 0x11, 0x18, 0x1d, 0x22, 0x22,
0x1d, 0x18, 0x11, 0x1a, 0x1c, 0x18, 0x14, 0xfe, 0xfe, 0x09, 0x12, 0x1b, 0x26, 0x26, 0x26, 0x1b,
0x12, 0x09, 0xfe, 0xde, 0xde, 0xec, 0xf5, 0xfe, 0x0b, 0x0b, 0x0b, 0x0b, 0xfe, 0xf5, 0xec, 0xde,
0xde, 0x83, 0x13, 0x12, 0x02, 0x01, 0x01, 0x02, 0x01, 0x01, 0x02, 0x01, 0x02, 0x0f, 0x01, 0x01,
0x02, 0x01, 0x01, 0x02, 0x02, 0x01, 0x02, 0x12, 0xfe, 0xfb, 0xf6, 0xf6, 0xfb, 0x05, 0x0a, 0x0a,
0x02, 0xf9, 0xf7, 0xf6, 0xf6, 0xf7, 0xf9, 0x09, 0x0a, 0x0a, 0x08, 0x12, 0xfc, 0xfc, 0xfb, 0x03,
0x0a, 0x0a, 0xfe, 0xfb, 0xfc, 0xf6, 0xf6, 0xf7, 0xfa, 0xfb, 0xfb, 0xfb, 0xf9, 0xf7, 0xf6, 0x29,
0x02, 0x05, 0x08, 0x0c, 0x0b, 0x0b, 0x0b, 0x04, 0xfc, 0xf5, 0xf5, 0xf5, 0xf5, 0xf9, 0xfb, 0xfe,
0x00, 0xfd, 0xfb, 0xfb, 0xfb, 0xfd, 0x00, 0x03, 0x05, 0x05, 0x05, 0x03, 0x0a, 0x0d, 0x10, 0x10,
0x10, 0x0c, 0x0a, 0xf6, 0xf3, 0xf0, 0xf0, 0xf0, 0xf3, 0xf6, 0x83, 0x01, 0x02, 0x01, 0x81, 0x07,
0xfe, 0xf8, 0xf4, 0xf0, 0xf0, 0xf4, 0xf8, 0xfe, 0x81, 0x01, 0x01, 0x02, 0x81, 0x17, 0xfd, 0xfb,
0xf8, 0xf6, 0xf6, 0xf6, 0xf8, 0xfb, 0xfd, 0x00, 0x10, 0x10, 0x0c, 0x0a, 0x07, 0x04, 0x04, 0x04,
0x04, 0x07, 0x0a, 0x0c, 0x10, 0x10, 0x83, 0x80, 0x0d, 0xfe, 0xfe, 0xfa, 0xf6, 0xf6, 0xf6, 0xfb,
0x05, 0x0a, 0x0a, 0x0a, 0x07, 0x02, 0x02, 0x8c, 0x0d, 0xf9, 0xf7, 0xf6, 0xf6, 0xf6, 0xf7, 0xf9,
0x08, 0x09, 0x0a, 0x0a, 0x0a, 0x09, 0x08, 0x83, 0x0f, 0xfc, 0xfd, 0xfc, 0xfd, 0xfa, 0xfe, 0x02,
0x0a, 0x0a, 0x02, 0xfe, 0xfb, 0xfc, 0xfc, 0xfd, 0xfc, 0x8b, 0x0d, 0xf6, 0xf6, 0xf7, 0xf9, 0xfa,
0xfb, 0xfb, 0xfb, 0xfb, 0xfa, 0xf9, 0xf7, 0xf6, 0xf6, 0x83, 0x29, 0x03, 0x07, 0x09, 0x0e, 0x0e,
0x0e, 0x0e, 0x06, 0xfa, 0xf2, 0xf2, 0xf2, 0xf2, 0xf7, 0xf9, 0xfd, 0x00, 0xfc, 0xfa, 0xfa, 0xfa,
0xfc, 0x00, 0x04, 0x06, 0x06, 0x06, 0x04, 0x0c, 0x10, 0x14, 0x14, 0x14, 0x0e, 0x0c, 0xf4, 0xf0,
0xec, 0xec, 0xec, 0xf1, 0xf4, 0x83, 0x01, 0x02, 0x01, 0x81, 0x07, 0xfd, 0xf6, 0xf1, 0xec, 0xec,
0xf1, 0xf6, 0xfd, 0x81, 0x1b, 0x01, 0x02, 0xff, 0xff, 0xfd, 0xfa, 0xf6, 0xf3, 0xf3, 0xf3, 0xf6,
0xfa, 0xfd, 0xff, 0x14, 0x14, 0x0e, 0x0c, 0x09, 0x04, 0x04, 0x04, 0x04, 0x09, 0x0c, 0x0e, 0x14,
0x14, 0x83, 0x03, 0xfe, 0xf9, 0xf8, 0xfd, 0x87, 0x04, 0x03, 0x08, 0x07, 0x02, 0x01, 0x84, 0x01,
0x01, 0x01, 0x82, 0x02, 0x01, 0x07, 0x04, 0x82, 0x03, 0x04, 0x07, 0xf9, 0xfc, 0x82, 0x01, 0xfc,
0xf9, 0x83, 0x06, 0x04, 0x05, 0x06, 0x04, 0xfb, 0xfc, 0xfd, 0x81, 0x06, 0xfd, 0xfc, 0xfc, 0x04,
0x06, 0x05, 0x04, 0x8d, 0x09, 0x04, 0x07, 0x0a, 0x0e, 0x0e, 0x0e, 0x0e, 0x0a, 0x07, 0x04, 0x85,
0x29, 0x02, 0x04, 0x06, 0x07, 0x04, 0x04, 0x04, 0x01, 0xff, 0xfc, 0xfc, 0xfc, 0xf9, 0xfa, 0xfc,
0xfe, 0x00, 0xfd, 0xfb, 0xfb, 0xfb, 0xfd, 0x00, 0x03, 0x05, 0x05, 0x05, 0x03, 0x03, 0x05, 0x09,
0x09, 0x09, 0x05, 0x03, 0xfd, 0xfb, 0xf8, 0xf8, 0xf8, 0xfb, 0xfd, 0x83, 0x29, 0xfb, 0xfa, 0xf9,
0xf9, 0xfc, 0xfa, 0xf9, 0xf8, 0xf8, 0xf9, 0xfa, 0xfc, 0xf9, 0xf9, 0xfa, 0xfb, 0x01, 0x01, 0xfe,
0xfc, 0xf9, 0xf7, 0xf7, 0xf7, 0xf9, 0xfc, 0xfe, 0x01, 0x09, 0x09, 0x05, 0x03, 0x01, 0xfd, 0xfd,
0xfd, 0xfd, 0x01, 0x03, 0x05, 0x09, 0x09, 0x83, 0x80, 0x0c, 0x00, 0x34, 0x00, 0x97, 0x00, 0x09,
0x00, 0xa1, 0x00, 0x06, 0x00, 0x88, 0x20, 0x05, 0x00, 0x97, 0x00, 0x02, 0x00, 0x8d, 0x20, 0x01,
0x00, 0xa4, 0x00, 0x00, 0x00, 0x92, 0x20, 0x0b, 0x00, 0x94, 0x20, 0x08, 0x00, 0x96, 0x00, 0x0a,
0x00, 0xa1, 0x00, 0x07, 0x00, 0x97, 0x00, 0x04, 0x00, 0xa3, 0x00, 0x03, 0x00, 0x33, 0xfe, 0x03,
0x05, 0x06, 0x06, 0x05, 0x03, 0x02, 0x02, 0x04, 0x06, 0x06, 0x06, 0x06, 0x06, 0x06, 0x04, 0xff,
0xfd, 0xfc, 0xfc, 0xfd, 0xff, 0xfe, 0xfe, 0xfe, 0xfc, 0xfc, 0xfc, 0xfc, 0xfc, 0xfd, 0x04, 0x0b,
0x0f, 0x12, 0x12, 0x12, 0x10, 0x0a, 0x08, 0x08, 0x08, 0x04, 0xfc, 0xf8, 0xf8, 0xf8, 0xfc, 0x00,
0xfe, 0x01, 0x82, 0x17, 0x01, 0x07, 0x09, 0x0f, 0x10, 0x10, 0x0f, 0x08, 0x07, 0x02, 0x01, 0x01,
0x00, 0x01, 0xfe, 0x00, 0xfc, 0xf5, 0xf1, 0xee, 0xee, 0xf1, 0xf5, 0xfc, 0x83, 0x04, 0x06, 0x06,
0x06, 0x05, 0x01, 0x86, 0x08, 0xfe, 0xfc, 0xfa, 0xfa, 0xfa, 0xfa, 0xfa, 0xfb, 0xff, 0x86, 0x32,
0x02, 0x02, 0x04, 0x06, 0x14, 0x11, 0x0d, 0x06, 0x02, 0xff, 0xfd, 0xfd, 0xff, 0x02, 0x06, 0x0a,
0x0a, 0x05, 0x01, 0xfd, 0xf8, 0xf8, 0xf8, 0xf5, 0xf6, 0xfa, 0xfc, 0xfe, 0xff, 0xfd, 0xf7, 0xf6,
0xf2, 0xf1, 0xea, 0xe9, 0xea, 0xeb, 0xec, 0xf0, 0xf1, 0xee, 0xee, 0xee, 0xf1, 0xf6, 0xfd, 0x06,
0x0c, 0x11, 0x14, 0x83, 0x80, 0x3f, 0xfe, 0xfb, 0xf6, 0xf6, 0xfb, 0xfe, 0xf8, 0xf8, 0xfe, 0xfb,
0xf6, 0xf6, 0xf6, 0xf6, 0xfb, 0xfe, 0x02, 0x05, 0x0a, 0x0a, 0x05, 0x02, 0x06, 0x06, 0x02, 0x05,
0x0a, 0x0a, 0x0a, 0x0a, 0x03, 0xfa, 0xee, 0xe5, 0xe0, 0xe0, 0xe0, 0xe8, 0xf2, 0xfa, 0xfa, 0xfa,
0xfe, 0x02, 0x06, 0x06, 0x06, 0x02, 0x00, 0x06, 0xfe, 0x00, 0x03, 0x00, 0xfe, 0xf2, 0xee, 0xdf,
0xdb, 0xda, 0xde, 0xe9, 0xed, 0xf7, 0x0d, 0xfb, 0xff, 0xff, 0xfb, 0x06, 0x00, 0x06, 0x12, 0x1b,
0x20, 0x20, 0x1b, 0x12, 0x06, 0x83, 0x0e, 0xec, 0xec, 0xec, 0xf1, 0xf7, 0xfc, 0xfc, 0xfc, 0xf8,
0xf8, 0xf8, 0xfd, 0x00, 0xf8, 0xfb, 0x83, 0x3b, 0xfb, 0xf5, 0xf0, 0xf0, 0xf0, 0xf4, 0xf4, 0xf4,
0xef, 0xec, 0xf4, 0xf1, 0xec, 0xd8, 0xdd, 0xe6, 0xf2, 0xf8, 0xfd, 0x05, 0x05, 0xfd, 0xf8, 0xf6,
0xf2, 0xf2, 0xf6, 0xf8, 0xfa, 0xfe, 0xfe, 0xfe, 0x06, 0x04, 0xfb, 0xf7, 0xf2, 0xf1, 0xf5, 0x01,
0x05, 0x10, 0x14, 0x1f, 0x23, 0x23, 0x1f, 0x1b, 0x11, 0x0d, 0x18, 0x18, 0x18, 0x13, 0x0a, 0xfe,
0xf2, 0xe6, 0xdd, 0xd8, 0x83, 0x2c, 0x2b, 0x00, 0x01, 0x02, 0x01, 0x03, 0x03, 0x02, 0x01, 0x05,
0x01, 0x01, 0x03, 0x03, 0x02, 0x01, 0x03, 0x04, 0x03, 0x02, 0x01, 0x01, 0x01, 0x01, 0x02, 0x01,
0x02, 0x01, 0x01, 0x01, 0x02, 0x01, 0x01, 0x01, 0x02, 0x01, 0x01, 0x01, 0x01, 0x02, 0x01, 0x01,
0x01, 0x01, 0x05, 0x2b, 0x08, 0x16, 0x1c, 0x1c, 0x04, 0x19, 0x1c, 0x1c, 0xfb, 0xf8, 0xf8, 0x10,
0xfb, 0xf8, 0xf8, 0x05, 0x18, 0x12, 0x10, 0x10, 0x08, 0xf8, 0xf0, 0xf0, 0xf8, 0x00, 0xf8, 0xf7,
0xf8, 0xf9, 0xfd, 0xfe, 0x0d, 0x0e, 0x0d, 0xfe, 0xfd, 0xf8, 0xf7, 0xf6, 0xf7, 0xff, 0x00, 0xe8,
0x2b, 0x0a, 0x0a, 0x07, 0x01, 0xfe, 0xf2, 0xec, 0xe0, 0xda, 0xdd, 0xe3, 0xe6, 0xf2, 0xf8, 0xfa,
0x0a, 0xf2, 0xee, 0xf2, 0xfa, 0x02, 0x02, 0xfa, 0xea, 0xe2, 0xe2, 0xea, 0xeb, 0xee, 0xf0, 0xf1,
0xf0, 0xe1, 0xdc, 0xdb, 0xcc, 0xcb, 0xcc, 0xce, 0xd1, 0xd2, 0xda, 0xda, 0xf7, 0x02, 0x02, 0xfb,
0xfd, 0x81, 0x05, 0xfd, 0xfb, 0x07, 0x07, 0xfb, 0xfd, 0x83, 0x10, 0xfd, 0xfb, 0x02, 0xff, 0xfc,
0xfc, 0x00, 0x02, 0xf6, 0xf6, 0x02, 0x00, 0xfc, 0xfc, 0xfc, 0xfc, 0xff, 0x81, 0x00, 0xff, 0x82,
0x1f, 0xfa, 0xf2, 0xec, 0xec, 0xec, 0xf8, 0x08, 0x14, 0x14, 0x14, 0x0d, 0x05, 0xf5, 0x07, 0x04,
0x05, 0x07, 0x0a, 0x13, 0x16, 0x14, 0x17, 0x17, 0x14, 0x17, 0x13, 0x0b, 0x07, 0x04, 0x03, 0x07,
0xef, 0x82, 0x00, 0x01, 0x81, 0x00, 0x01, 0x85, 0x21, 0xf6, 0xf6, 0xf6, 0xf3, 0xef, 0xec, 0xec,
0xec, 0xfc, 0xfc, 0xfc, 0xf9, 0xf7, 0x11, 0x0f, 0x0b, 0x0b, 0x0b, 0x0b, 0x0f, 0x13, 0x16, 0x16,
0x16, 0x05, 0x05, 0x05, 0x09, 0x0b, 0xf0, 0xf3, 0xf6, 0x00, 0xff, 0x82, 0x1f, 0xfc, 0xf6, 0xf6,
0xfc, 0x00, 0xf8, 0xec, 0xec, 0xf8, 0x00, 0x08, 0x14, 0x14, 0x14, 0x02, 0x05, 0x0d, 0x10, 0x13,
0x14, 0x11, 0x13, 0x10, 0x08, 0x05, 0x08, 0x04, 0x05, 0x09, 0x0d, 0x14, 0x18, 0x82, 0x00, 0x01,
0x83, 0x00, 0xff, 0x84, 0x2f, 0x2e, 0x00, 0x01, 0x03, 0x02, 0x02, 0x01, 0x03, 0x01, 0x03, 0x01,
0x03, 0x02, 0x02, 0x01, 0x03, 0x01, 0x03, 0x01, 0x01, 0x02, 0x03, 0x02, 0x07, 0x01, 0x01, 0x01,
0x01, 0x01, 0x02, 0x01, 0x01, 0x01, 0x02, 0x01, 0x01, 0x01, 0x01, 0x02, 0x01, 0x01, 0x01, 0x01,
0x02, 0x01, 0x02, 0x01, 0x01, 0x81, 0x05, 0x10, 0x00, 0x10, 0x00, 0x10, 0x10, 0x81, 0x0a, 0xf0,
0x00, 0xf0, 0x00, 0xf0, 0xf0, 0x0b, 0x1e, 0x2b, 0x34, 0x0f, 0x82, 0x16, 0xf4, 0x0a, 0x02, 0x04,
0x11, 0x28, 0x2f, 0x51, 0x54, 0x51, 0x31, 0x29, 0x13, 0x06, 0x05, 0x0c, 0xf4, 0x00, 0xe2, 0xd5,
0xcc, 0xd5, 0xe2, 0x14, 0x10, 0x10, 0xf9, 0xf0, 0x06, 0x06, 0xf6, 0x00, 0xf0, 0xf0, 0x07, 0x10,
0xfa, 0xfa, 0x0a, 0x00, 0x34, 0x2b, 0x1e, 0x00, 0xe6, 0x83, 0x15, 0xea, 0xf2, 0x07, 0x15, 0x16,
0x0f, 0xee, 0xe3, 0xe0, 0xbf, 0xb7, 0xb9, 0xc7, 0xdd, 0xe4, 0xcc, 0xcc, 0xd5, 0xe2, 0x0b, 0x1e,
0x2b, 0x3f, 0x04, 0xfe, 0xfd, 0xfb, 0xfb, 0xfe, 0xff, 0xf8, 0xf8, 0xff, 0xfe, 0xfb, 0xfb, 0xfb,
0xfb, 0xfe, 0xff, 0x01, 0x02, 0x04, 0x04, 0x02, 0x01, 0x07, 0x07, 0x01, 0x02, 0x04, 0x04, 0x04,
0x04, 0x04, 0xf9, 0xec, 0xe2, 0xdd, 0xdd, 0xdd, 0xeb, 0xfd, 0x0b, 0x0b, 0x0b, 0x05, 0xfb, 0xf5,
0xf5, 0xf5, 0xfa, 0xff, 0xfe, 0xf1, 0xf3, 0xf4, 0xf1, 0xef, 0xe7, 0xe5, 0xe2, 0xdb, 0xdb, 0xe2,
0xe5, 0xe7, 0x0e, 0xef, 0xf1, 0xf4, 0xf2, 0xf0, 0xff, 0xff, 0x06, 0x13, 0x1e, 0x23, 0x23, 0x1e,
0x14, 0x07, 0x83, 0x3f, 0xf1, 0xf1, 0xf1, 0xf4, 0xf6, 0xf8, 0xf8, 0xf8, 0xf7, 0xf7, 0xf7, 0xfa,
0xfb, 0xf8, 0xf9, 0xfb, 0xfb, 0xfb, 0xfb, 0xf9, 0xf7, 0xf4, 0xf4, 0xf4, 0xf5, 0xf5, 0xf5, 0xf3,
0xf2, 0xf1, 0xf1, 0xf1, 0xd8, 0xdd, 0xe7, 0xf4, 0xfa, 0x03, 0x11, 0x11, 0x03, 0xfa, 0xff, 0x06,
0x06, 0x00, 0xfb, 0xf6, 0xef, 0xef, 0xef, 0xfc, 0xfa, 0xf3, 0xf1, 0xef, 0xf0, 0xf2, 0xf5, 0xfc,
0x10, 0x17, 0x1a, 0x1c, 0x0e, 0x1d, 0x1a, 0x18, 0x10, 0x0e, 0x1d, 0x1d, 0x1d, 0x18, 0x0e, 0x02,
0xf4, 0xe7, 0xdd, 0xd8, 0x83, 0x30, 0x2f, 0x00, 0x01, 0x03, 0x02, 0x02, 0x01, 0x06, 0x01, 0x04,
0x02, 0x04, 0x01, 0x01, 0x01, 0x03, 0x01, 0x01, 0x02, 0x01, 0x01, 0x01, 0x01, 0x01, 0x03, 0x01,
0x02, 0x02, 0x01, 0x01, 0x04, 0x01, 0x01, 0x01, 0x01, 0x02, 0x01, 0x01, 0x01, 0x01, 0x01, 0x01,
0x02, 0x01, 0x02, 0x01, 0x02, 0x01, 0x01, 0x1b, 0x01, 0xff, 0xfd, 0xff, 0xff, 0xfe, 0xfd, 0xfe,
0x02, 0x01, 0x02, 0x02, 0x02, 0x02, 0xfe, 0xfa, 0xf9, 0xf7, 0xf7, 0xf8, 0xfb, 0xfc, 0xfc, 0x02,
0x04, 0x04, 0x00, 0x01, 0x81, 0x11, 0xfc, 0xfc, 0xf9, 0xf8, 0xf9, 0xfc, 0xfd, 0xff, 0x00, 0xff,
0x00, 0x01, 0x00, 0x06, 0x07, 0x09, 0x07, 0x06, 0x02, 0xfd, 0xfd, 0xff, 0x82, 0x02, 0x03, 0x03,
0x01, 0x82, 0x23, 0xff, 0xff, 0xf6, 0xf8, 0xf9, 0xff, 0x01, 0x02, 0x02, 0x01, 0xff, 0xfb, 0xfd,
0x02, 0x04, 0x04, 0x06, 0x01, 0x01, 0x02, 0x05, 0x05, 0x08, 0x0b, 0x0c, 0x0b, 0x0b, 0x0a, 0x08,
0x09, 0x09, 0x07, 0x05, 0xfd, 0xfa, 0xf8, 0x30, 0x2f, 0x00, 0x01, 0x03, 0x02, 0x02, 0x01, 0x03,
0x01, 0x03, 0x01, 0x03, 0x02, 0x02, 0x01, 0x03, 0x01, 0x03, 0x01, 0x01, 0x02, 0x03, 0x02, 0x03,
0x03, 0x02, 0x01, 0x01, 0x01, 0x01, 0x01, 0x01, 0x01, 0x01, 0x01, 0x01, 0x02, 0x01, 0x02, 0x01,
0x01, 0x02, 0x01, 0x01, 0x02, 0x01, 0x02, 0x01, 0x01, 0x80, 0x2e, 0x01, 0x05, 0x01, 0x04, 0x01,
0x05, 0x05, 0x01, 0xff, 0xfb, 0xff, 0xfd, 0xff, 0xfb, 0xfb, 0x03, 0x09, 0x0e, 0x10, 0x07, 0x03,
0xff, 0xfd, 0x00, 0xfd, 0x01, 0x00, 0xfe, 0x00, 0x01, 0x07, 0x09, 0x11, 0x13, 0x11, 0x0c, 0x04,
0x03, 0x01, 0x03, 0xfd, 0x00, 0xf7, 0xf2, 0xf0, 0xf2, 0xf7, 0x07, 0x0a, 0x0a, 0x04, 0x02, 0x04,
0x04, 0x00, 0x04, 0x81, 0x25, 0x06, 0x08, 0x06, 0x06, 0x0a, 0x06, 0x14, 0x12, 0x0d, 0x04, 0xfe,
0x04, 0x07, 0x03, 0x01, 0x01, 0xfd, 0xfe, 0x02, 0x05, 0x07, 0x08, 0x06, 0x00, 0xfd, 0xf6, 0xf1,
0xef, 0xf1, 0xf2, 0xfa, 0xf4, 0xf4, 0xf6, 0xfb, 0x07, 0x0d, 0x12, 0x32, 0x01, 0xff, 0xfd, 0xfd,
0xfd, 0xfd, 0xff, 0xff, 0xff, 0xfe, 0xfd, 0xfd, 0xfd, 0xfd, 0xfd, 0xfd, 0xfe, 0x01, 0x02, 0x02,
0x02, 0x02, 0x01, 0x01, 0x01, 0x01, 0x02, 0x02, 0x02, 0x02, 0x02, 0x01, 0xfe, 0xfa, 0xf9, 0xf7,
0xf7, 0xf7, 0xf8, 0xfb, 0xfc, 0xfc, 0xfc, 0xfe, 0x02, 0x04, 0x04, 0x04, 0x02, 0x00, 0x01, 0x81,
0x00, 0xff, 0x81, 0x07, 0xfc, 0xfc, 0xf9, 0xf8, 0xf8, 0xf9, 0xfc, 0xfc, 0x81, 0x0c, 0xff, 0xff,
0x00, 0x01, 0x00, 0x02, 0x06, 0x07, 0x09, 0x09, 0x07, 0x06, 0x02, 0x83, 0x03, 0xfd, 0xfd, 0xfd,
0xfd, 0x87, 0x07, 0x01, 0x02, 0x03, 0x03, 0x03, 0x03, 0x03, 0x03, 0x87, 0x32, 0xff, 0xff, 0xfe,
0xfd, 0xf6, 0xf8, 0xf9, 0xfd, 0xff, 0x01, 0x02, 0x02, 0x01, 0xff, 0xfd, 0xfb, 0xfb, 0xfd, 0x00,
0x02, 0x04, 0x04, 0x04, 0x06, 0x05, 0x02, 0x02, 0x02, 0x01, 0x02, 0x05, 0x05, 0x07, 0x08, 0x0b,
0x0b, 0x0a, 0x0b, 0x0b, 0x07, 0x08, 0x09, 0x09, 0x09, 0x07, 0x05, 0x01, 0xfd, 0xfa, 0xf8, 0xf6,
0x83, 0x80, 0x3f, 0x01, 0x03, 0x06, 0x06, 0x03, 0x01, 0x05, 0x05, 0x01, 0x03, 0x06, 0x06, 0x06,
0x06, 0x03, 0x01, 0xff, 0xfd, 0xfa, 0xfa, 0xfd, 0xff, 0xfc, 0xfc, 0xff, 0xfd, 0xfa, 0xfa, 0xfa,
0xfa, 0xfe, 0x04, 0x0b, 0x11, 0x14, 0x14, 0x14, 0x0e, 0x09, 0x04, 0x04, 0x04, 0x01, 0xff, 0xfc,
0xfc, 0xfc, 0xff, 0x00, 0xfc, 0x01, 0x00, 0xfd, 0x00, 0x01, 0x09, 0x0b, 0x14, 0x17, 0x18, 0x15,
0x0e, 0x0c, 0x05, 0x0d, 0x03, 0x00, 0x01, 0x03, 0xfc, 0x00, 0xfc, 0xf5, 0xef, 0xec, 0xec, 0xef,
0xf5, 0xfc, 0x83, 0x0e, 0x0c, 0x0c, 0x0c, 0x09, 0x06, 0x02, 0x02, 0x02, 0x05, 0x05, 0x05, 0x02,
0x00, 0x05, 0x03, 0x83, 0x3b, 0x03, 0x06, 0x0a, 0x0a, 0x0a, 0x07, 0x07, 0x07, 0x0b, 0x0c, 0x07,
0x09, 0x0c, 0x19, 0x16, 0x10, 0x08, 0x05, 0x02, 0xfd, 0xfd, 0x02, 0x05, 0x06, 0x09, 0x09, 0x06,
0x05, 0x04, 0x01, 0x01, 0x01, 0xfc, 0xfd, 0x03, 0x06, 0x08, 0x09, 0x07, 0xff, 0xfd, 0xf6, 0xf4,
0xed, 0xeb, 0xea, 0xed, 0xef, 0xf6, 0xf8, 0xf1, 0xf1, 0xf1, 0xf4, 0xfa, 0x01, 0x09, 0x10, 0x16,
0x19, 0x83, 0x02, 0xff, 0x04, 0x02, 0x81, 0x05, 0x02, 0x04, 0xfb, 0xfb, 0x04, 0x02, 0x83, 0x10,
0x02, 0x04, 0xff, 0x01, 0x03, 0x03, 0x00, 0xff, 0x07, 0x07, 0xff, 0x00, 0x03, 0x03, 0x03, 0x03,
0x01, 0x81, 0x00, 0x01, 0x82, 0x1f, 0x04, 0x0a, 0x0e, 0x0e, 0x0e, 0x06, 0xfa, 0xf2, 0xf2, 0xf2,
0xf7, 0xfd, 0x08, 0xfb, 0xfd, 0xfc, 0xfb, 0xf9, 0xf2, 0xf1, 0xf2, 0xf0, 0xf0, 0xf2, 0xf0, 0xf3,
0xf9, 0xfb, 0xfd, 0xfd, 0xfb, 0x0c, 0x82, 0x00, 0xff, 0x81, 0x00, 0xff, 0x85, 0x21, 0x07, 0x07,
0x07, 0x09, 0x0c, 0x0e, 0x0e, 0x0e, 0x03, 0x03, 0x03, 0x05, 0x06, 0xf4, 0xf5, 0xf8, 0xf8, 0xf8,
0xf8, 0xf5, 0xf3, 0xf1, 0xf1, 0xf1, 0xfd, 0xfd, 0xfd, 0xfa, 0xf8, 0x0b, 0x09, 0x07, 0x00, 0x01,
0x82, 0x1f, 0x03, 0x07, 0x07, 0x03, 0x00, 0x06, 0x0e, 0x0e, 0x06, 0x00, 0xfa, 0xf2, 0xf2, 0xf2,
0xff, 0xfd, 0xf6, 0xf5, 0xf3, 0xf2, 0xf4, 0xf3, 0xf5, 0xfa, 0xfd, 0xfa, 0xfd, 0xfc, 0xfa, 0xf7,
0xf2, 0xef, 0x82, 0x00, 0xff, 0x83, 0x00, 0x01, 0x84, 0x0f, 0xff, 0x01, 0x01, 0x01, 0x01, 0x01,
0x00, 0x02, 0x02, 0x00, 0x01, 0x01, 0x01, 0x01, 0x01, 0x01, 0x81, 0x32, 0xff, 0xff, 0xff, 0xff,
0x00, 0xfe, 0xfe, 0x00, 0xff, 0xff, 0xff, 0xff, 0xff, 0xff, 0x02, 0x05, 0x08, 0x09, 0x09, 0x09,
0x05, 0x01, 0xfd, 0xfd, 0xfd, 0xff, 0x01, 0x03, 0x03, 0x03, 0x02, 0x00, 0x01, 0x04, 0x04, 0x03,
0x04, 0x04, 0x07, 0x07, 0x08, 0x09, 0x09, 0x08, 0x07, 0x07, 0x04, 0x04, 0x03, 0x04, 0x04, 0x81,
0x07, 0xff, 0xfc, 0xf8, 0xf7, 0xf7, 0xf8, 0xfb, 0xfe, 0x83, 0x3f, 0x04, 0x04, 0x04, 0x03, 0x02,
0x02, 0x02, 0x02, 0x02, 0x02, 0x02, 0x02, 0x01, 0x02, 0x02, 0x01, 0x01, 0x01, 0x01, 0x02, 0x02,
0x03, 0x03, 0x03, 0x03, 0x03, 0x03, 0x03, 0x04, 0x04, 0x04, 0x04, 0x0a, 0x09, 0x06, 0x02, 0x02,
0x00, 0xfc, 0xfc, 0x00, 0x02, 0x00, 0xff, 0xff, 0x00, 0x01, 0x03, 0x04, 0x04, 0x04, 0x01, 0x01,
0x04, 0x04, 0x04, 0x04, 0x04, 0x03, 0x01, 0xfc, 0xfa, 0xfa, 0xf9, 0x0e, 0xf9, 0xfa, 0xfa, 0xfc,
0xfd, 0xf9, 0xf9, 0xf9, 0xfa, 0xfd, 0x00, 0x03, 0x06, 0x09, 0x0a, 0x83, 0x80, 0x0c, 0x00, 0x34,
0x00, 0x97, 0x00, 0x09, 0x00, 0xa1, 0x00, 0x06, 0x00, 0x85, 0x20, 0x05, 0x00, 0x99, 0x00, 0x02,
0x00, 0x8f, 0x20, 0x01, 0x00, 0xa4, 0x00, 0x00, 0x00, 0x8f, 0x20, 0x0b, 0x00, 0x94, 0x20, 0x08,
0x00, 0x96, 0x00, 0x0a, 0x00, 0xa1, 0x00, 0x07, 0x00, 0x99, 0x00, 0x04, 0x00, 0xa3, 0x00, 0x03,
0x00, 0x17, 0x04, 0x0b, 0x0f, 0x12, 0x12, 0x0f, 0x0b, 0x04, 0x00, 0x02, 0xff, 0x00, 0xff, 0xff,
0xfe, 0xf9, 0xf8, 0xf1, 0xf0, 0xf0, 0xf1, 0xf7, 0xf9, 0xff, 0x82, 0x33, 0xff, 0x02, 0x00, 0x04,
0x08, 0x08, 0x08, 0x04, 0xfc, 0xf8, 0xf8, 0xf8, 0xf6, 0xf0, 0xee, 0xee, 0xee, 0xf1, 0xf5, 0xfc,
0xfe, 0x03, 0x05, 0x06, 0x06, 0x05, 0x03, 0x02, 0x02, 0x04, 0x06, 0x06, 0x06, 0x06, 0x06, 0x06,
0x04, 0xff, 0xfd, 0xfc, 0xfc, 0xfd, 0xff, 0xfe, 0xfe, 0xfe, 0xfc, 0xfc, 0xfc, 0xfc, 0xfc, 0xfd,
0x83, 0x33, 0x14, 0x11, 0x0c, 0x06, 0xfd, 0xf6, 0xf1, 0xee, 0xee, 0xee, 0xf1, 0xf0, 0xec, 0xeb,
0xea, 0xe9, 0xea, 0xf1, 0xf2, 0xf6, 0xf7, 0xfd, 0xff, 0xfe, 0xfc, 0xfa, 0xf6, 0xf5, 0xf8, 0xf8,
0xf8, 0xfd, 0x01, 0x05, 0x0a, 0x0a, 0x06, 0x02, 0xff, 0xfd, 0xfd, 0xff, 0x02, 0x06, 0x0d, 0x11,
0x14, 0x06, 0x06, 0x06, 0x05, 0x01, 0x86, 0x08, 0xfe, 0xfc, 0xfa, 0xfa, 0xfa, 0xfa, 0xfa, 0xfb,
0xff, 0x86, 0x03, 0x02, 0x02, 0x04, 0x06, 0x83, 0x3f, 0xfa, 0xee, 0xe5, 0xe0, 0xe0, 0xe5, 0xee,
0xfa, 0x00, 0xfa, 0x05, 0x01, 0x01, 0x05, 0x09, 0x13, 0x17, 0x22, 0x26, 0x25, 0x21, 0x12, 0x0e,
0x02, 0x00, 0xfd, 0x00, 0x02, 0xfa, 0x00, 0xfe, 0xfa, 0xfa, 0xfa, 0xfe, 0x02, 0x06, 0x06, 0x06,
0x0e, 0x18, 0x20, 0x20, 0x20, 0x1b, 0x12, 0x06, 0x00, 0xfe, 0xfb, 0xf6, 0xf6, 0xfb, 0xfe, 0xf8,
0xf8, 0xfe, 0xfb, 0xf6, 0xf6, 0xf6, 0xf6, 0xfb, 0xfe, 0x0e, 0x02, 0x05, 0x0a, 0x0a, 0x05, 0x02,
0x06, 0x06, 0x02, 0x05, 0x0a, 0x0a, 0x0a, 0x0a, 0x03, 0x83, 0x3d, 0xd8, 0xdd, 0xe6, 0xf2, 0xfe,
0x0a, 0x13, 0x18, 0x18, 0x18, 0x0d, 0x11, 0x1b, 0x1f, 0x23, 0x23, 0x1f, 0x14, 0x10, 0x05, 0x01,
0xf5, 0xf1, 0xf2, 0xf7, 0xfb, 0x04, 0x06, 0xfe, 0xfe, 0xfe, 0xfa, 0xf8, 0xf6, 0xf2, 0xf2, 0xf6,
0xf8, 0xfd, 0x05, 0x05, 0xfd, 0xf8, 0xf2, 0xe6, 0xdd, 0xd8, 0xec, 0xec, 0xec, 0xf1, 0xf7, 0xfc,
0xfc, 0xfc, 0xf8, 0xf8, 0xf8, 0xfd, 0x00, 0xf8, 0xfb, 0x83, 0x0c, 0xfb, 0xf5, 0xf0, 0xf0, 0xf0,
0xf4, 0xf4, 0xf4, 0xef, 0xec, 0xf4, 0xf1, 0xec, 0x83, 0x2b, 0x2a, 0x00, 0x04, 0x04, 0x01, 0x01,
0x01, 0x01, 0x02, 0x01, 0x01, 0x01, 0x02, 0x01, 0x01, 0x01, 0x01, 0x02, 0x02, 0x02, 0x01, 0x01,
0x02, 0x01, 0x01, 0x01, 0x01, 0x03, 0x02, 0x05, 0x01, 0x02, 0x01, 0x03, 0x03, 0x02, 0x01, 0x05,
0x01, 0x01, 0x03, 0x03, 0x02, 0x01, 0x2a, 0x05, 0x18, 0x00, 0x01, 0x09, 0x0a, 0x09, 0x08, 0x03,
0x02, 0xf3, 0xf2, 0xf3, 0x03, 0x04, 0x08, 0x09, 0x08, 0x00, 0x08, 0x10, 0x10, 0x08, 0xf8, 0xf0,
0xf0, 0xea, 0xe8, 0x08, 0x16, 0x1c, 0x1c, 0x04, 0x19, 0x1c, 0x1c, 0xfb, 0xf8, 0xf8, 0x10, 0xfb,
0xf8, 0xf8, 0x2a, 0x0a, 0xed, 0xda, 0xda, 0xd2, 0xd1, 0xce, 0xcc, 0xcb, 0xcc, 0xdb, 0xe0, 0xe1,
0xf1, 0xf2, 0xf1, 0xef, 0xea, 0xe2, 0xe2, 0xea, 0xfa, 0x02, 0x02, 0xfa, 0xf2, 0xee, 0xf2, 0x0a,
0x0a, 0x07, 0x01, 0xfe, 0xf2, 0xec, 0xe0, 0xda, 0xdd, 0xe3, 0xe6, 0xf2, 0xf8, 0xfa, 0x81, 0x00,
0xff, 0x81, 0x00, 0xff, 0x82, 0x1f, 0x11, 0xfa, 0xfe, 0xfd, 0xfa, 0xf6, 0xed, 0xe9, 0xec, 0xe9,
0xe9, 0xec, 0xea, 0xed, 0xf6, 0xf9, 0xfb, 0xfc, 0xf9, 0x0b, 0xfb, 0xf3, 0xec, 0xec, 0xec, 0xf8,
0x08, 0x14, 0x14, 0x14, 0x0e, 0x06, 0x82, 0x00, 0x01, 0x81, 0x02, 0x02, 0xfb, 0xfd, 0x81, 0x05,
0xfd, 0xfb, 0x07, 0x07, 0xfb, 0xfd, 0x83, 0x10, 0xfd, 0xfb, 0x02, 0xff, 0xfc, 0xfc, 0x00, 0x02,
0xf6, 0xf6, 0x02, 0x00, 0xfc, 0xfc, 0xfc, 0xfc, 0xff, 0x83, 0x80, 0x00, 0xff, 0x83, 0x00, 0x01,
0x82, 0x1f, 0x17, 0x13, 0x0c, 0x08, 0x04, 0x04, 0x08, 0x05, 0x08, 0x10, 0x13, 0x11, 0x14, 0x13,
0x10, 0x0d, 0x05, 0x02, 0x14, 0x14, 0x14, 0x08, 0x00, 0xf8, 0xec, 0xec, 0xf8, 0x00, 0xfc, 0xf6,
0xf6, 0xfc, 0x82, 0x21, 0xff, 0x00, 0xf6, 0xf6, 0xf6, 0xf3, 0xef, 0xec, 0xec, 0xec, 0xfc, 0xfc,
0xfc, 0xf9, 0xf7, 0x11, 0x0f, 0x0b, 0x0b, 0x0b, 0x0b, 0x0f, 0x13, 0x16, 0x16, 0x16, 0x05, 0x05,
0x05, 0x09, 0x0b, 0xf0, 0xf3, 0xf6, 0x83, 0x2f, 0x2e, 0x00, 0x01, 0x01, 0x02, 0x01, 0x01, 0x02,
0x01, 0x01, 0x01, 0x01, 0x02, 0x01, 0x01, 0x01, 0x02, 0x01, 0x01, 0x01, 0x01, 0x02, 0x01, 0x01,
0x01, 0x01, 0x03, 0x06, 0x02, 0x02, 0x02, 0x01, 0x02, 0x01, 0x03, 0x02, 0x02, 0x01, 0x03, 0x01,
0x03, 0x01, 0x03, 0x02, 0x02, 0x01, 0x03, 0x01, 0x17, 0x0b, 0x1e, 0x2b, 0x34, 0x2b, 0x1e, 0x00,
0x0c, 0xf4, 0xfb, 0xfa, 0xed, 0xd7, 0xcf, 0xaf, 0xac, 0xaf, 0xd1, 0xd8, 0xef, 0xfc, 0xfe, 0xf6,
0x0c, 0x82, 0x03, 0xdb, 0xcc, 0xd5, 0xe2, 0x81, 0x05, 0x10, 0x00, 0x10, 0x00, 0x10, 0x10, 0x81,
0x05, 0xf0, 0x00, 0xf0, 0x00, 0xf0, 0xf0, 0x16, 0x34, 0x2b, 0x1e, 0xf5, 0xe2, 0xd5, 0xcc, 0xcc,
0xe4, 0xdd, 0xc7, 0xb9, 0xb7, 0xbf, 0xe0, 0xeb, 0xee, 0x0f, 0x16, 0x15, 0x07, 0xf2, 0xea, 0x82,
0x14, 0xf5, 0xe6, 0x00, 0x1e, 0x2b, 0x10, 0x10, 0xf9, 0xf0, 0x06, 0x06, 0xf6, 0x00, 0xf0, 0xf0,
0x07, 0x10, 0xfa, 0xfa, 0x0a, 0x00, 0x3f, 0xf9, 0xec, 0xe2, 0xdd, 0xdd, 0xe2, 0xed, 0xfa, 0x01,
0x01, 0x10, 0x0e, 0x0c, 0x0f, 0x11, 0x19, 0x1b, 0x1e, 0x25, 0x25, 0x1e, 0x1b, 0x19, 0x11, 0x0f,
0x0c, 0x0d, 0x0f, 0x02, 0x01, 0x06, 0x0b, 0x0b, 0x0b, 0x05, 0xfb, 0xf5, 0xf5, 0xf5, 0x03, 0x15,
0x23, 0x23, 0x23, 0x1e, 0x14, 0x07, 0x04, 0xfe, 0xfd, 0xfb, 0xfb, 0xfe, 0xff, 0xf8, 0xf8, 0xff,
0xfe, 0xfb, 0xfb, 0xfb, 0xfb, 0xfe, 0xff, 0x0e, 0x01, 0x02, 0x04, 0x04, 0x02, 0x01, 0x07, 0x07,
0x01, 0x02, 0x04, 0x04, 0x04, 0x04, 0x04, 0x83, 0x3f, 0xd8, 0xdd, 0xe7, 0xf4, 0x02, 0x0e, 0x18,
0x1d, 0x1d, 0x1d, 0x0e, 0x10, 0x18, 0x1a, 0x1d, 0x1c, 0x1a, 0x17, 0x10, 0xfc, 0xf5, 0xf2, 0xf0,
0xef, 0xf1, 0xf3, 0xfa, 0xfc, 0xef, 0xef, 0xef, 0xf6, 0xfb, 0x00, 0x06, 0x06, 0xff, 0xfa, 0x03,
0x11, 0x11, 0x03, 0xfa, 0xf4, 0xe7, 0xdd, 0xd8, 0xf1, 0xf1, 0xf1, 0xf4, 0xf6, 0xf8, 0xf8, 0xf8,
0xf7, 0xf7, 0xf7, 0xfa, 0xfb, 0xf8, 0xf9, 0xfb, 0xfb, 0x0e, 0xfb, 0xfb, 0xf9, 0xf7, 0xf4, 0xf4,
0xf4, 0xf5, 0xf5, 0xf5, 0xf3, 0xf2, 0xf1, 0xf1, 0xf1, 0x83, 0x2f, 0x2e, 0x00, 0x01, 0x01, 0x02,
0x01, 0x01, 0x02, 0x01, 0x01, 0x01, 0x01, 0x02, 0x01, 0x01, 0x01, 0x02, 0x02, 0x02, 0x03, 0x01,
0x01, 0x01, 0x03, 0x01, 0x02, 0x02, 0x01, 0x01, 0x01, 0x01, 0x01, 0x02, 0x01, 0x02, 0x01, 0x03,
0x02, 0x02, 0x01, 0x06, 0x01, 0x04, 0x02, 0x04, 0x01, 0x01, 0x01, 0x10, 0xfe, 0xfa, 0xf9, 0xf7,
0xf9, 0xfa, 0x00, 0xff, 0x01, 0x00, 0x01, 0x01, 0x03, 0x04, 0x08, 0x08, 0x05, 0x81, 0x1b, 0x01,
0xff, 0x00, 0xfc, 0xfc, 0x02, 0x04, 0x04, 0x05, 0x08, 0x09, 0x09, 0x07, 0x06, 0x01, 0xff, 0xfd,
0xff, 0xff, 0xfe, 0xfd, 0xfe, 0x02, 0x01, 0x02, 0x02, 0x02, 0x02, 0x23, 0xf6, 0xf8, 0xfa, 0x01,
0x05, 0x07, 0x09, 0x09, 0x08, 0x08, 0x0a, 0x0b, 0x0c, 0x0b, 0x08, 0x05, 0x02, 0x01, 0x05, 0x06,
0x04, 0x04, 0x00, 0xfd, 0xfb, 0xff, 0x01, 0x02, 0x02, 0x01, 0xff, 0xf9, 0xf8, 0xfd, 0xfd, 0xff,
0x82, 0x02, 0x03, 0x03, 0x01, 0x82, 0x01, 0xff, 0xff, 0x30, 0x2f, 0x00, 0x01, 0x01, 0x02, 0x01,
0x01, 0x02, 0x01, 0x01, 0x02, 0x01, 0x02, 0x01, 0x01, 0x02, 0x01, 0x01, 0x01, 0x01, 0x01, 0x01,
0x01, 0x01, 0x01, 0x01, 0x04, 0x02, 0x02, 0x03, 0x02, 0x02, 0x01, 0x02, 0x01, 0x03, 0x02, 0x02,
0x01, 0x03, 0x01, 0x03, 0x01, 0x03, 0x02, 0x02, 0x01, 0x03, 0x01, 0x2f, 0x03, 0x09, 0x0e, 0x10,
0x0e, 0x09, 0x00, 0x03, 0xfe, 0xff, 0xfe, 0xf6, 0xf5, 0xef, 0xed, 0xf0, 0xf7, 0xf9, 0xff, 0x00,
0x02, 0x00, 0xff, 0x03, 0x00, 0x03, 0xff, 0xfd, 0xf4, 0xf0, 0xf2, 0xf7, 0x00, 0x01, 0x05, 0x01,
0x04, 0x01, 0x05, 0x05, 0x01, 0xff, 0xfb, 0xff, 0xfd, 0xff, 0xfb, 0xfb, 0x27, 0x14, 0x12, 0x0d,
0x01, 0xfb, 0xf6, 0xf4, 0xf4, 0xfa, 0xf2, 0xf1, 0xef, 0xf1, 0xf6, 0xfd, 0x00, 0x06, 0x08, 0x07,
0x05, 0x02, 0xfe, 0xfd, 0x01, 0x01, 0x05, 0x07, 0x04, 0xfe, 0x04, 0x0d, 0x12, 0x0a, 0x0a, 0x04,
0x02, 0x04, 0x04, 0x00, 0x04, 0x81, 0x05, 0x06, 0x08, 0x06, 0x06, 0x0a, 0x06, 0x16, 0xfe, 0xfa,
0xf9, 0xf7, 0xf7, 0xf9, 0xfa, 0xfe, 0x00, 0xff, 0x01, 0x01, 0x01, 0x01, 0x00, 0x04, 0x04, 0x08,
0x08, 0x08, 0x08, 0x05, 0x04, 0x81, 0x35, 0x01, 0x00, 0x01, 0xff, 0x00, 0xfe, 0xfc, 0xfc, 0xfc,
0xfe, 0x02, 0x04, 0x04, 0x04, 0x05, 0x08, 0x09, 0x09, 0x09, 0x07, 0x06, 0x02, 0x01, 0xff, 0xfd,
0xfd, 0xfd, 0xfd, 0xff, 0xff, 0xff, 0xfe, 0xfd, 0xfd, 0xfd, 0xfd, 0xfd, 0xfd, 0xfe, 0x01, 0x02,
0x02, 0x02, 0x02, 0x01, 0x01, 0x01, 0x01, 0x02, 0x02, 0x02, 0x02, 0x02, 0x01, 0x83, 0x32, 0xf6,
0xf8, 0xfa, 0xfd, 0x01, 0x05, 0x07, 0x09, 0x09, 0x09, 0x08, 0x07, 0x0b, 0x0b, 0x0a, 0x0b, 0x0b,
0x08, 0x07, 0x05, 0x05, 0x02, 0x01, 0x02, 0x02, 0x02, 0x05, 0x06, 0x04, 0x04, 0x04, 0x02, 0x00,
0xfd, 0xfb, 0xfb, 0xfd, 0xff, 0x01, 0x02, 0x02, 0x01, 0xff, 0xfd, 0xf9, 0xf8, 0xf6, 0xfd, 0xfd,
0xfd, 0xfd, 0x87, 0x07, 0x01, 0x02, 0x03, 0x03, 0x03, 0x03, 0x03, 0x03, 0x87, 0x03, 0xff, 0xff,
0xfe, 0xfd, 0x83, 0x3f, 0x04, 0x0b, 0x11, 0x14, 0x14, 0x11, 0x0b, 0x04, 0x00, 0x04, 0xfd, 0xff,
0x00, 0xfd, 0xfb, 0xf4, 0xf2, 0xeb, 0xe8, 0xe9, 0xec, 0xf5, 0xf7, 0xff, 0x00, 0x03, 0x00, 0xff,
0x04, 0x00, 0x01, 0x04, 0x04, 0x04, 0x01, 0xff, 0xfc, 0xfc, 0xfc, 0xf7, 0xf2, 0xec, 0xec, 0xec,
0xef, 0xf5, 0xfc, 0x00, 0x01, 0x03, 0x06, 0x06, 0x03, 0x01, 0x05, 0x05, 0x01, 0x03, 0x06, 0x06,
0x06, 0x06, 0x03, 0x01, 0x0e, 0xff, 0xfd, 0xfa, 0xfa, 0xfd, 0xff, 0xfc, 0xfc, 0xff, 0xfd, 0xfa,
0xfa, 0xfa, 0xfa, 0xfe, 0x83, 0x3d, 0x19, 0x16, 0x10, 0x09, 0x01, 0xfa, 0xf4, 0xf1, 0xf1, 0xf1,
0xf8, 0xf6, 0xef, 0xed, 0xea, 0xeb, 0xed, 0xf4, 0xf6, 0xfd, 0xff, 0x07, 0x09, 0x08, 0x06, 0x03,
0xfd, 0xfc, 0x01, 0x01, 0x01, 0x04, 0x05, 0x06, 0x09, 0x09, 0x06, 0x05, 0x02, 0xfd, 0xfd, 0x02,
0x05, 0x08, 0x10, 0x16, 0x19, 0x0c, 0x0c, 0x0c, 0x09, 0x06, 0x02, 0x02, 0x02, 0x05, 0x05, 0x05,
0x02, 0x00, 0x05, 0x03, 0x83, 0x0c, 0x03, 0x06, 0x0a, 0x0a, 0x0a, 0x07, 0x07, 0x07, 0x0b, 0x0c,
0x07, 0x09, 0x0c, 0x83, 0x81, 0x00, 0x01, 0x81, 0x00, 0x01, 0x82, 0x1f, 0xf4, 0x04, 0x02, 0x03,
0x04, 0x07, 0x0d, 0x10, 0x0e, 0x10, 0x10, 0x0e, 0x0f, 0x0e, 0x07, 0x05, 0x04, 0x03, 0x05, 0xf8,
0x04, 0x09, 0x0e, 0x0e, 0x0e, 0x06, 0xfa, 0xf2, 0xf2, 0xf2, 0xf6, 0xfc, 0x82, 0x00, 0xff, 0x81,
0x02, 0xff, 0x04, 0x02, 0x81, 0x05, 0x02, 0x04, 0xfb, 0xfb, 0x04, 0x02, 0x83, 0x10, 0x02, 0x04,
0xff, 0x01, 0x03, 0x03, 0x00, 0xff, 0x07, 0x07, 0xff, 0x00, 0x03, 0x03, 0x03, 0x03, 0x01, 0x83,
0x80, 0x00, 0x01, 0x83, 0x00, 0xff, 0x82, 0x1f, 0xf0, 0xf2, 0xf8, 0xfa, 0xfd, 0xfd, 0xfa, 0xfd,
0xfa, 0xf5, 0xf3, 0xf4, 0xf2, 0xf3, 0xf5, 0xf6, 0xfd, 0xff, 0xf2, 0xf2, 0xf2, 0xfa, 0x00, 0x06,
0x0e, 0x0e, 0x06, 0x00, 0x03, 0x07, 0x07, 0x03, 0x82, 0x21, 0x01, 0x00, 0x07, 0x07, 0x07, 0x09,
0x0c, 0x0e, 0x0e, 0x0e, 0x03, 0x03, 0x03, 0x05, 0x06, 0xf4, 0xf5, 0xf8, 0xf8, 0xf8, 0xf8, 0xf5,
0xf3, 0xf1, 0xf1, 0xf1, 0xfd, 0xfd, 0xfd, 0xfa, 0xf8, 0x0b, 0x09, 0x07, 0x83, 0x07, 0x02, 0x05,
0x08, 0x09, 0x09, 0x08, 0x04, 0x01, 0x81, 0x11, 0xfc, 0xfc, 0xfd, 0xfc, 0xfc, 0xf9, 0xf9, 0xf9,
0xf7, 0xf7, 0xf9, 0xf9, 0xf9, 0xfc, 0xfc, 0xfd, 0xfc, 0xfc, 0x81, 0x20, 0xfe, 0xfd, 0xfd, 0xfd,
0xff, 0x01, 0x03, 0x03, 0x03, 0xff, 0xfb, 0xf7, 0xf7, 0xf7, 0xf8, 0xfb, 0xfe, 0xff, 0x01, 0x01,
0x01, 0x01, 0x01, 0x00, 0x02, 0x02, 0x00, 0x01, 0x01, 0x01, 0x01, 0x01, 0x01, 0x81, 0x0d, 0xff,
0xff, 0xff, 0xff, 0x00, 0xfe, 0xfe, 0x00, 0xff, 0xff, 0xff, 0xff, 0xff, 0xff, 0x83, 0x3f, 0x0a,
0x09, 0x06, 0x03, 0x00, 0xfd, 0xfa, 0xf9, 0xf9, 0xf9, 0xfd, 0xfc, 0xfa, 0xfa, 0xf9, 0xf9, 0xfa,
0xfa, 0xfc, 0x01, 0x03, 0x04, 0x04, 0x04, 0x04, 0x04, 0x01, 0x01, 0x04, 0x04, 0x04, 0x03, 0x01,
0x00, 0xff, 0xff, 0x00, 0x02, 0x00, 0xfc, 0xfc, 0x00, 0x02, 0x02, 0x06, 0x09, 0x0a, 0x04, 0x04,
0x04, 0x03, 0x02, 0x02, 0x02, 0x02, 0x02, 0x02, 0x02, 0x02, 0x01, 0x02, 0x02, 0x01, 0x01, 0x0e,
0x01, 0x01, 0x02, 0x02, 0x03, 0x03, 0x03, 0x03, 0x03, 0x03, 0x03, 0x04, 0x04, 0x04, 0x04, 0x83,
0x80, 0x18, 0x00, 0x64, 0x00, 0x07, 0x00, 0x0d, 0x00, 0xb2, 0x20, 0x09, 0x00, 0x7e, 0x20, 0x06,
0x00, 0x70, 0x20, 0x05, 0x00, 0x82, 0x20, 0x02, 0x00, 0xa4, 0x20, 0x01, 0x00, 0x4b, 0x20, 0x00,
0x00, 0x05, 0x00, 0x14, 0x00, 0x05, 0x00, 0x0c, 0x00, 0x05, 0x00, 0x0f, 0x00, 0x1f, 0x20, 0x17,
0x00, 0x05, 0x00, 0x0e, 0x00, 0xa0, 0x20, 0x0b, 0x00, 0x7e, 0x20, 0x08, 0x00, 0xa0, 0x20, 0x0a,
0x00, 0x6a, 0x20, 0x07, 0x00, 0x76, 0x20, 0x04, 0x00, 0x3f, 0x20, 0x03, 0x00, 0x05, 0x00, 0x16,
0x00, 0x05, 0x00, 0x13, 0x00, 0x21, 0x20, 0x15, 0x00, 0x05, 0x00, 0x12, 0x00, 0x21, 0x20, 0x11,
0x00, 0x05, 0x00, 0x10, 0x03, 0x02, 0x45, 0x07, 0x07, 0x41, 0x02, 0x30, 0x02, 0x30, 0x80, 0x82,
0x3a, 0x39, 0x00, 0x01, 0x01, 0x01, 0x01, 0x01, 0x01, 0x01, 0x01, 0x01, 0x01, 0x01, 0x01, 0x01,
0x01, 0x01, 0x01, 0x01, 0x01, 0x01, 0x01, 0x01, 0x01, 0x01, 0x01, 0x01, 0x01, 0x01, 0x01, 0x01,
0x01, 0x01, 0x01, 0x01, 0x01, 0x01, 0x01, 0x03, 0x01, 0x03, 0x01, 0x03, 0x01, 0x03, 0x05, 0x07,
0x02, 0x07, 0x07, 0x02, 0x03, 0x01, 0x01, 0x01, 0x01, 0x01, 0x01, 0x01, 0x39, 0x0a, 0x0c, 0x0c,
0x0c, 0x0c, 0x0a, 0x04, 0x02, 0x02, 0x02, 0x02, 0x04, 0xfc, 0xfe, 0xfe, 0xfe, 0xfe, 0xfc, 0xf6,
0xf4, 0xf4, 0xf4, 0xf4, 0xf6, 0x04, 0x06, 0x06, 0x06, 0x06, 0x04, 0xfe, 0xfc, 0xfc, 0xfc, 0xfc,
0xfe, 0x08, 0x12, 0x12, 0x08, 0xf8, 0xee, 0xee, 0xf8, 0xf8, 0x08, 0x08, 0x08, 0x08, 0x08, 0xfe,
0xfc, 0xfc, 0xfe, 0x04, 0x06, 0x06, 0x04, 0x80, 0x38, 0x02, 0x05, 0x05, 0x08, 0x0a, 0x0a, 0x08,
0x05, 0x05, 0x02, 0x00, 0xfa, 0xfc, 0xff, 0x05, 0x08, 0x0a, 0x0a, 0x08, 0x05, 0xff, 0xfc, 0xfa,
0x02, 0x04, 0x07, 0x05, 0x08, 0x0a, 0x0a, 0x08, 0x05, 0x07, 0x04, 0x02, 0x12, 0x08, 0xf8, 0xee,
0xee, 0xf8, 0x08, 0x12, 0x08, 0xf8, 0x08, 0xf8, 0x08, 0xf8, 0x00, 0xfe, 0xf8, 0xf6, 0xf6, 0xf8,
0xfe, 0x00, 0x00, 0x2a, 0xec, 0xe4, 0xe4, 0xe4, 0xe4, 0xec, 0xf6, 0xfe, 0xfe, 0xfe, 0xfe, 0xf6,
0x0a, 0x02, 0x02, 0x02, 0x02, 0x0a, 0x14, 0x1c, 0x1c, 0x1c, 0x1c, 0x14, 0xfc, 0xf4, 0xf4, 0xf4,
0xf4, 0xfc, 0x06, 0x0e, 0x0e, 0x0e, 0x0e, 0x06, 0x00, 0xf5, 0xe6, 0xe6, 0xe6, 0xe6, 0xf5, 0x81,
0x05, 0x0b, 0x1a, 0x1a, 0x1a, 0x1a, 0x0b, 0xa0, 0x07, 0x06, 0x0e, 0x0e, 0x06, 0xfc, 0xf4, 0xf4,
0xfc, 0x83, 0x80, 0x25, 0xf8, 0xf3, 0xfd, 0xf8, 0xf0, 0xf0, 0xf8, 0xfd, 0xf3, 0xf8, 0x00, 0x04,
0xfc, 0xf7, 0xfd, 0xf8, 0xf0, 0xf0, 0xf8, 0xfd, 0xf7, 0xfc, 0x04, 0xfe, 0xf6, 0xf1, 0xfd, 0xf8,
0xf0, 0xf0, 0xf8, 0xfd, 0xf1, 0xf6, 0xfe, 0xe6, 0xe6, 0xf5, 0x81, 0x05, 0x0b, 0x1a, 0x1a, 0x1a,
0x1a, 0x0b, 0x81, 0x02, 0xf5, 0xe6, 0xe6, 0xa0, 0x05, 0x08, 0x12, 0x1a, 0x1a, 0x12, 0x08, 0x84,
0x24, 0x23, 0x00, 0x02, 0x01, 0x03, 0x02, 0x01, 0x03, 0x02, 0x01, 0x03, 0x02, 0x01, 0x03, 0x02,
0x01, 0x03, 0x02, 0x01, 0x03, 0x03, 0x01, 0x03, 0x01, 0x03, 0x01, 0x03, 0x05, 0x07, 0x02, 0x07,
0x07, 0x02, 0x03, 0x02, 0x02, 0x02, 0x03, 0x06, 0x08, 0x08, 0x02, 0x81, 0x00, 0xfe, 0x81, 0x1a,
0xfa, 0xf8, 0xf8, 0x02, 0x04, 0x04, 0xfe, 0xfc, 0xfc, 0x10, 0x18, 0x18, 0x10, 0xf0, 0xe8, 0xe8,
0xf0, 0xf0, 0x10, 0x10, 0x10, 0x10, 0x10, 0xfe, 0xfc, 0x02, 0x04, 0x80, 0x22, 0x04, 0x04, 0x08,
0x04, 0x04, 0xf8, 0xfc, 0x04, 0x08, 0x04, 0xfc, 0x20, 0x24, 0x04, 0x08, 0x04, 0x24, 0x18, 0x10,
0xf0, 0xe8, 0xe8, 0xf0, 0x10, 0x18, 0x10, 0xf0, 0x10, 0xf0, 0x10, 0xf0, 0x00, 0xfa, 0xf8, 0xfe,
0x2c, 0x2b, 0x00, 0x02, 0x01, 0x03, 0x02, 0x01, 0x03, 0x02, 0x01, 0x03, 0x02, 0x01, 0x03, 0x02,
0x01, 0x03, 0x02, 0x01, 0x03, 0x01, 0x01, 0x01, 0x01, 0x01, 0x01, 0x01, 0x01, 0x01, 0x01, 0x01,
0x01, 0x01, 0x01, 0x01, 0x05, 0x07, 0x02, 0x07, 0x07, 0x02, 0x03, 0x02, 0x02, 0x02, 0x13, 0xfe,
0x04, 0x04, 0xf6, 0xf0, 0xf0, 0x0a, 0x10, 0x10, 0x02, 0xfc, 0xfc, 0x04, 0x0a, 0x0a, 0xfc, 0xf6,
0xf6, 0xec, 0xf5, 0x83, 0x03, 0xf5, 0xec, 0x14, 0x0b, 0x83, 0x0b, 0x0b, 0x14, 0x14, 0xec, 0xec,
0xec, 0xec, 0xec, 0xfc, 0xf6, 0x04, 0x0a, 0x11, 0x02, 0x0c, 0xf3, 0xfd, 0xf3, 0x0c, 0x11, 0x1b,
0xf3, 0xfd, 0xf3, 0x1b, 0xfb, 0x05, 0xf3, 0xfd, 0xf3, 0x05, 0x81, 0x03, 0xf5, 0xec, 0x14, 0x0b,
0x83, 0x03, 0x0b, 0x14, 0xec, 0xf5, 0x81, 0x09, 0xec, 0x14, 0xec, 0x14, 0xec, 0x14, 0x02, 0xf4,
0xee, 0xfc, 0x00, 0x36, 0x17, 0x26, 0x26, 0x26, 0x26, 0x17, 0x01, 0xf2, 0xf2, 0xf2, 0xf2, 0x01,
0xff, 0x0e, 0x0e, 0x0e, 0x0e, 0xff, 0xe9, 0xda, 0xda, 0xda, 0xda, 0xe9, 0x0b, 0x1a, 0x1a, 0x1a,
0x1a, 0x0b, 0xf5, 0xe6, 0xe6, 0xe6, 0xe6, 0xf5, 0x20, 0x27, 0x34, 0x34, 0x34, 0x34, 0x27, 0x20,
0xe0, 0xd9, 0xcc, 0xcc, 0xcc, 0xcc, 0xd9, 0xe0, 0x20, 0xe0, 0xec, 0x83, 0x03, 0xec, 0xe0, 0x20,
0x14, 0x83, 0x00, 0x14, 0x8f, 0x07, 0xf5, 0xe6, 0xe6, 0xf5, 0x0b, 0x1a, 0x1a, 0x0b, 0x83, 0x80,
0x09, 0x0f, 0x1a, 0x00, 0x0b, 0x1a, 0x1a, 0x0b, 0x00, 0x1a, 0x0f, 0x81, 0x09, 0x0f, 0x1a, 0x00,
0x0b, 0x1a, 0x1a, 0x0b, 0x00, 0x1a, 0x0f, 0x81, 0x1a, 0x0f, 0x1a, 0x00, 0x0b, 0x1a, 0x1a, 0x0b,
0x00, 0x1a, 0x0f, 0x00, 0x34, 0x34, 0x27, 0x20, 0xe0, 0xd9, 0xcc, 0xcc, 0xcc, 0xcc, 0xd9, 0xe0,
0x20, 0x27, 0x34, 0x34, 0x82, 0x03, 0x14, 0x20, 0xe0, 0xec, 0x83, 0x03, 0xec, 0xe0, 0x20, 0x14,
0x83, 0x03, 0xee, 0xe0, 0x20, 0x12, 0x83, 0x0c, 0x12, 0x20, 0xe0, 0xee, 0x00, 0x1a, 0x0b, 0xf5,
0xe6, 0xe6, 0xf5, 0x0b, 0x1a, 0x83, 0x18, 0x17, 0x00, 0x0c, 0x18, 0x01, 0x01, 0x01, 0x01, 0x01,
0x01, 0x01, 0x01, 0x01, 0x01, 0x01, 0x01, 0x01, 0x01, 0x01, 0x05, 0x07, 0x02, 0x07, 0x07, 0x02,
0x17, 0x06, 0xfa, 0x0c, 0xf8, 0xde, 0xde, 0xde, 0xde, 0xf8, 0x0c, 0xf4, 0x08, 0x22, 0x22, 0x22,
0x22, 0x08, 0xf4, 0xf4, 0x0c, 0x0c, 0x0c, 0x0c, 0x0c, 0x81, 0x15, 0xde, 0xde, 0xf8, 0x0c, 0xf4,
0x08, 0x22, 0x22, 0x22, 0x22, 0x08, 0xf4, 0x0c, 0xf8, 0xde, 0xde, 0x0c, 0xf4, 0x0c, 0xf4, 0x0c,
0xf4, 0x02, 0xf0, 0xf0, 0x00, 0x82, 0x02, 0xe0, 0xe0, 0x00, 0x82, 0x02, 0x28, 0x28, 0x00, 0x82,
0x00, 0xbf, 0x83, 0x02, 0x20, 0xe0, 0xec, 0x83, 0x03, 0xec, 0xe0, 0x20, 0x14, 0x83, 0x00, 0x14,
0x8b, 0xbf, 0x86, 0x00, 0xfe, 0x81, 0x00, 0x02, 0x83, 0x00, 0x02, 0x81, 0x00, 0xfe, 0x8c, 0x02,
0xe8, 0xe8, 0x00, 0x82, 0x34, 0x33, 0x00, 0x02, 0x01, 0x01, 0x01, 0x01, 0x01, 0x01, 0x01, 0x02,
0x01, 0x02, 0x01, 0x01, 0x01, 0x01, 0x01, 0x01, 0x01, 0x02, 0x01, 0x02, 0x01, 0x01, 0x01, 0x01,
0x01, 0x01, 0x01, 0x02, 0x01, 0x03, 0x01, 0x03, 0x01, 0x03, 0x01, 0x03, 0x05, 0x07, 0x02, 0x07,
0x07, 0x02, 0x03, 0x01, 0x01, 0x01, 0x01, 0x01, 0x01, 0x01, 0x33, 0xfb, 0xfa, 0xfa, 0xfa, 0xfb,
0xfe, 0xff, 0xff, 0xff, 0xfe, 0x02, 0x01, 0x01, 0x01, 0x02, 0x05, 0x06, 0x06, 0x06, 0x05, 0xfe,
0xfd, 0xfd, 0xfd, 0xfe, 0x01, 0x02, 0x02, 0x02, 0x01, 0xfc, 0xf7, 0xf7, 0xfc, 0x04, 0x09, 0x09,
0x04, 0x04, 0xfc, 0xfc, 0xfc, 0xfc, 0xfc, 0x01, 0x02, 0x02, 0x01, 0xfe, 0xfd, 0xfd, 0xfe, 0x80,
0x32, 0xfe, 0xfe, 0xfc, 0xfb, 0xfb, 0xfc, 0xfe, 0xfe, 0x00, 0x03, 0x01, 0xfe, 0xfc, 0xfb, 0xfb,
0xfc, 0xfe, 0x01, 0x03, 0xff, 0xfd, 0xfe, 0xfc, 0xfb, 0xfb, 0xfc, 0xfe, 0xfd, 0xff, 0xf7, 0xfc,
0x04, 0x09, 0x09, 0x04, 0xfc, 0xf7, 0xfc, 0x04, 0xfc, 0x04, 0xfc, 0x04, 0x00, 0x01, 0x04, 0x05,
0x05, 0x04, 0x01, 0x00, 0x00, 0x2a, 0x0a, 0x0e, 0x0e, 0x0e, 0x0e, 0x0a, 0x05, 0x01, 0x01, 0x01,
0x01, 0x05, 0xfb, 0xff, 0xff, 0xff, 0xff, 0xfb, 0xf6, 0xf2, 0xf2, 0xf2, 0xf2, 0xf6, 0x02, 0x06,
0x06, 0x06, 0x06, 0x02, 0xfd, 0xf9, 0xf9, 0xf9, 0xf9, 0xfd, 0x00, 0x06, 0x0d, 0x0d, 0x0d, 0x0d,
0x06, 0x81, 0x05, 0xfa, 0xf3, 0xf3, 0xf3, 0xf3, 0xfa, 0xa0, 0x07, 0xfd, 0xf9, 0xf9, 0xfd, 0x02,
0x06, 0x06, 0x02, 0x83, 0x80, 0x25, 0x04, 0x07, 0x02, 0x04, 0x08, 0x08, 0x04, 0x02, 0x07, 0x04,
0x00, 0xfe, 0x02, 0x05, 0x02, 0x04, 0x08, 0x08, 0x04, 0x02, 0x05, 0x02, 0xfe, 0x01, 0x05, 0x08,
0x02, 0x04, 0x08, 0x08, 0x04, 0x02, 0x08, 0x05, 0x01, 0x0d, 0x0d, 0x06, 0x81, 0x05, 0xfa, 0xf3,
0xf3, 0xf3, 0xf3, 0xfa, 0x81, 0x02, 0x06, 0x0d, 0x0d, 0xa0, 0x05, 0xfc, 0xf7, 0xf3, 0xf3, 0xf7,
0xfc, 0x84, 0x34, 0x33, 0x00, 0x02, 0x01, 0x01, 0x01, 0x01, 0x01, 0x01, 0x01, 0x02, 0x01, 0x02,
0x01, 0x01, 0x01, 0x01, 0x01, 0x01, 0x01, 0x02, 0x01, 0x02, 0x01, 0x01, 0x01, 0x01, 0x01, 0x01,
0x01, 0x02, 0x02, 0x01, 0x03, 0x01, 0x03, 0x01, 0x03, 0x01, 0x06, 0x07, 0x02, 0x07, 0x07, 0x02,
0x03, 0x01, 0x01, 0x01, 0x01, 0x01, 0x01, 0x01, 0x33, 0xfb, 0xfa, 0xfa, 0xfa, 0xfb, 0xfe, 0xff,
0xff, 0xff, 0xfe, 0x02, 0x01, 0x01, 0x01, 0x02, 0x05, 0x06, 0x06, 0x06, 0x05, 0xfe, 0xfd, 0xfd,
0xfd, 0xfe, 0x01, 0x02, 0x02, 0x02, 0x01, 0xfb, 0xf7, 0xf7, 0xfb, 0x05, 0x09, 0x09, 0x05, 0x04,
0xfc, 0xfc, 0xfc, 0xfc, 0xfc, 0x01, 0x02, 0x02, 0x01, 0xfe, 0xfd, 0xfd, 0xfe, 0x80, 0x32, 0xfe,
0xfe, 0xfc, 0xfb, 0xfb, 0xfc, 0xfe, 0xfe, 0x00, 0x03, 0x01, 0xfe, 0xfc, 0xfb, 0xfb, 0xfc, 0xfe,
0x01, 0x03, 0xff, 0xfd, 0xfe, 0xfc, 0xfb, 0xfb, 0xfc, 0xfe, 0xfd, 0xff, 0xf7, 0xfb, 0x05, 0x09,
0x09, 0x05, 0xfb, 0xf7, 0xfc, 0x04, 0xfc, 0x04, 0xfc, 0x04, 0x00, 0x01, 0x04, 0x05, 0x05, 0x04,
0x01, 0x00, 0x22, 0x21, 0x00, 0x02, 0x01, 0x03, 0x02, 0x01, 0x03, 0x01, 0x01, 0x01, 0x03, 0x02,
0x01, 0x01, 0x02, 0x02, 0x01, 0x03, 0x02, 0x01, 0x03, 0x03, 0x01, 0x03, 0x01, 0x03, 0x01, 0x03,
0x21, 0x01, 0x01, 0x02, 0x01, 0x01, 0x16, 0x0d, 0x11, 0x11, 0x06, 0x01, 0x01, 0xfa, 0xff, 0xff,
0xff, 0xf3, 0xef, 0xef, 0xef, 0x03, 0x07, 0x07, 0xfc, 0xf7, 0xf7, 0x00, 0x10, 0x10, 0x81, 0x08,
0xf0, 0xf0, 0x00, 0xfc, 0xf7, 0xf7, 0x03, 0x07, 0x07, 0x80, 0x13, 0x08, 0x02, 0x0a, 0x02, 0x08,
0xfe, 0x02, 0x06, 0x02, 0x0a, 0x02, 0x06, 0x02, 0x01, 0x09, 0x02, 0x0a, 0x02, 0x09, 0x10, 0x81,
0x01, 0xf0, 0xf0, 0x81, 0x06, 0x10, 0x00, 0xfb, 0xf5, 0xf0, 0xf5, 0xfb, 0x26, 0x25, 0x00, 0x02,
0x01, 0x03, 0x02, 0x01, 0x03, 0x02, 0x01, 0x03, 0x02, 0x01, 0x03, 0x01, 0x01, 0x01, 0x03, 0x02,
0x01, 0x01, 0x02, 0x03, 0x01, 0x03, 0x01, 0x03, 0x01, 0x03, 0x05, 0x07, 0x02, 0x07, 0x07, 0x02,
0x03, 0x02, 0x02, 0x02, 0x14, 0x01, 0xfd, 0xfd, 0x07, 0x0b, 0x0b, 0xf9, 0xf5, 0xf5, 0xff, 0x03,
0x03, 0xfd, 0xf9, 0xf9, 0xf9, 0x03, 0x07, 0x07, 0x07, 0x0e, 0x81, 0x01, 0x0e, 0xf2, 0x81, 0x0a,
0xf2, 0xf2, 0x0e, 0x0e, 0x0e, 0x0e, 0x0e, 0x03, 0x07, 0xfd, 0xf9, 0x16, 0xff, 0xf8, 0x09, 0x02,
0x09, 0xf8, 0xf4, 0xed, 0x09, 0x02, 0x09, 0xed, 0x04, 0xff, 0xfd, 0x09, 0x02, 0x09, 0xfd, 0xff,
0x00, 0x0e, 0xf2, 0x81, 0x0c, 0xf2, 0x0e, 0x00, 0x0e, 0xf2, 0x0e, 0xf2, 0x0e, 0xf2, 0xff, 0x09,
0x0d, 0x03, 0x16, 0x15, 0x05, 0x01, 0x04, 0x01, 0x06, 0x01, 0x04, 0x01, 0x0d, 0x03, 0x01, 0x03,
0x01, 0x03, 0x01, 0x03, 0x05, 0x07, 0x02, 0x07, 0x07, 0x02, 0x15, 0xff, 0xfe, 0xff, 0xfe, 0x02,
0x01, 0x02, 0x01, 0xfd, 0x09, 0x09, 0xfd, 0x03, 0xf8, 0xf8, 0x03, 0x03, 0xfd, 0xfd, 0xfd, 0xfd,
0xfd, 0x87, 0x0d, 0x09, 0xfd, 0x03, 0xf8, 0xf8, 0x03, 0xfd, 0x09, 0xfd, 0x03, 0xfd, 0x03, 0xfd,
0x03, 0x02, 0xfc, 0xfc, 0x00, 0x82, 0x02, 0xec, 0xec, 0x00, 0x82, 0x00, 0xbf, 0x83, 0x0a, 0xf0,
0x20, 0x1a, 0x10, 0x10, 0x10, 0x10, 0x1a, 0x20, 0xf0, 0xf6, 0x83, 0x00, 0xf6, 0x8b, 0xbf, 0x86,
0x00, 0x01, 0x81, 0x00, 0xff, 0x83, 0x00, 0xff, 0x81, 0x00, 0x01, 0x8c, 0x02, 0x09, 0x09, 0x00,
0x82, 0x00, 0xbf, 0x83, 0x0a, 0xf6, 0xe2, 0xde, 0xd8, 0xd8, 0xd8, 0xd8, 0xde, 0xe2, 0xf6, 0xfa,
0x83, 0x00, 0xfa, 0x8b, 0xbf, 0x86, 0x00, 0x01, 0x81, 0x00, 0xff, 0x83, 0x00, 0xff, 0x81, 0x00,
0x01, 0x8c, 0x02, 0xfa, 0xfa, 0x00, 0x82, 0x00, 0x80, 0x0c, 0x00, 0x34, 0x00, 0x7c, 0x20, 0x09,
0x00, 0x7c, 0x20, 0x06, 0x00, 0x5e, 0x20, 0x05, 0x00, 0x48, 0x00, 0x02, 0x00, 0x4e, 0x00, 0x01,
0x00, 0x39, 0x20, 0x00, 0x00, 0x7c, 0x20, 0x0b, 0x00, 0x7c, 0x20, 0x08, 0x00, 0x7c, 0x20, 0x0a,
0x00, 0x6a, 0x20, 0x07, 0x00, 0x64, 0x20, 0x04, 0x00, 0x2d, 0x20, 0x03, 0x26, 0x25, 0x00, 0x02,
0x01, 0x03, 0x02, 0x01, 0x03, 0x02, 0x01, 0x03, 0x02, 0x01, 0x03, 0x02, 0x01, 0x03, 0x02, 0x01,
0x03, 0x01, 0x01, 0x01, 0x01, 0x01, 0x01, 0x01, 0x01, 0x01, 0x01, 0x01, 0x01, 0x01, 0x01, 0x01,
0x01, 0x02, 0x02, 0x02, 0x00, 0x3b, 0x0a, 0x0c, 0x0c, 0x0c, 0x0c, 0x0a, 0x04, 0x02, 0x02, 0x02,
0x02, 0x04, 0xfc, 0xfe, 0xfe, 0xfe, 0xfe, 0xfc, 0xf6, 0xf4, 0xf4, 0xf4, 0xf4, 0xf6, 0x04, 0x06,
0x06, 0x06, 0x06, 0x04, 0xfe, 0xfc, 0xfc, 0xfc, 0xfc, 0xfe, 0x08, 0x0c, 0x12, 0x12, 0x12, 0x12,
0x0c, 0x08, 0xf8, 0xf4, 0xee, 0xee, 0xee, 0xee, 0xf4, 0xf8, 0xfe, 0xfc, 0xfc, 0xfe, 0x04, 0x06,
0x06, 0x04, 0x83, 0x80, 0x39, 0x02, 0x05, 0x05, 0x08, 0x0a, 0x0a, 0x08, 0x05, 0x05, 0x02, 0x00,
0xfa, 0xfc, 0xff, 0x05, 0x08, 0x0a, 0x0a, 0x08, 0x05, 0xff, 0xfc, 0xfa, 0x02, 0x04, 0x07, 0x05,
0x08, 0x0a, 0x0a, 0x08, 0x05, 0x07, 0x04, 0x02, 0x12, 0x12, 0x0c, 0x08, 0xf8, 0xf4, 0xee, 0xee,
0xee, 0xee, 0xf4, 0xf8, 0x08, 0x0c, 0x12, 0x12, 0x00, 0xfe, 0xf8, 0xf6, 0xf6, 0xf8, 0xfe, 0x84,
0x00, 0x2a, 0xec, 0xe4, 0xe4, 0xe4, 0xe4, 0xec, 0xf6, 0xfe, 0xfe, 0xfe, 0xfe, 0xf6, 0x0a, 0x02,
0x02, 0x02, 0x02, 0x0a, 0x14, 0x1c, 0x1c, 0x1c, 0x1c, 0x14, 0xfc, 0xf4, 0xf4, 0xf4, 0xf4, 0xfc,
0x06, 0x0e, 0x0e, 0x0e, 0x0e, 0x06, 0x00, 0xf5, 0xe6, 0xe6, 0xe6, 0xe6, 0xf5, 0x81, 0x0e, 0x0b,
0x1a, 0x1a, 0x1a, 0x1a, 0x0b, 0x00, 0x06, 0x0e, 0x0e, 0x06, 0xfc, 0xf4, 0xf4, 0xfc, 0x83, 0x80,
0x25, 0xf8, 0xf3, 0xfd, 0xf8, 0xf0, 0xf0, 0xf8, 0xfd, 0xf3, 0xf8, 0x00, 0x04, 0xfc, 0xf7, 0xfd,
0xf8, 0xf0, 0xf0, 0xf8, 0xfd, 0xf7, 0xfc, 0x04, 0xfe, 0xf6, 0xf1, 0xfd, 0xf8, 0xf0, 0xf0, 0xf8,
0xfd, 0xf1, 0xf6, 0xfe, 0xe6, 0xe6, 0xf5, 0x81, 0x05, 0x0b, 0x1a, 0x1a, 0x1a, 0x1a, 0x0b, 0x81,
0x09, 0xf5, 0xe6, 0xe6, 0x00, 0x08, 0x12, 0x1a, 0x1a, 0x12, 0x08, 0x84, 0x1e, 0x1d, 0x00, 0x02,
0x01, 0x03, 0x02, 0x01, 0x03, 0x02, 0x01, 0x03, 0x02, 0x01, 0x03, 0x02, 0x01, 0x03, 0x02, 0x01,
0x03, 0x03, 0x01, 0x03, 0x01, 0x03, 0x01, 0x03, 0x01, 0x02, 0x02, 0x02, 0x03, 0x06, 0x08, 0x08,
0x02, 0x81, 0x00, 0xfe, 0x81, 0x14, 0xfa, 0xf8, 0xf8, 0x02, 0x04, 0x04, 0xfe, 0xfc, 0xfc, 0x10,
0x18, 0x18, 0x10, 0xf0, 0xe8, 0xe8, 0xf0, 0xfe, 0xfc, 0x02, 0x04, 0x80, 0x1c, 0x04, 0x04, 0x08,
0x04, 0x04, 0xf8, 0xfc, 0x04, 0x08, 0x04, 0xfc, 0x20, 0x24, 0x04, 0x08, 0x04, 0x24, 0x18, 0x10,
0xf0, 0xe8, 0xe8, 0xf0, 0x10, 0x18, 0x00, 0xfa, 0xf8, 0xfe, 0x13, 0xfe, 0x04, 0x04, 0xf6, 0xf0,
0xf0, 0x0a, 0x10, 0x10, 0x02, 0xfc, 0xfc, 0x04, 0x0a, 0x0a, 0xfc, 0xf6, 0xf6, 0xec, 0xf5, 0x83,
0x03, 0xf5, 0xec, 0x14, 0x0b, 0x83, 0x05, 0x0b, 0x14, 0xfc, 0xf6, 0x04, 0x0a, 0x11, 0x02, 0x0c,
0xf3, 0xfd, 0xf3, 0x0c, 0x11, 0x1b, 0xf3, 0xfd, 0xf3, 0x1b, 0xfb, 0x05, 0xf3, 0xfd, 0xf3, 0x05,
0x81, 0x03, 0xf5, 0xec, 0x14, 0x0b, 0x83, 0x03, 0x0b, 0x14, 0xec, 0xf5, 0x81, 0x03, 0x02, 0xf4,
0xee, 0xfc, 0x25, 0x17, 0x26, 0x26, 0x01, 0xf2, 0xf2, 0xff, 0x0e, 0x0e, 0xe9, 0xda, 0xda, 0x0b,
0x1a, 0x1a, 0xf5, 0xe6, 0xe6, 0x20, 0x27, 0x34, 0x34, 0x34, 0x34, 0x27, 0x20, 0xe0, 0xd9, 0xcc,
0xcc, 0xcc, 0xcc, 0xd9, 0xe0, 0xf5, 0xe6, 0x0b, 0x1a, 0x80, 0x24, 0x1a, 0x00, 0x1a, 0x00, 0x1a,
0x00, 0x1a, 0x00, 0x1a, 0x00, 0x1a, 0x00, 0x1a, 0x00, 0x1a, 0x00, 0x1a, 0x34, 0x34, 0x27, 0x20,
0xe0, 0xd9, 0xcc, 0xcc, 0xcc, 0xcc, 0xd9, 0xe0, 0x20, 0x27, 0x34, 0x34, 0x1a, 0xf5, 0xe6, 0x0b,
0x12, 0x11, 0x00, 0x0c, 0x18, 0x01, 0x01, 0x01, 0x01, 0x01, 0x01, 0x01, 0x01, 0x01, 0x01, 0x01,
0x01, 0x01, 0x01, 0x01, 0x11, 0x06, 0xfa, 0x0c, 0xf8, 0xde, 0xde, 0xde, 0xde, 0xf8, 0x0c, 0xf4,
0x08, 0x22, 0x22, 0x22, 0x22, 0x08, 0xf4, 0x81, 0x0f, 0xde, 0xde, 0xf8, 0x0c, 0xf4, 0x08, 0x22,
0x22, 0x22, 0x22, 0x08, 0xf4, 0x0c, 0xf8, 0xde, 0xde, 0x00, 0x3b, 0xfb, 0xfa, 0xfa, 0xfa, 0xfa,
0xfb, 0xfe, 0xff, 0xff, 0xff, 0xff, 0xfe, 0x02, 0x01, 0x01, 0x01, 0x01, 0x02, 0x05, 0x06, 0x06,
0x06, 0x06, 0x05, 0xfe, 0xfd, 0xfd, 0xfd, 0xfd, 0xfe, 0x01, 0x02, 0x02, 0x02, 0x02, 0x01, 0xfc,
0xfa, 0xf7, 0xf7, 0xf7, 0xf7, 0xfa, 0xfc, 0x04, 0x06, 0x09, 0x09, 0x09, 0x09, 0x06, 0x04, 0x01,
0x02, 0x02, 0x01, 0xfe, 0xfd, 0xfd, 0xfe, 0x83, 0x80, 0x39, 0xff, 0xfe, 0xfe, 0xfc, 0xfb, 0xfb,
0xfc, 0xfe, 0xfe, 0xff, 0x00, 0x03, 0x02, 0x01, 0xfe, 0xfc, 0xfb, 0xfb, 0xfc, 0xfe, 0x01, 0x02,
0x03, 0xff, 0xfe, 0xfd, 0xfe, 0xfc, 0xfb, 0xfb, 0xfc, 0xfe, 0xfd, 0xfe, 0xff, 0xf7, 0xf7, 0xfa,
0xfc, 0x04, 0x06, 0x09, 0x09, 0x09, 0x09, 0x06, 0x04, 0xfc, 0xfa, 0xf7, 0xf7, 0x00, 0x01, 0x04,
0x05, 0x05, 0x04, 0x01, 0x84, 0x00, 0x2a, 0x0a, 0x0e, 0x0e, 0x0e, 0x0e, 0x0a, 0x05, 0x01, 0x01,
0x01, 0x01, 0x05, 0xfb, 0xff, 0xff, 0xff, 0xff, 0xfb, 0xf6, 0xf2, 0xf2, 0xf2, 0xf2, 0xf6, 0x02,
0x06, 0x06, 0x06, 0x06, 0x02, 0xfd, 0xf9, 0xf9, 0xf9, 0xf9, 0xfd, 0x00, 0x06, 0x0d, 0x0d, 0x0d,
0x0d, 0x06, 0x81, 0x0e, 0xfa, 0xf3, 0xf3, 0xf3, 0xf3, 0xfa, 0x00, 0xfd, 0xf9, 0xf9, 0xfd, 0x02,
0x06, 0x06, 0x02, 0x83, 0x80, 0x25, 0x04, 0x07, 0x02, 0x04, 0x08, 0x08, 0x04, 0x02, 0x07, 0x04,
0x00, 0xfe, 0x02, 0x05, 0x02, 0x04, 0x08, 0x08, 0x04, 0x02, 0x05, 0x02, 0xfe, 0x01, 0x05, 0x08,
0x02, 0x04, 0x08, 0x08, 0x04, 0x02, 0x08, 0x05, 0x01, 0x0d, 0x0d, 0x06, 0x81, 0x05, 0xfa, 0xf3,
0xf3, 0xf3, 0xf3, 0xfa, 0x81, 0x09, 0x06, 0x0d, 0x0d, 0x00, 0xfc, 0xf7, 0xf3, 0xf3, 0xf7, 0xfc,
0x84, 0x00, 0x3b, 0xfb, 0xfa, 0xfa, 0xfa, 0xfa, 0xfb, 0xfe, 0xff, 0xff, 0xff, 0xff, 0xfe, 0x02,
0x01, 0x01, 0x01, 0x01, 0x02, 0x05, 0x06, 0x06, 0x06, 0x06, 0x05, 0xfe, 0xfd, 0xfd, 0xfd, 0xfd,
0xfe, 0x01, 0x02, 0x02, 0x02, 0x02, 0x01, 0xfc, 0xfb, 0xf7, 0xf7, 0xf7, 0xf7, 0xfb, 0xfc, 0x04,
0x05, 0x09, 0x09, 0x09, 0x09, 0x05, 0x04, 0x01, 0x02, 0x02, 0x01, 0xfe, 0xfd, 0xfd, 0xfe, 0x83,
0x80, 0x39, 0xff, 0xfe, 0xfe, 0xfc, 0xfb, 0xfb, 0xfc, 0xfe, 0xfe, 0xff, 0x00, 0x03, 0x02, 0x01,
0xfe, 0xfc, 0xfb, 0xfb, 0xfc, 0xfe, 0x01, 0x02, 0x03, 0xff, 0xfe, 0xfd, 0xfe, 0xfc, 0xfb, 0xfb,
0xfc, 0xfe, 0xfd, 0xfe, 0xff, 0xf7, 0xf7, 0xfb, 0xfc, 0x04, 0x05, 0x09, 0x09, 0x09, 0x09, 0x05,
0x04, 0xfc, 0xfb, 0xf7, 0xf7, 0x00, 0x01, 0x04, 0x05, 0x05, 0x04, 0x01, 0x84, 0x22, 0x21, 0x00,
0x02, 0x01, 0x03, 0x02, 0x01, 0x03, 0x01, 0x01, 0x01, 0x03, 0x02, 0x01, 0x01, 0x02, 0x02, 0x01,
0x03, 0x02, 0x01, 0x03, 0x03, 0x01, 0x03, 0x01, 0x03, 0x01, 0x03, 0x01, 0x01, 0x01, 0x02, 0x01,
0x01, 0x16, 0x0d, 0x11, 0x11, 0x06, 0x01, 0x01, 0xfa, 0xff, 0xff, 0xff, 0xf3, 0xef, 0xef, 0xef,
0x03, 0x07, 0x07, 0xfc, 0xf7, 0xf7, 0x00, 0x10, 0x10, 0x81, 0x08, 0xf0, 0xf0, 0x00, 0xfc, 0xf7,
0xf7, 0x03, 0x07, 0x07, 0x80, 0x13, 0x08, 0x02, 0x0a, 0x02, 0x08, 0xfe, 0x02, 0x06, 0x02, 0x0a,
0x02, 0x06, 0x02, 0x01, 0x09, 0x02, 0x0a, 0x02, 0x09, 0x10, 0x81, 0x01, 0xf0, 0xf0, 0x81, 0x06,
0x10, 0x00, 0xfb, 0xf5, 0xf0, 0xf5, 0xfb, 0x20, 0x1f, 0x00, 0x02, 0x01, 0x03, 0x02, 0x01, 0x03,
0x02, 0x01, 0x03, 0x02, 0x01, 0x03, 0x01, 0x01, 0x01, 0x03, 0x02, 0x01, 0x01, 0x02, 0x03, 0x01,
0x03, 0x01, 0x03, 0x01, 0x03, 0x01, 0x02, 0x02, 0x02, 0x14, 0x01, 0xfd, 0xfd, 0x07, 0x0b, 0x0b,
0xf9, 0xf5, 0xf5, 0xff, 0x03, 0x03, 0xfd, 0xf9, 0xf9, 0xf9, 0x03, 0x07, 0x07, 0x07, 0x0e, 0x81,
0x01, 0x0e, 0xf2, 0x81, 0x04, 0xf2, 0x03, 0x07, 0xfd, 0xf9, 0x16, 0xff, 0xf8, 0x09, 0x02, 0x09,
0xf8, 0xf4, 0xed, 0x09, 0x02, 0x09, 0xed, 0x04, 0xff, 0xfd, 0x09, 0x02, 0x09, 0xfd, 0xff, 0x00,
0x0e, 0xf2, 0x81, 0x06, 0xf2, 0x0e, 0x00, 0xff, 0x09, 0x0d, 0x03, 0x10, 0x0f, 0x05, 0x01, 0x04,
0x01, 0x06, 0x01, 0x04, 0x01, 0x0d, 0x03, 0x01, 0x03, 0x01, 0x03, 0x01, 0x03, 0x0f, 0xff, 0xfe,
0xff, 0xfe, 0x02, 0x01, 0x02, 0x01, 0xfd, 0x09, 0x09, 0xfd, 0x03, 0xf8, 0xf8, 0x03, 0x87, 0x07,
0x09, 0xfd, 0x03, 0xf8, 0xf8, 0x03, 0xfd, 0x09, 0x80, 0x19, 0x00, 0x68, 0x00, 0x1a, 0x20, 0x0d,
0x00, 0x7b, 0x20, 0x09, 0x00, 0x70, 0x20, 0x06, 0x00, 0x6d, 0x20, 0x05, 0x00, 0x72, 0x20, 0x02,
0x00, 0x8a, 0x20, 0x01, 0x00, 0x82, 0x20, 0x00, 0x00, 0x14, 0x20, 0x14, 0x00, 0x14, 0x20, 0x18,
0x00, 0x14, 0x20, 0x0c, 0x00, 0x13, 0x20, 0x0f, 0x00, 0x21, 0x20, 0x17, 0x00, 0x14, 0x20, 0x0e,
0x00, 0x48, 0x00, 0x0b, 0x00, 0x67, 0x20, 0x08, 0x00, 0x48, 0x00, 0x0a, 0x00, 0x76, 0x20, 0x07,
0x00, 0x89, 0x20, 0x04, 0x00, 0x70, 0x20, 0x03, 0x00, 0x14, 0x20, 0x16, 0x00, 0x14, 0x20, 0x13,
0x00, 0x21, 0x20, 0x15, 0x00, 0x14, 0x20, 0x12, 0x00, 0x21, 0x20, 0x11, 0x00, 0x14, 0x20, 0x10,
0x23, 0x22, 0x00, 0x01, 0x01, 0x03, 0x01, 0x01, 0x01, 0x02, 0x02, 0x01, 0x02, 0x01, 0x02, 0x01,
0x01, 0x07, 0x02, 0x01, 0x02, 0x01, 0x01, 0x01, 0x01, 0x01, 0x01, 0x01, 0x02, 0x04, 0x04, 0x04,
0x01, 0x05, 0x04, 0x01, 0x06, 0x08, 0x07, 0x3b, 0x01, 0x01, 0x01, 0x02, 0x04, 0x01, 0x07, 0x42,
0x00, 0xcf, 0x01, 0x1f, 0x00, 0x9a, 0x00, 0x5c, 0x81, 0x41, 0x02, 0x04, 0x02, 0x04, 0x87, 0x28,
0x27, 0x00, 0x01, 0x01, 0x01, 0x01, 0x01, 0x01, 0x01, 0x01, 0x03, 0x01, 0x01, 0x01, 0x01, 0x01,
0x01, 0x01, 0x01, 0x01, 0x07, 0x02, 0x03, 0x01, 0x01, 0x01, 0x01, 0x01, 0x01, 0x01, 0x01, 0x01,
0x04, 0x04, 0x04, 0x01, 0x05, 0x03, 0x01, 0x01, 0x06, 0x27, 0x0a, 0x0c, 0x14, 0x14, 0x14, 0x14,
0x0c, 0x0a, 0x0e, 0x08, 0x00, 0xf1, 0xee, 0xec, 0xec, 0xee, 0xf1, 0x04, 0x0e, 0x0a, 0x08, 0xfe,
0x08, 0x02, 0xfe, 0xfe, 0xfb, 0xfb, 0xff, 0x00, 0xfa, 0x04, 0x08, 0xfe, 0x0a, 0x0a, 0x0a, 0x0a,
0xfa, 0xfe, 0x0e, 0x14, 0x14, 0x0c, 0x0a, 0xf6, 0xf4, 0xec, 0xec, 0xec, 0xee, 0xf6, 0xf6, 0xf6,
0xf8, 0xfe, 0x82, 0x15, 0xf6, 0x1a, 0x11, 0x0a, 0x0a, 0x0a, 0x13, 0x17, 0x10, 0x12, 0x14, 0x14,
0x0a, 0x0a, 0x14, 0x14, 0x11, 0xf6, 0x00, 0x0b, 0x0a, 0x14, 0x24, 0x23, 0x00, 0x03, 0x01, 0x03,
0x01, 0x03, 0x01, 0x01, 0x01, 0x01, 0x01, 0x01, 0x01, 0x01, 0x01, 0x07, 0x02, 0x01, 0x02, 0x01,
0x02, 0x01, 0x01, 0x01, 0x01, 0x01, 0x01, 0x04, 0x04, 0x04, 0x01, 0x05, 0x03, 0x01, 0x01, 0x06,
0x23, 0xfa, 0xe0, 0xe0, 0xfa, 0xdb, 0xee, 0x00, 0x13, 0x18, 0x20, 0x20, 0x18, 0x13, 0xf5, 0xdb,
0xfa, 0xea, 0xec, 0x03, 0xe9, 0x05, 0x01, 0x15, 0x0e, 0xfa, 0xd7, 0x11, 0xf6, 0xe8, 0x03, 0xfa,
0xfa, 0xfa, 0xfa, 0x11, 0x03, 0x23, 0xe0, 0xfa, 0x06, 0x20, 0x20, 0x18, 0x06, 0x06, 0x06, 0xfe,
0xf4, 0xec, 0xec, 0xec, 0x06, 0x07, 0xd9, 0xe1, 0xec, 0xec, 0xd8, 0xcb, 0x08, 0xed, 0xe0, 0xe0,
0xfa, 0xfa, 0xd2, 0xd2, 0xd7, 0x06, 0xec, 0xdd, 0xfa, 0xd2, 0x23, 0x22, 0x00, 0x01, 0x04, 0x01,
0x01, 0x03, 0x01, 0x01, 0x01, 0x03, 0x02, 0x01, 0x01, 0x07, 0x02, 0x01, 0x01, 0x01, 0x01, 0x01,
0x01, 0x01, 0x01, 0x01, 0x01, 0x01, 0x01, 0x04, 0x04, 0x04, 0x01, 0x05, 0x03, 0x02, 0x06, 0x22,
0x08, 0x09, 0x10, 0x09, 0x08, 0xee, 0xee, 0x00, 0xf5, 0xf1, 0xf5, 0x04, 0xf4, 0x08, 0xf8, 0xf7,
0xf2, 0xf0, 0x07, 0x02, 0xff, 0xff, 0x0e, 0x0e, 0x1f, 0x20, 0xff, 0x15, 0x08, 0xf0, 0x08, 0x08,
0x08, 0xff, 0xf0, 0x22, 0x20, 0x20, 0xe5, 0xe0, 0xe0, 0xe2, 0xe2, 0xd0, 0xd0, 0xd6, 0xd8, 0xd8,
0xe8, 0x18, 0xe5, 0xe2, 0xe0, 0xe0, 0xe0, 0xe0, 0xe7, 0xea, 0x1a, 0x1d, 0x20, 0x20, 0x18, 0x18,
0xe8, 0xe8, 0xe7, 0xe8, 0xd8, 0x18, 0xe8, 0x26, 0x25, 0x00, 0x01, 0x01, 0x01, 0x01, 0x01, 0x01,
0x01, 0x01, 0x02, 0x02, 0x01, 0x03, 0x02, 0x01, 0x01, 0x07, 0x02, 0x01, 0x02, 0x01, 0x01, 0x01,
0x01, 0x01, 0x01, 0x01, 0x01, 0x01, 0x04, 0x04, 0x04, 0x01, 0x05, 0x03, 0x01, 0x01, 0x06, 0x01,
0xec, 0xf6, 0x83, 0x1f, 0xf6, 0xec, 0x1d, 0x13, 0x01, 0x0a, 0x00, 0x0a, 0x08, 0x1c, 0xec, 0xf7,
0xf4, 0xe5, 0x1f, 0x13, 0x09, 0x0c, 0xfc, 0xfe, 0x09, 0x0a, 0xd7, 0x0f, 0x1b, 0xe3, 0xec, 0xec,
0xec, 0xec, 0xd7, 0xe3, 0x81, 0x03, 0xf6, 0xec, 0x14, 0x0a, 0x82, 0x10, 0x02, 0x14, 0x14, 0x22,
0x28, 0x28, 0x14, 0xec, 0x48, 0x42, 0x3c, 0x3c, 0x3c, 0x4f, 0x58, 0xf5, 0xf7, 0x81, 0x09, 0xec,
0xec, 0x50, 0x50, 0x47, 0x14, 0x28, 0x3e, 0xec, 0x50, 0x00, 0x16, 0x1a, 0x24, 0x34, 0x34, 0x34,
0x34, 0x2a, 0x20, 0xf3, 0xef, 0xe9, 0xe6, 0xeb, 0xdd, 0xd2, 0xc3, 0xc3, 0xd2, 0xdd, 0x01, 0x01,
0x20, 0x12, 0x83, 0x1a, 0x0b, 0x14, 0x11, 0x0f, 0x04, 0xfe, 0xfa, 0xef, 0xe5, 0xe7, 0xef, 0xf2,
0x00, 0x08, 0xdd, 0x04, 0x0f, 0x20, 0x23, 0x19, 0x1e, 0x0a, 0xfa, 0xfe, 0xf3, 0xe2, 0xdf, 0x89,
0x0c, 0xdd, 0xdf, 0xe2, 0xe6, 0xe6, 0xe6, 0xe6, 0xdf, 0xda, 0xe4, 0xe1, 0xdd, 0xdd, 0x83, 0x10,
0x34, 0x34, 0x24, 0x1a, 0xe0, 0xd6, 0xcc, 0xcc, 0xcc, 0xcc, 0xce, 0xd1, 0xcc, 0xcc, 0xcc, 0xdb,
0xf1, 0x85, 0x11, 0xee, 0xe0, 0x00, 0x0e, 0x07, 0x02, 0xfa, 0xf3, 0xec, 0xec, 0xec, 0xec, 0xfd,
0x06, 0x21, 0x2a, 0x34, 0x34, 0x82, 0x0c, 0x0c, 0x17, 0xf7, 0x07, 0x20, 0x20, 0x20, 0x20, 0x14,
0x09, 0xfb, 0xe0, 0xee, 0x85, 0x0b, 0xfc, 0x00, 0x09, 0x14, 0x20, 0x20, 0x20, 0x20, 0x07, 0xf7,
0x17, 0x0c, 0x85, 0x2a, 0x29, 0x00, 0x01, 0x01, 0x01, 0x01, 0x01, 0x01, 0x01, 0x01, 0x02, 0x01,
0x01, 0x01, 0x01, 0x01, 0x01, 0x01, 0x01, 0x01, 0x01, 0x07, 0x02, 0x01, 0x01, 0x01, 0x01, 0x01,
0x01, 0x01, 0x01, 0x01, 0x01, 0x01, 0x01, 0x04, 0x04, 0x04, 0x01, 0x05, 0x03, 0x02, 0x06, 0x29,
0x0c, 0xf8, 0xde, 0xde, 0xde, 0xde, 0xf8, 0x0c, 0xde, 0xf8, 0xff, 0x00, 0x0b, 0x14, 0x22, 0x22,
0x14, 0x0b, 0xed, 0xde, 0x0c, 0xfd, 0x02, 0x18, 0x28, 0xda, 0xf1, 0x0e, 0x05, 0x25, 0x19, 0xf6,
0xd1, 0x3f, 0xf0, 0xd9, 0x28, 0x0c, 0x0c, 0x0c, 0x3f, 0x28, 0x29, 0xde, 0xde, 0xf8, 0x0c, 0xf4,
0x09, 0x22, 0x22, 0x22, 0x1b, 0x14, 0x13, 0x13, 0x13, 0x05, 0xf3, 0xe5, 0xe5, 0xe5, 0xf4, 0x07,
0xc7, 0xd4, 0xe5, 0xe5, 0xe5, 0xe5, 0xbe, 0xa7, 0x1b, 0xf8, 0xde, 0xde, 0x0c, 0x0c, 0xb7, 0xb7,
0xc9, 0xf4, 0xe5, 0x0c, 0xb7, 0x00, 0xba, 0x03, 0x04, 0xfa, 0xf7, 0xfc, 0x85, 0x07, 0x0a, 0x0a,
0x0a, 0x0a, 0x0a, 0x0a, 0x0a, 0x0a, 0x83, 0xbf, 0x90, 0x00, 0xba, 0x03, 0xe1, 0xfb, 0x05, 0x01,
0x85, 0x07, 0xe5, 0xe5, 0xe5, 0xe5, 0xe5, 0xe5, 0xe5, 0xe5, 0x83, 0xbf, 0x90, 0x00, 0xba, 0x03,
0xec, 0xfc, 0xe9, 0xf1, 0x85, 0x07, 0x18, 0x18, 0x18, 0x18, 0x16, 0x16, 0x16, 0x16, 0x83, 0xbf,
0x90, 0x00, 0xba, 0x02, 0x30, 0x1c, 0xfb, 0x86, 0x07, 0x38, 0x38, 0x38, 0x38, 0x38, 0x38, 0x38,
0x38, 0x83, 0xbf, 0x90, 0x00, 0xb8, 0x05, 0x12, 0x20, 0x01, 0x01, 0xe1, 0xe9, 0x83, 0x09, 0x0d,
0x18, 0x14, 0x24, 0x3f, 0x3f, 0x3f, 0x3f, 0x32, 0x27, 0x83, 0x98, 0x01, 0x20, 0x07, 0x9a, 0x00,
0x14, 0x87, 0x00, 0x0c, 0x90, 0x00, 0xba, 0x03, 0xd2, 0xe1, 0x23, 0x16, 0x85, 0x07, 0xb1, 0xb1,
0xb1, 0xb1, 0xb1, 0xb1, 0xb1, 0xb1, 0x83, 0xbf, 0x90, 0x13, 0xfb, 0xfa, 0xf6, 0xf6, 0xfa, 0xfb,
0xf9, 0xfb, 0x00, 0x08, 0x0a, 0x0a, 0x08, 0xfe, 0xf9, 0xfb, 0xfc, 0xfd, 0x01, 0xfc, 0x81, 0x0c,
0x01, 0x03, 0x02, 0x00, 0x03, 0xfe, 0xfc, 0x01, 0xfb, 0xfb, 0xfb, 0x03, 0x01, 0x0b, 0xf6, 0xf6,
0xfa, 0x06, 0x0a, 0x0a, 0x0a, 0x0a, 0x05, 0x05, 0x04, 0x01, 0x81, 0x14, 0x05, 0xf3, 0xf8, 0xf9,
0xfb, 0xfb, 0xfb, 0xf6, 0xf5, 0xf8, 0xf7, 0xf6, 0xfb, 0xfb, 0xf6, 0xf6, 0xf8, 0x05, 0xfb, 0xfb,
0xf6, 0x21, 0x20, 0x00, 0x03, 0x01, 0x03, 0x01, 0x03, 0x01, 0x01, 0x03, 0x02, 0x01, 0x01, 0x07,
0x02, 0x01, 0x02, 0x01, 0x02, 0x01, 0x01, 0x01, 0x01, 0x01, 0x01, 0x04, 0x04, 0x04, 0x01, 0x05,
0x03, 0x01, 0x01, 0x06, 0x20, 0x03, 0x10, 0x10, 0x03, 0x13, 0x09, 0x00, 0xf7, 0xf0, 0xf7, 0x06,
0x13, 0x03, 0x0b, 0x0a, 0xff, 0x0c, 0xfd, 0x00, 0xf6, 0xf9, 0x03, 0x15, 0xf8, 0x05, 0x0c, 0xff,
0x03, 0x03, 0x03, 0x03, 0xf8, 0xff, 0x20, 0x10, 0x03, 0xfd, 0xf0, 0xf0, 0xf4, 0xfd, 0xfd, 0x06,
0x0a, 0x0a, 0xfd, 0xfd, 0x14, 0x10, 0x0a, 0x0a, 0x14, 0x1b, 0xfc, 0x09, 0x10, 0x10, 0x03, 0x03,
0x17, 0x17, 0x15, 0xfd, 0x0a, 0x12, 0x03, 0x17, 0x22, 0xfb, 0xfa, 0xf6, 0xf6, 0xfa, 0xfb, 0xf9,
0xfb, 0x00, 0x08, 0x0a, 0x0a, 0x08, 0xfe, 0xf9, 0xfb, 0xfc, 0xfd, 0x01, 0xfc, 0x00, 0x01, 0x01,
0x03, 0x02, 0x00, 0x03, 0xfe, 0xfc, 0x01, 0xfb, 0xfb, 0xfb, 0x03, 0x01, 0x0b, 0xf6, 0xf6, 0xfa,
0x06, 0x0a, 0x0a, 0x0a, 0x0a, 0x05, 0x05, 0x04, 0x01, 0x81, 0x14, 0x05, 0xf3, 0xf8, 0xf9, 0xfb,
0xfb, 0xfb, 0xf6, 0xf5, 0xf8, 0xf6, 0xf6, 0xfb, 0xfb, 0xf6, 0xf6, 0xf8, 0x05, 0xfb, 0xfb, 0xf6,
0x26, 0x25, 0x00, 0x03, 0x01, 0x03, 0x01, 0x02, 0x01, 0x01, 0x01, 0x01, 0x01, 0x01, 0x01, 0x01,
0x01, 0x01, 0x07, 0x02, 0x01, 0x01, 0x01, 0x01, 0x02, 0x01, 0x01, 0x01, 0x01, 0x01, 0x01, 0x04,
0x04, 0x04, 0x01, 0x05, 0x03, 0x01, 0x01, 0x06, 0x25, 0x04, 0x14, 0x14, 0x04, 0x17, 0x0e, 0x0b,
0x00, 0xf4, 0xf2, 0xec, 0xec, 0xf2, 0xf4, 0x07, 0x17, 0x04, 0x0e, 0x0c, 0x04, 0xfe, 0x0e, 0xfc,
0xff, 0xf3, 0xf8, 0x04, 0x19, 0xf6, 0x06, 0x0f, 0xfe, 0x04, 0x04, 0x04, 0x04, 0xf6, 0xfe, 0x25,
0x14, 0x04, 0xfc, 0xec, 0xec, 0xef, 0xf1, 0xfc, 0xfc, 0xfc, 0x02, 0x07, 0x0c, 0x0c, 0x0c, 0xfc,
0xfc, 0x18, 0x13, 0x0c, 0x0c, 0x0c, 0x19, 0x21, 0xfb, 0x0c, 0x14, 0x14, 0x04, 0x04, 0x1c, 0x1c,
0x19, 0xfc, 0x0c, 0x16, 0x04, 0x1c, 0x2e, 0x2d, 0x00, 0x01, 0x01, 0x01, 0x01, 0x01, 0x01, 0x01,
0x01, 0x01, 0x01, 0x01, 0x01, 0x01, 0x03, 0x02, 0x01, 0x01, 0x07, 0x02, 0x01, 0x01, 0x01, 0x01,
0x01, 0x01, 0x01, 0x01, 0x01, 0x01, 0x01, 0x01, 0x01, 0x01, 0x01, 0x01, 0x04, 0x01, 0x01, 0x01,
0x02, 0x05, 0x03, 0x01, 0x01, 0x06, 0x01, 0x0e, 0x07, 0x83, 0x27, 0x07, 0x0e, 0xec, 0xef, 0xf2,
0xf5, 0xff, 0xf9, 0x00, 0xf9, 0xfa, 0xec, 0x0e, 0x06, 0x09, 0x0e, 0x13, 0xea, 0xf3, 0xfa, 0xf8,
0x03, 0x01, 0xfa, 0xf9, 0x1d, 0xf6, 0xf5, 0xf5, 0xf6, 0xed, 0x14, 0x15, 0x14, 0x0e, 0x0e, 0x0e,
0x0e, 0x1d, 0x14, 0x81, 0x03, 0x07, 0x0e, 0xf2, 0xf9, 0x83, 0x12, 0xff, 0xfd, 0xf2, 0xf2, 0xe8,
0xe4, 0xe4, 0xf2, 0x0e, 0xce, 0xd2, 0xd6, 0xd6, 0xd6, 0xd6, 0xc8, 0xc2, 0x08, 0x06, 0x81, 0x0e,
0x0e, 0x0e, 0x0e, 0x0e, 0x0e, 0xc8, 0xc8, 0xc8, 0xc8, 0xce, 0xf2, 0xe4, 0xd5, 0x0e, 0xc8, 0x24,
0x23, 0x00, 0x03, 0x01, 0x03, 0x01, 0x01, 0x01, 0x01, 0x02, 0x02, 0x01, 0x02, 0x01, 0x01, 0x07,
0x02, 0x01, 0x02, 0x01, 0x01, 0x01, 0x01, 0x01, 0x01, 0x01, 0x01, 0x01, 0x04, 0x04, 0x04, 0x01,
0x05, 0x03, 0x01, 0x01, 0x06, 0x23, 0xfd, 0x09, 0x09, 0xfd, 0x09, 0x06, 0x02, 0x00, 0xfd, 0xf8,
0xf8, 0xfd, 0x05, 0x09, 0xfd, 0x01, 0x00, 0xf6, 0x0a, 0x04, 0xfc, 0xff, 0xf7, 0xfa, 0x02, 0x0c,
0xf0, 0x04, 0x0a, 0xf6, 0xfd, 0xfd, 0xfd, 0xfd, 0xf0, 0xf6, 0x23, 0x09, 0xfd, 0x03, 0xf8, 0xf8,
0xf8, 0xf9, 0xfb, 0xfb, 0xff, 0x03, 0x07, 0x07, 0x03, 0xfe, 0x0e, 0x0c, 0x07, 0x07, 0x07, 0x10,
0x16, 0xf9, 0x02, 0x09, 0x09, 0xfd, 0xfd, 0x12, 0x12, 0x0e, 0x03, 0x07, 0x0c, 0xfd, 0x12, 0x00,
0xba, 0x03, 0xe4, 0xf8, 0x0c, 0x04, 0x85, 0x07, 0xda, 0xda, 0xda, 0xda, 0xda, 0xda, 0xda, 0xda,
0x83, 0xbf, 0x90, 0x00, 0xba, 0x03, 0x07, 0xf7, 0xfe, 0xff, 0x85, 0x07, 0xff, 0xff, 0xff, 0xff,
0xff, 0xff, 0xff, 0xff, 0x83, 0xbf, 0x90, 0x00, 0xb8, 0x05, 0xf7, 0xf0, 0xfc, 0x06, 0x19, 0x0f,
0x83, 0x09, 0xfa, 0xf4, 0xec, 0xe4, 0xd6, 0xd7, 0xd7, 0xd6, 0xdd, 0xe3, 0x83, 0x98, 0x01, 0xf0,
0xfd, 0x9a, 0x00, 0xf6, 0x87, 0x00, 0xfa, 0x90, 0x00, 0xba, 0x03, 0x30, 0x11, 0xed, 0xf6, 0x85,
0x07, 0x39, 0x39, 0x39, 0x39, 0x39, 0x39, 0x39, 0x39, 0x83, 0xbf, 0x90, 0x00, 0xb8, 0x05, 0xfb,
0xf6, 0xd0, 0xe4, 0x0e, 0x07, 0x83, 0x09, 0xfd, 0xf9, 0xc2, 0xbd, 0xb5, 0xb5, 0xb5, 0xb5, 0xb8,
0xbc, 0x83, 0x98, 0x01, 0xf6, 0xfe, 0x9a, 0x00, 0xfa, 0x87, 0x00, 0xfc, 0x90, 0x00, 0xba, 0x03,
0x0a, 0x0a, 0xe1, 0xea, 0x85, 0x07, 0x25, 0x25, 0x25, 0x25, 0x25, 0x25, 0x25, 0x25, 0x83, 0xbf,
0x90, 0x00, 0x80, 0x0c, 0x00, 0x34, 0x00, 0x4f, 0x00, 0x09, 0x00, 0x52, 0x00, 0x06, 0x00, 0x52,
0x00, 0x05, 0x00, 0x4b, 0x00, 0x02, 0x00, 0x4e, 0x00, 0x01, 0x00, 0x52, 0x00, 0x00, 0x00, 0x4e,
0x00, 0x0b, 0x00, 0x4c, 0x20, 0x08, 0x00, 0x4e, 0x00, 0x0a, 0x00, 0x52, 0x00, 0x07, 0x00, 0x4b,
0x00, 0x04, 0x00, 0x52, 0x00, 0x03, 0x00, 0x25, 0x0a, 0x0c, 0x14, 0x14, 0x14, 0x14, 0x0c, 0x0a,
0x0e, 0x0c, 0x09, 0x08, 0x00, 0xf1, 0xee, 0xec, 0xec, 0xee, 0xf1, 0x01, 0x06, 0x0a, 0x0a, 0x0a,
0x0a, 0x0a, 0x0a, 0x08, 0x07, 0x01, 0xfe, 0x08, 0x02, 0xfe, 0xfe, 0xfb, 0xfb, 0xff, 0x84, 0x10,
0x14, 0x14, 0x0c, 0x0a, 0xf6, 0xf4, 0xec, 0xec, 0xec, 0xec, 0xee, 0xef, 0xf6, 0xf6, 0xf6, 0xf8,
0xfe, 0x83, 0x11, 0x0b, 0x11, 0x1a, 0x1a, 0x1a, 0x1a, 0x11, 0x0e, 0x0a, 0x0a, 0x0a, 0x0a, 0x13,
0x17, 0x10, 0x12, 0x14, 0x14, 0x83, 0x26, 0xfa, 0xef, 0xe0, 0xe0, 0xe0, 0xe0, 0xef, 0xfa, 0xdb,
0xe0, 0xea, 0xee, 0x00, 0x13, 0x18, 0x20, 0x20, 0x18, 0x13, 0xff, 0xfb, 0xfa, 0xfa, 0xfa, 0xfa,
0xfa, 0xfa, 0xea, 0xec, 0xfa, 0x03, 0xe9, 0xf6, 0x05, 0x01, 0x15, 0x0e, 0xfa, 0xd7, 0x83, 0x26,
0xe0, 0xe0, 0xef, 0xfa, 0x06, 0x11, 0x20, 0x20, 0x20, 0x20, 0x1c, 0x18, 0x06, 0x06, 0x06, 0xfe,
0xf4, 0xec, 0xec, 0xec, 0xec, 0xdd, 0xd7, 0x07, 0x07, 0x07, 0x07, 0xd9, 0xe1, 0xec, 0xec, 0xec,
0xec, 0xd8, 0xcb, 0x08, 0xed, 0xe0, 0xe0, 0x83, 0x26, 0x08, 0x09, 0x10, 0x10, 0x10, 0x10, 0x09,
0x08, 0xf3, 0xf1, 0xef, 0xee, 0x00, 0xf5, 0xf3, 0xf1, 0xf1, 0xf3, 0xf5, 0xf1, 0xf9, 0x08, 0x08,
0x08, 0x08, 0x08, 0x08, 0xf8, 0xf7, 0xf2, 0xf0, 0x07, 0x02, 0xff, 0xff, 0x0e, 0x0e, 0x1f, 0x20,
0x83, 0x26, 0x20, 0x20, 0x1b, 0x18, 0xe8, 0xe5, 0xe0, 0xe0, 0xe0, 0xe0, 0xe2, 0xe2, 0xd0, 0xd0,
0xd0, 0xd2, 0xd6, 0xd8, 0xd8, 0xd8, 0xd8, 0xe0, 0xe7, 0x18, 0x18, 0x18, 0x18, 0xe5, 0xe2, 0xe0,
0xe0, 0xe0, 0xe0, 0xe7, 0xea, 0x1a, 0x1d, 0x20, 0x20, 0x83, 0x01, 0xec, 0xf6, 0x83, 0x08, 0xf6,
0xec, 0x1d, 0x19, 0x13, 0x10, 0x01, 0x0a, 0x06, 0x81, 0x15, 0x06, 0x0a, 0xe7, 0xec, 0xec, 0xec,
0xec, 0xec, 0xec, 0xec, 0xf7, 0xf4, 0xeb, 0xe5, 0x1f, 0x13, 0x09, 0x0c, 0xfc, 0xfe, 0x09, 0x0a,
0x83, 0x81, 0x03, 0xf6, 0xec, 0x14, 0x0a, 0x83, 0x1a, 0x02, 0x05, 0x14, 0x14, 0x14, 0x1a, 0x22,
0x28, 0x28, 0x28, 0x28, 0x3e, 0x47, 0xec, 0xec, 0xec, 0xec, 0x48, 0x42, 0x3c, 0x3c, 0x3c, 0x3c,
0x4f, 0x58, 0xf5, 0xf7, 0x85, 0x14, 0x1a, 0x24, 0x34, 0x34, 0x34, 0x34, 0x2a, 0x20, 0xf3, 0xef,
0xe9, 0xe6, 0xeb, 0xdd, 0xd2, 0xc3, 0xc3, 0xd2, 0xdd, 0xeb, 0xf3, 0x83, 0x0d, 0x0b, 0x14, 0x11,
0x0f, 0x04, 0xfe, 0xfa, 0xef, 0xe5, 0xe7, 0xef, 0xf2, 0x00, 0x08, 0x83, 0x10, 0x34, 0x34, 0x24,
0x1a, 0xe0, 0xd6, 0xcc, 0xcc, 0xcc, 0xcc, 0xce, 0xd1, 0xcc, 0xcc, 0xcc, 0xdb, 0xf1, 0x83, 0x11,
0x08, 0x0f, 0x20, 0x15, 0x07, 0x02, 0xfa, 0xf3, 0xec, 0xec, 0xec, 0xec, 0xfd, 0x06, 0x21, 0x2a,
0x34, 0x34, 0x83, 0x26, 0x0c, 0xf8, 0xde, 0xde, 0xde, 0xde, 0xf8, 0x0c, 0xde, 0xe7, 0xf8, 0xff,
0x00, 0x0b, 0x14, 0x22, 0x22, 0x14, 0x0b, 0x2f, 0x22, 0x0c, 0x0c, 0x0c, 0x0c, 0x0c, 0x0c, 0xfd,
0x02, 0x18, 0x28, 0xda, 0xf1, 0x0e, 0x05, 0x25, 0x19, 0xf6, 0xd1, 0x83, 0x26, 0xde, 0xde, 0xf8,
0x0c, 0xf4, 0x09, 0x22, 0x22, 0x22, 0x22, 0x1b, 0x14, 0x13, 0x13, 0x13, 0x05, 0xf3, 0xe5, 0xe5,
0xe5, 0xe5, 0xd5, 0xc9, 0x07, 0x07, 0x07, 0x07, 0xc7, 0xd4, 0xe5, 0xe5, 0xe5, 0xe5, 0xbe, 0xa7,
0x1b, 0xf8, 0xde, 0xde, 0x83, 0x1f, 0xfb, 0xfa, 0xf6, 0xf6, 0xf6, 0xf6, 0xfa, 0xfb, 0xf9, 0xfa,
0xfb, 0xfc, 0x00, 0x08, 0x09, 0x0a, 0x0a, 0x09, 0x08, 0x00, 0xfc, 0xfb, 0xfb, 0xfb, 0xfb, 0xfb,
0xfb, 0xfc, 0xfd, 0xff, 0x01, 0xfc, 0x81, 0x02, 0x01, 0x03, 0x02, 0x85, 0x10, 0xf6, 0xf6, 0xfa,
0xfb, 0x05, 0x06, 0x0a, 0x0a, 0x0a, 0x0a, 0x09, 0x09, 0x05, 0x05, 0x05, 0x04, 0x01, 0x83, 0x11,
0xfb, 0xf8, 0xf3, 0xf3, 0xf3, 0xf3, 0xf8, 0xf9, 0xfb, 0xfb, 0xfb, 0xfb, 0xf6, 0xf5, 0xf8, 0xf7,
0xf6, 0xf6, 0x83, 0x18, 0x17, 0x00, 0x03, 0x01, 0x03, 0x01, 0x03, 0x01, 0x01, 0x03, 0x02, 0x02,
0x01, 0x01, 0x04, 0x01, 0x01, 0x02, 0x01, 0x02, 0x01, 0x01, 0x01, 0x01, 0x01, 0x17, 0x03, 0x10,
0x10, 0x03, 0x13, 0x09, 0x00, 0xf7, 0xf0, 0xf7, 0x02, 0x03, 0x03, 0x03, 0x0b, 0x0a, 0xff, 0x0c,
0xfd, 0x00, 0xf6, 0xf9, 0x03, 0x15, 0x17, 0x10, 0x03, 0xfd, 0xf0, 0xf0, 0xf4, 0xfd, 0xfd, 0x06,
0x0a, 0x0a, 0x12, 0x15, 0xfd, 0x14, 0x10, 0x0a, 0x0a, 0x14, 0x1b, 0xfc, 0x09, 0x10, 0x10, 0x24,
0xfb, 0xfa, 0xf6, 0xf6, 0xf6, 0xf6, 0xfa, 0xfb, 0xf9, 0xfa, 0xfb, 0xfc, 0x00, 0x08, 0x09, 0x0a,
0x0a, 0x09, 0x08, 0x00, 0xfc, 0xfb, 0xfb, 0xfb, 0xfb, 0xfb, 0xfb, 0xfc, 0xfd, 0xff, 0x01, 0xfc,
0x00, 0x01, 0x01, 0x03, 0x02, 0x85, 0x10, 0xf6, 0xf6, 0xfa, 0xfb, 0x05, 0x06, 0x0a, 0x0a, 0x0a,
0x0a, 0x09, 0x09, 0x05, 0x05, 0x05, 0x04, 0x01, 0x83, 0x11, 0xfb, 0xf8, 0xf3, 0xf3, 0xf3, 0xf3,
0xf8, 0xf9, 0xfb, 0xfb, 0xfb, 0xfb, 0xf7, 0xf5, 0xf8, 0xf6, 0xf6, 0xf6, 0x83, 0x26, 0x04, 0x0b,
0x14, 0x14, 0x14, 0x14, 0x0b, 0x04, 0x17, 0x14, 0x0e, 0x0b, 0x00, 0xf4, 0xf2, 0xec, 0xec, 0xf2,
0xf4, 0x01, 0x02, 0x04, 0x04, 0x04, 0x04, 0x04, 0x04, 0x0e, 0x0c, 0x04, 0xfe, 0x0e, 0x06, 0xfc,
0xff, 0xf3, 0xf8, 0x04, 0x19, 0x83, 0x26, 0x14, 0x14, 0x0b, 0x04, 0xfc, 0xf5, 0xec, 0xec, 0xec,
0xec, 0xef, 0xf1, 0xfc, 0xfc, 0xfc, 0x02, 0x07, 0x0c, 0x0c, 0x0c, 0x0c, 0x16, 0x19, 0xfc, 0xfc,
0xfc, 0xfc, 0x18, 0x13, 0x0c, 0x0c, 0x0c, 0x0c, 0x19, 0x21, 0xfb, 0x0c, 0x14, 0x14, 0x83, 0x01,
0x0e, 0x07, 0x83, 0x08, 0x07, 0x0e, 0xec, 0xef, 0xf2, 0xf5, 0xff, 0xf9, 0xfc, 0x81, 0x15, 0xfc,
0xf9, 0x12, 0x0e, 0x0e, 0x0e, 0x0e, 0x0e, 0x0e, 0x0e, 0x06, 0x09, 0x0e, 0x13, 0xea, 0xf3, 0xfa,
0xf8, 0x03, 0x01, 0xfa, 0xf9, 0x83, 0x81, 0x03, 0x07, 0x0e, 0xf2, 0xf9, 0x83, 0x1a, 0xff, 0xfd,
0xf2, 0xf2, 0xf2, 0xee, 0xe8, 0xe4, 0xe4, 0xe4, 0xe4, 0xd5, 0xce, 0x0e, 0x0e, 0x0e, 0x0e, 0xce,
0xd2, 0xd6, 0xd6, 0xd6, 0xd6, 0xc9, 0xc2, 0x08, 0x06, 0x85, 0x0a, 0xfd, 0x02, 0x09, 0x09, 0x09,
0x09, 0x02, 0xfd, 0x09, 0x06, 0x02, 0x81, 0x19, 0xfd, 0xfb, 0xf8, 0xf8, 0xfb, 0xfd, 0xf4, 0xf7,
0xfd, 0xfd, 0xfd, 0xfd, 0xfd, 0xfd, 0x01, 0x00, 0xfa, 0xf6, 0x0a, 0x04, 0xfc, 0xff, 0xf7, 0xfa,
0x02, 0x0c, 0x83, 0x26, 0x09, 0x09, 0x02, 0xfd, 0x03, 0xfe, 0xf8, 0xf8, 0xf8, 0xf8, 0xf9, 0xfb,
0xfb, 0xfb, 0xfb, 0xff, 0x03, 0x07, 0x07, 0x07, 0x07, 0x0c, 0x0e, 0xfe, 0xfe, 0xfe, 0xfe, 0x0e,
0x0c, 0x07, 0x07, 0x07, 0x07, 0x10, 0x16, 0xf9, 0x02, 0x09, 0x09, 0x83, 0x80, 0x0c, 0x00, 0x34,
0x00, 0x8f, 0x20, 0x09, 0x00, 0x88, 0x20, 0x06, 0x00, 0x42, 0x00, 0x05, 0x00, 0x42, 0x00, 0x02,
0x00, 0x42, 0x00, 0x01, 0x00, 0x8f, 0x20, 0x00, 0x00, 0x8f, 0x20, 0x0b, 0x00, 0x7c, 0x20, 0x08,
0x00, 0x8f, 0x20, 0x0a, 0x00, 0x88, 0x20, 0x07, 0x00, 0x42, 0x00, 0x04, 0x00, 0x88, 0x20, 0x03,
0x20, 0x1f, 0x01, 0x03, 0x02, 0x01, 0x03, 0x01, 0x03, 0x02, 0x02, 0x03, 0x02, 0x01, 0x03, 0x01,
0x03, 0x02, 0x02, 0x03, 0x02, 0x01, 0x03, 0x01, 0x03, 0x02, 0x02, 0x03, 0x02, 0x01, 0x03, 0x01,
0x03, 0x02, 0x00, 0x3f, 0x12, 0x0f, 0x12, 0x14, 0x14, 0x12, 0x0f, 0x0d, 0x0a, 0x08, 0x08, 0x08,
0x08, 0x0a, 0x10, 0x12, 0x12, 0xef, 0xef, 0xef, 0xf1, 0xf7, 0xf9, 0xf9, 0xf9, 0xf9, 0xf7, 0xf4,
0xf1, 0xee, 0xec, 0xec, 0xee, 0xf1, 0x12, 0x12, 0x12, 0x10, 0x0a, 0x08, 0x08, 0x08, 0x08, 0x0a,
0x0d, 0x0f, 0x12, 0x14, 0x14, 0x12, 0x0f, 0xef, 0xf1, 0xee, 0xec, 0xec, 0xee, 0xf1, 0xf4, 0xf7,
0xf9, 0xf9, 0xf9, 0xf9, 0x03, 0xf7, 0xf1, 0xef, 0xef, 0x83, 0x3f, 0x12, 0x12, 0x12, 0x10, 0x0a,
0x08, 0x08, 0x08, 0x08, 0x0a, 0x0d, 0x0f, 0x12, 0x14, 0x14, 0x12, 0x0f, 0x12, 0x0f, 0x12, 0x14,
0x14, 0x12, 0x0f, 0x0d, 0x0a, 0x08, 0x08, 0x08, 0x08, 0x0a, 0x10, 0x12, 0x12, 0xef, 0xf1, 0xee,
0xec, 0xec, 0xee, 0xf1, 0xf4, 0xf7, 0xf9, 0xf9, 0xf9, 0xf9, 0xf7, 0xf1, 0xef, 0xef, 0xef, 0xef,
0xef, 0xf1, 0xf7, 0xf9, 0xf9, 0xf9, 0xf9, 0xf7, 0xf4, 0xf1, 0xee, 0x03, 0xec, 0xec, 0xee, 0xf1,
0x83, 0x2c, 0x2b, 0x01, 0x02, 0x02, 0x01, 0x01, 0x01, 0x01, 0x01, 0x01, 0x03, 0x01, 0x01, 0x02,
0x03, 0x01, 0x01, 0x01, 0x01, 0x01, 0x01, 0x01, 0x03, 0x02, 0x02, 0x02, 0x03, 0x01, 0x01, 0x01,
0x01, 0x01, 0x02, 0x02, 0x01, 0x02, 0x03, 0x02, 0x01, 0x01, 0x01, 0x01, 0x01, 0x02, 0x03, 0x2b,
0xec, 0xe0, 0xe8, 0xed, 0xed, 0xf2, 0xfa, 0xfa, 0xfa, 0xe9, 0xe1, 0xe1, 0x1f, 0x0e, 0x06, 0x06,
0x06, 0x06, 0x0e, 0x13, 0x14, 0x20, 0x14, 0xe1, 0xe9, 0xfa, 0xfa, 0xfa, 0xf2, 0xed, 0xec, 0xe0,
0xe8, 0xed, 0x14, 0x20, 0x14, 0x13, 0x0e, 0x06, 0x06, 0x06, 0x0e, 0x1f, 0x2b, 0xe1, 0xe9, 0xfa,
0xfa, 0xfa, 0xfa, 0xf2, 0xed, 0xec, 0xe0, 0xe8, 0xed, 0xec, 0xe0, 0xe8, 0xed, 0xed, 0xf2, 0xfa,
0xfa, 0xfa, 0xe9, 0xe1, 0x14, 0x20, 0x14, 0x13, 0x0e, 0x06, 0x06, 0x06, 0x0e, 0x1f, 0x1f, 0x1f,
0x0e, 0x06, 0x06, 0x06, 0x0e, 0x13, 0x14, 0x20, 0x14, 0x1f, 0x14, 0x18, 0x14, 0x14, 0x10, 0x10,
0x16, 0x18, 0xe8, 0xee, 0xf0, 0xf0, 0xec, 0xec, 0xe8, 0xec, 0x18, 0x12, 0x10, 0x10, 0x14, 0x14,
0x18, 0x14, 0xec, 0xe8, 0xec, 0xec, 0xf0, 0xf0, 0xea, 0xe8, 0x1f, 0x18, 0x12, 0x10, 0x10, 0x14,
0x14, 0x18, 0x14, 0x14, 0x18, 0x14, 0x14, 0x10, 0x10, 0x16, 0x18, 0xec, 0xe8, 0xec, 0xec, 0xf0,
0xf0, 0xea, 0xe8, 0xe8, 0xee, 0xf0, 0xf0, 0xec, 0xec, 0xe8, 0xec, 0x1f, 0xf6, 0x00, 0xf6, 0x03,
0xf9, 0xf9, 0x07, 0x0d, 0xf3, 0x01, 0x07, 0x07, 0xfd, 0x0a, 0x00, 0x0a, 0x0d, 0xff, 0xf9, 0xf9,
0x03, 0xf6, 0x00, 0xf6, 0x0a, 0x00, 0x0a, 0xfd, 0x07, 0x07, 0xf9, 0xf3, 0x1f, 0x0d, 0xff, 0xf9,
0xf9, 0x03, 0xf6, 0x00, 0xf6, 0xf6, 0x00, 0xf6, 0x03, 0xf9, 0xf9, 0x07, 0x0d, 0x0a, 0x00, 0x0a,
0xfd, 0x07, 0x07, 0xf9, 0xf3, 0xf3, 0x01, 0x07, 0x07, 0xfd, 0x0a, 0x00, 0x0a, 0x1f, 0x1a, 0x34,
0x1a, 0x20, 0x16, 0x16, 0x3b, 0x4a, 0xb7, 0xdc, 0xeb, 0xeb, 0xe1, 0xe7, 0xcd, 0xe7, 0x4a, 0x25,
0x16, 0x16, 0x20, 0x1a, 0x34, 0x1a, 0xe7, 0xcd, 0xe7, 0xe1, 0xeb, 0xeb, 0xc6, 0xb7, 0x1f, 0x4a,
0x25, 0x16, 0x16, 0x20, 0x1a, 0x34, 0x1a, 0x1a, 0x34, 0x1a, 0x20, 0x16, 0x16, 0x3b, 0x4a, 0xe6,
0xcc, 0xe6, 0xe0, 0xea, 0xea, 0xc5, 0xb6, 0xb6, 0xdb, 0xea, 0xea, 0xe0, 0xe6, 0xcc, 0xe6, 0x00,
0x3f, 0xec, 0xf5, 0xec, 0xde, 0xde, 0xec, 0xf5, 0x03, 0x0c, 0x1a, 0x1a, 0x1a, 0x1a, 0x0c, 0xfa,
0xec, 0xec, 0x15, 0x15, 0x15, 0x07, 0xf5, 0xe7, 0xe7, 0xe7, 0xe7, 0xf5, 0xfe, 0x0b, 0x14, 0x22,
0x22, 0x14, 0x0b, 0xec, 0xec, 0xec, 0xfa, 0x0c, 0x1a, 0x1a, 0x1a, 0x1a, 0x0c, 0x03, 0xf5, 0xec,
0xde, 0xde, 0xec, 0xf5, 0x15, 0x0b, 0x14, 0x22, 0x22, 0x14, 0x0b, 0xfe, 0xf5, 0xe7, 0xe7, 0xe7,
0xe7, 0x03, 0xf5, 0x07, 0x15, 0x15, 0x83, 0x3f, 0xec, 0xec, 0xec, 0xfa, 0x0c, 0x1a, 0x1a, 0x1a,
0x1a, 0x0c, 0x03, 0xf5, 0xec, 0xde, 0xde, 0xec, 0xf5, 0xec, 0xf5, 0xec, 0xde, 0xde, 0xec, 0xf5,
0x03, 0x0c, 0x1a, 0x1a, 0x1a, 0x1a, 0x0c, 0xfa, 0xec, 0xec, 0x15, 0x0b, 0x14, 0x22, 0x22, 0x14,
0x0b, 0xfe, 0xf5, 0xe7, 0xe7, 0xe7, 0xe7, 0xf5, 0x07, 0x15, 0x15, 0x15, 0x15, 0x15, 0x07, 0xf5,
0xe7, 0xe7, 0xe7, 0xe7, 0xf5, 0xfe, 0x0b, 0x14, 0x03, 0x22, 0x22, 0x14, 0x0b, 0x83, 0x00, 0x3f,
0xf7, 0xf9, 0xf7, 0xf6, 0xf6, 0xf7, 0xf9, 0xfa, 0xfb, 0xfc, 0xfc, 0xfc, 0xfc, 0xfb, 0xf8, 0xf7,
0xf7, 0x09, 0x09, 0x09, 0x08, 0x04, 0x04, 0x04, 0x04, 0x04, 0x04, 0x06, 0x08, 0x09, 0x0a, 0x0a,
0x09, 0x08, 0xf7, 0xf7, 0xf7, 0xf8, 0xfb, 0xfc, 0xfc, 0xfc, 0xfc, 0xfb, 0xfa, 0xf9, 0xf7, 0xf6,
0xf6, 0xf7, 0xf9, 0x09, 0x08, 0x09, 0x0a, 0x0a, 0x09, 0x08, 0x06, 0x04, 0x04, 0x04, 0x04, 0x04,
0x03, 0x04, 0x08, 0x09, 0x09, 0x83, 0x3f, 0xf7, 0xf7, 0xf7, 0xf8, 0xfb, 0xfc, 0xfc, 0xfc, 0xfc,
0xfb, 0xfa, 0xf9, 0xf7, 0xf6, 0xf6, 0xf7, 0xf9, 0xf7, 0xf9, 0xf7, 0xf6, 0xf6, 0xf7, 0xf9, 0xfa,
0xfb, 0xfc, 0xfc, 0xfc, 0xfc, 0xfb, 0xf8, 0xf7, 0xf7, 0x09, 0x08, 0x09, 0x0a, 0x0a, 0x09, 0x08,
0x06, 0x04, 0x04, 0x04, 0x04, 0x04, 0x04, 0x08, 0x09, 0x09, 0x09, 0x09, 0x09, 0x08, 0x04, 0x04,
0x04, 0x04, 0x04, 0x04, 0x06, 0x08, 0x09, 0x03, 0x0a, 0x0a, 0x09, 0x08, 0x83, 0x28, 0x27, 0x01,
0x03, 0x01, 0x01, 0x01, 0x03, 0x01, 0x02, 0x02, 0x01, 0x02, 0x03, 0x01, 0x01, 0x01, 0x02, 0x01,
0x01, 0x02, 0x03, 0x02, 0x03, 0x02, 0x01, 0x01, 0x02, 0x01, 0x03, 0x01, 0x01, 0x02, 0x03, 0x02,
0x01, 0x01, 0x01, 0x01, 0x01, 0x03, 0x02, 0x27, 0x0a, 0x10, 0x0c, 0x0a, 0x0a, 0x03, 0x03, 0x06,
0x10, 0x10, 0xf1, 0xf9, 0xfd, 0xfd, 0xfd, 0xf9, 0xf7, 0xf6, 0xf0, 0xf6, 0x10, 0x06, 0x03, 0x03,
0x03, 0x0a, 0x0a, 0x10, 0x0c, 0x0a, 0xf6, 0xf0, 0xf6, 0xf7, 0xf9, 0xfd, 0xfd, 0xfd, 0xf4, 0xf1,
0x27, 0x10, 0x06, 0x03, 0x03, 0x03, 0x0a, 0x0a, 0x10, 0x0c, 0x0a, 0x0a, 0x10, 0x0c, 0x0a, 0x0a,
0x03, 0x03, 0x03, 0x06, 0x10, 0xf6, 0xf0, 0xf6, 0xf7, 0xf9, 0xfd, 0xfd, 0xf4, 0xf1, 0xf1, 0xf1,
0xf9, 0xfd, 0xfd, 0xfd, 0xf9, 0xf7, 0xf6, 0xf0, 0xf6, 0x00, 0x3f, 0xf7, 0xf9, 0xf7, 0xf6, 0xf6,
0xf7, 0xf9, 0xfa, 0xfb, 0xfc, 0xfc, 0xfc, 0xfc, 0xfb, 0xf8, 0xf7, 0xf7, 0x09, 0x09, 0x09, 0x08,
0x04, 0x04, 0x04, 0x04, 0x04, 0x04, 0x06, 0x08, 0x09, 0x0a, 0x0a, 0x09, 0x08, 0xf7, 0xf7, 0xf7,
0xf8, 0xfb, 0xfc, 0xfc, 0xfc, 0xfc, 0xfb, 0xfa, 0xf9, 0xf7, 0xf6, 0xf6, 0xf7, 0xf9, 0x09, 0x08,
0x09, 0x0a, 0x0a, 0x09, 0x08, 0x06, 0x04, 0x04, 0x04, 0x04, 0x04, 0x03, 0x04, 0x08, 0x09, 0x09,
0x83, 0x3f, 0xf7, 0xf7, 0xf7, 0xf8, 0xfb, 0xfc, 0xfc, 0xfc, 0xfc, 0xfb, 0xfa, 0xf9, 0xf7, 0xf6,
0xf6, 0xf7, 0xf9, 0xf7, 0xf9, 0xf7, 0xf6, 0xf6, 0xf7, 0xf9, 0xfa, 0xfb, 0xfc, 0xfc, 0xfc, 0xfc,
0xfb, 0xf8, 0xf7, 0xf7, 0x09, 0x08, 0x09, 0x0a, 0x0a, 0x09, 0x08, 0x06, 0x04, 0x04, 0x04, 0x04,
0x04, 0x04, 0x08, 0x09, 0x09, 0x09, 0x09, 0x09, 0x08, 0x04, 0x04, 0x04, 0x04, 0x04, 0x04, 0x06,
0x08, 0x09, 0x03, 0x0a, 0x0a, 0x09, 0x08, 0x83, 0x2c, 0x2b, 0x01, 0x02, 0x01, 0x01, 0x01, 0x01,
0x03, 0x01, 0x02, 0x01, 0x01, 0x01, 0x02, 0x02, 0x01, 0x01, 0x01, 0x01, 0x03, 0x01, 0x02, 0x01,
0x02, 0x02, 0x02, 0x01, 0x02, 0x01, 0x03, 0x01, 0x02, 0x01, 0x01, 0x01, 0x02, 0x02, 0x01, 0x02,
0x01, 0x03, 0x01, 0x02, 0x01, 0x02, 0x2b, 0x0c, 0x14, 0x14, 0x0e, 0x0c, 0x0c, 0x04, 0x04, 0x09,
0x0e, 0x13, 0x13, 0xed, 0xf2, 0xf7, 0xfc, 0xfc, 0xfc, 0xf4, 0xf4, 0xec, 0xec, 0xf4, 0x13, 0x0e,
0x09, 0x04, 0x04, 0x0c, 0x0c, 0x14, 0x14, 0x0e, 0x0c, 0xf4, 0xec, 0xec, 0xf4, 0xf4, 0xfc, 0xfc,
0xf7, 0xf2, 0xed, 0x2b, 0x13, 0x0e, 0x09, 0x04, 0x04, 0x04, 0x0c, 0x0c, 0x14, 0x14, 0x0e, 0x0c,
0x0c, 0x14, 0x14, 0x0e, 0x0c, 0x0c, 0x04, 0x04, 0x09, 0x0e, 0x13, 0xf4, 0xec, 0xec, 0xf4, 0xf4,
0xfc, 0xfc, 0xf7, 0xf2, 0xed, 0xed, 0xed, 0xf2, 0xf7, 0xfc, 0xfc, 0xf4, 0xf4, 0xec, 0xec, 0xf4,
0x1f, 0x07, 0x00, 0x07, 0xfe, 0x05, 0x05, 0xfb, 0xf7, 0x09, 0xff, 0xfb, 0xfb, 0x02, 0xf9, 0x00,
0xf9, 0xf7, 0x01, 0x05, 0x05, 0xfe, 0x07, 0x00, 0x07, 0xf9, 0x00, 0xf9, 0x02, 0xfb, 0xfb, 0x05,
0x09, 0x1f, 0xf7, 0x01, 0x05, 0x05, 0xfe, 0x07, 0x00, 0x07, 0x07, 0x00, 0x07, 0xfe, 0x05, 0x05,
0xfb, 0xf7, 0xf9, 0x00, 0xf9, 0x02, 0xfb, 0xfb, 0x05, 0x09, 0x09, 0xff, 0xfb, 0xfb, 0x02, 0xf9,
0x00, 0xf9, 0x2c, 0x2b, 0x01, 0x01, 0x01, 0x02, 0x01, 0x01, 0x03, 0x01, 0x01, 0x02, 0x01, 0x01,
0x02, 0x01, 0x01, 0x01, 0x01, 0x01, 0x01, 0x02, 0x02, 0x03, 0x02, 0x02, 0x02, 0x03, 0x02, 0x02,
0x01, 0x01, 0x01, 0x01, 0x01, 0x01, 0x02, 0x02, 0x01, 0x02, 0x02, 0x01, 0x02, 0x02, 0x01, 0x02,
0x2b, 0x03, 0x05, 0x09, 0x05, 0x03, 0xff, 0xfa, 0xfa, 0xfa, 0x01, 0x05, 0x05, 0xfb, 0xfb, 0xff,
0x02, 0x06, 0x06, 0x06, 0x02, 0xfd, 0xf8, 0xfd, 0x05, 0x01, 0xfa, 0xfa, 0xff, 0x03, 0x05, 0x09,
0x09, 0x05, 0x03, 0xfd, 0xf8, 0xf8, 0xfd, 0x02, 0x06, 0x06, 0x02, 0xff, 0xfb, 0x2b, 0x05, 0x05,
0x01, 0xfa, 0xfa, 0xfa, 0xff, 0x03, 0x05, 0x09, 0x05, 0x03, 0x03, 0x05, 0x09, 0x09, 0x05, 0x03,
0xff, 0xfa, 0xfa, 0x01, 0x05, 0xfd, 0xf8, 0xfd, 0x02, 0x06, 0x06, 0x06, 0x02, 0xff, 0xfb, 0xfb,
0xfb, 0xff, 0x02, 0x06, 0x06, 0x02, 0xfd, 0xf8, 0xf8, 0xfd, 0x80, 0x0c, 0x00, 0x34, 0x00, 0x8f,
0x20, 0x09, 0x00, 0x88, 0x20, 0x06, 0x00, 0x42, 0x00, 0x05, 0x00, 0x42, 0x00, 0x02, 0x00, 0x42,
0x00, 0x01, 0x00, 0x8f, 0x20, 0x00, 0x00, 0x7c, 0x20, 0x0b, 0x00, 0x7c, 0x20, 0x08, 0x00, 0x7c,
0x20, 0x0a, 0x00, 0x8f, 0x20, 0x07, 0x00, 0x42, 0x00, 0x04, 0x00, 0x88, 0x20, 0x03, 0x20, 0x1f,
0x01, 0x03, 0x02, 0x01, 0x03, 0x01, 0x03, 0x02, 0x02, 0x03, 0x02, 0x01, 0x03, 0x01, 0x03, 0x02,
0x02, 0x03, 0x02, 0x01, 0x03, 0x01, 0x03, 0x02, 0x02, 0x03, 0x02, 0x01, 0x03, 0x01, 0x03, 0x02,
0x00, 0x3f, 0x0a, 0x0d, 0x0a, 0x08, 0x08, 0x0a, 0x0d, 0x0f, 0x12, 0x14, 0x14, 0x14, 0x14, 0x12,
0x0c, 0x0a, 0x0a, 0xf6, 0xf6, 0xf6, 0xf4, 0xee, 0xec, 0xec, 0xec, 0xec, 0xee, 0xf1, 0xf4, 0xf7,
0xf9, 0xf9, 0xf7, 0xf4, 0x0a, 0x0a, 0x0a, 0x0c, 0x12, 0x14, 0x14, 0x14, 0x14, 0x12, 0x0f, 0x0d,
0x0a, 0x08, 0x08, 0x0a, 0x0d, 0xf6, 0xf4, 0xf7, 0xf9, 0xf9, 0xf7, 0xf4, 0xf1, 0xee, 0xec, 0xec,
0xec, 0xec, 0x03, 0xee, 0xf4, 0xf6, 0xf6, 0x83, 0x3f, 0x0a, 0x0a, 0x0a, 0x0c, 0x12, 0x14, 0x14,
0x14, 0x14, 0x12, 0x0f, 0x0d, 0x0a, 0x08, 0x08, 0x0a, 0x0d, 0x0a, 0x0d, 0x0a, 0x08, 0x08, 0x0a,
0x0d, 0x0f, 0x12, 0x14, 0x14, 0x14, 0x14, 0x12, 0x0c, 0x0a, 0x0a, 0xf6, 0xf4, 0xf7, 0xf9, 0xf9,
0xf7, 0xf4, 0xf1, 0xee, 0xec, 0xec, 0xec, 0xec, 0xee, 0xf4, 0xf6, 0xf6, 0xf6, 0xf6, 0xf6, 0xf4,
0xee, 0xec, 0xec, 0xec, 0xec, 0xee, 0xf1, 0xf4, 0xf7, 0x03, 0xf9, 0xf9, 0xf7, 0xf4, 0x83, 0x2c,
0x2b, 0x01, 0x03, 0x02, 0x01, 0x01, 0x01, 0x01, 0x01, 0x02, 0x03, 0x02, 0x02, 0x03, 0x01, 0x01,
0x01, 0x01, 0x01, 0x02, 0x02, 0x01, 0x02, 0x03, 0x01, 0x01, 0x01, 0x01, 0x01, 0x01, 0x01, 0x03,
0x02, 0x02, 0x02, 0x02, 0x01, 0x01, 0x01, 0x01, 0x01, 0x01, 0x03, 0x01, 0x01, 0x2b, 0xee, 0xfa,
0xee, 0xed, 0xe8, 0xe0, 0xe0, 0xe0, 0xe8, 0xf9, 0x07, 0x0f, 0x20, 0x20, 0x20, 0x18, 0x13, 0x12,
0x06, 0x0e, 0x13, 0xf9, 0xe8, 0xe0, 0xe0, 0xe0, 0xe0, 0xe8, 0xed, 0xee, 0xfa, 0xee, 0x12, 0x06,
0x0e, 0x13, 0x13, 0x18, 0x20, 0x20, 0x20, 0x0f, 0x07, 0x07, 0x2b, 0xf9, 0xe8, 0xe0, 0xe0, 0xe0,
0xe8, 0xed, 0xee, 0xfa, 0xee, 0xee, 0xfa, 0xee, 0xed, 0xe8, 0xe0, 0xe0, 0xe0, 0xe8, 0xf9, 0xf9,
0x12, 0x06, 0x0e, 0x13, 0x13, 0x18, 0x20, 0x20, 0x20, 0x0f, 0x07, 0x07, 0x0f, 0x20, 0x20, 0x20,
0x20, 0x18, 0x13, 0x12, 0x06, 0x0e, 0x13, 0x1f, 0x14, 0x10, 0x14, 0x14, 0x18, 0x18, 0x12, 0x10,
0xf0, 0xea, 0xe8, 0xe8, 0xec, 0xec, 0xf0, 0xec, 0x10, 0x16, 0x18, 0x18, 0x14, 0x14, 0x10, 0x14,
0xec, 0xf0, 0xec, 0xec, 0xe8, 0xe8, 0xee, 0xf0, 0x1f, 0x10, 0x16, 0x18, 0x18, 0x14, 0x14, 0x10,
0x14, 0x14, 0x10, 0x14, 0x14, 0x18, 0x18, 0x12, 0x10, 0xec, 0xf0, 0xec, 0xec, 0xe8, 0xe8, 0xee,
0xf0, 0xf0, 0xea, 0xe8, 0xe8, 0xec, 0xec, 0xf0, 0xec, 0x03, 0x03, 0xf9, 0x03, 0xf6, 0x81, 0x03,
0xf2, 0xec, 0x14, 0x06, 0x81, 0x05, 0x0a, 0xfd, 0x07, 0xfd, 0xec, 0xfa, 0x81, 0x07, 0xf6, 0x03,
0xf9, 0x03, 0xfd, 0x07, 0xfd, 0x0a, 0x81, 0x01, 0x0e, 0x14, 0x01, 0xec, 0xfa, 0x81, 0x07, 0xf6,
0x03, 0xf9, 0x03, 0x03, 0xf9, 0x03, 0xf6, 0x81, 0x05, 0xf2, 0xec, 0xfd, 0x07, 0xfd, 0x0a, 0x81,
0x03, 0x0e, 0x14, 0x14, 0x06, 0x81, 0x03, 0x0a, 0xfd, 0x07, 0xfd, 0x1f, 0x30, 0x16, 0x30, 0x2a,
0x34, 0x34, 0x0f, 0x00, 0x01, 0xdc, 0xcd, 0xcd, 0xd7, 0xd1, 0xeb, 0xd1, 0x00, 0x25, 0x34, 0x34,
0x2a, 0x30, 0x16, 0x30, 0xd1, 0xeb, 0xd1, 0xd7, 0xcd, 0xcd, 0xf2, 0x01, 0x80, 0x15, 0x25, 0x34,
0x34, 0x2a, 0x30, 0x16, 0x30, 0x30, 0x16, 0x30, 0x2a, 0x34, 0x34, 0x0f, 0x00, 0xd0, 0xea, 0xd0,
0xd6, 0xcc, 0xcc, 0xf1, 0x81, 0x06, 0xdb, 0xcc, 0xcc, 0xd6, 0xd0, 0xea, 0xd0, 0x00, 0x3f, 0x0c,
0x03, 0x0c, 0x1a, 0x1a, 0x0c, 0x03, 0xf5, 0xec, 0xde, 0xde, 0xde, 0xde, 0xec, 0xfe, 0x0c, 0x0c,
0xf4, 0xf4, 0xf4, 0x02, 0x14, 0x22, 0x22, 0x22, 0x22, 0x14, 0x0b, 0xfe, 0xf5, 0xe7, 0xe7, 0xf5,
0xfe, 0x0c, 0x0c, 0x0c, 0xfe, 0xec, 0xde, 0xde, 0xde, 0xde, 0xec, 0xf5, 0x03, 0x0c, 0x1a, 0x1a,
0x0c, 0x03, 0xf4, 0xfe, 0xf5, 0xe7, 0xe7, 0xf5, 0xfe, 0x0b, 0x14, 0x22, 0x22, 0x22, 0x22, 0x03,
0x14, 0x02, 0xf4, 0xf4, 0x83, 0x3f, 0x0c, 0x0c, 0x0c, 0xfe, 0xec, 0xde, 0xde, 0xde, 0xde, 0xec,
0xf5, 0x03, 0x0c, 0x1a, 0x1a, 0x0c, 0x03, 0x0c, 0x03, 0x0c, 0x1a, 0x1a, 0x0c, 0x03, 0xf5, 0xec,
0xde, 0xde, 0xde, 0xde, 0xec, 0xfe, 0x0c, 0x0c, 0xf4, 0xfe, 0xf5, 0xe7, 0xe7, 0xf5, 0xfe, 0x0b,
0x14, 0x22, 0x22, 0x22, 0x22, 0x14, 0x02, 0xf4, 0xf4, 0xf4, 0xf4, 0xf4, 0x02, 0x14, 0x22, 0x22,
0x22, 0x22, 0x14, 0x0b, 0xfe, 0xf5, 0x03, 0xe7, 0xe7, 0xf5, 0xfe, 0x83, 0x28, 0x27, 0x01, 0x02,
0x01, 0x02, 0x01, 0x01, 0x01, 0x01, 0x01, 0x02, 0x01, 0x02, 0x02, 0x02, 0x01, 0x02, 0x01, 0x01,
0x02, 0x01, 0x04, 0x01, 0x02, 0x04, 0x01, 0x01, 0x02, 0x01, 0x01, 0x02, 0x01, 0x02, 0x02, 0x04,
0x01, 0x01, 0x03, 0x01, 0x04, 0x01, 0x27, 0xfa, 0xfc, 0xfc, 0xfa, 0xf9, 0xf7, 0xf6, 0xf6, 0xf6,
0xf7, 0xfa, 0xfb, 0x05, 0x06, 0x09, 0x0a, 0x0a, 0x0a, 0x08, 0x06, 0x04, 0x06, 0xfb, 0xf6, 0xf6,
0xf6, 0xf7, 0xf9, 0xfa, 0xfc, 0xfc, 0xfa, 0x06, 0x04, 0x06, 0x08, 0x0a, 0x0a, 0x05, 0x05, 0x27,
0xfb, 0xfa, 0xf7, 0xf6, 0xf6, 0xf6, 0xf7, 0xf9, 0xfa, 0xfc, 0xfc, 0xfa, 0xfa, 0xfc, 0xfc, 0xfa,
0xf9, 0xf7, 0xf6, 0xf6, 0xfb, 0xfb, 0x06, 0x04, 0x06, 0x08, 0x0a, 0x0a, 0x0a, 0x09, 0x06, 0x05,
0x05, 0x0a, 0x0a, 0x0a, 0x08, 0x06, 0x04, 0x06, 0x28, 0x27, 0x01, 0x03, 0x02, 0x01, 0x01, 0x01,
0x01, 0x01, 0x03, 0x02, 0x02, 0x03, 0x02, 0x01, 0x01, 0x02, 0x01, 0x03, 0x01, 0x01, 0x02, 0x03,
0x01, 0x01, 0x01, 0x02, 0x01, 0x01, 0x02, 0x03, 0x02, 0x03, 0x01, 0x01, 0x01, 0x03, 0x01, 0x02,
0x02, 0x01, 0x27, 0x09, 0x03, 0x09, 0x0a, 0x0c, 0x10, 0x10, 0x10, 0x07, 0x04, 0xfd, 0xf3, 0xf0,
0xf0, 0xf0, 0xf7, 0xf7, 0xfd, 0xf9, 0xf7, 0x04, 0x0c, 0x10, 0x10, 0x10, 0x0c, 0x0a, 0x09, 0x03,
0x09, 0xf7, 0xfd, 0xf9, 0xf7, 0xf7, 0xf0, 0xf0, 0xf3, 0xfd, 0xfd, 0x27, 0x04, 0x0c, 0x10, 0x10,
0x10, 0x0c, 0x0a, 0x09, 0x03, 0x09, 0x09, 0x03, 0x09, 0x0a, 0x0c, 0x10, 0x10, 0x07, 0x04, 0x04,
0xf7, 0xfd, 0xf9, 0xf7, 0xf7, 0xf0, 0xf0, 0xf0, 0xf3, 0xfd, 0xfd, 0xf3, 0xf0, 0xf0, 0xf0, 0xf7,
0xf7, 0xfd, 0xf9, 0xf7, 0x28, 0x27, 0x01, 0x02, 0x01, 0x02, 0x01, 0x01, 0x01, 0x01, 0x01, 0x02,
0x01, 0x02, 0x02, 0x02, 0x01, 0x02, 0x01, 0x01, 0x02, 0x01, 0x04, 0x01, 0x02, 0x04, 0x01, 0x01,
0x02, 0x01, 0x01, 0x02, 0x01, 0x02, 0x02, 0x04, 0x01, 0x01, 0x03, 0x01, 0x04, 0x01, 0x27, 0xfa,
0xfc, 0xfc, 0xfa, 0xf9, 0xf7, 0xf6, 0xf6, 0xf6, 0xf7, 0xfa, 0xfb, 0x05, 0x06, 0x09, 0x0a, 0x0a,
0x0a, 0x08, 0x06, 0x04, 0x06, 0xfb, 0xf6, 0xf6, 0xf6, 0xf7, 0xf9, 0xfa, 0xfc, 0xfc, 0xfa, 0x06,
0x04, 0x06, 0x08, 0x0a, 0x0a, 0x05, 0x05, 0x27, 0xfb, 0xfa, 0xf7, 0xf6, 0xf6, 0xf6, 0xf7, 0xf9,
0xfa, 0xfc, 0xfc, 0xfa, 0xfa, 0xfc, 0xfc, 0xfa, 0xf9, 0xf7, 0xf6, 0xf6, 0xfb, 0xfb, 0x06, 0x04,
0x06, 0x08, 0x0a, 0x0a, 0x0a, 0x09, 0x06, 0x05, 0x05, 0x0a, 0x0a, 0x0a, 0x08, 0x06, 0x04, 0x06,
0x00, 0x3f, 0x04, 0x0b, 0x09, 0x04, 0x04, 0x09, 0x0b, 0x0c, 0x0e, 0x14, 0x14, 0x14, 0x14, 0x0e,
0x09, 0x04, 0x04, 0xfc, 0xfc, 0xfc, 0xf6, 0xf1, 0xec, 0xec, 0xec, 0xec, 0xf2, 0xf4, 0xf5, 0xf7,
0xfc, 0xfc, 0xf7, 0xf4, 0x04, 0x04, 0x04, 0x09, 0x0e, 0x14, 0x14, 0x14, 0x14, 0x0e, 0x0c, 0x0b,
0x09, 0x04, 0x04, 0x09, 0x0b, 0xfc, 0xf5, 0xf7, 0xfc, 0xfc, 0xf7, 0xf4, 0xf4, 0xf2, 0xec, 0xec,
0xec, 0xec, 0x03, 0xf1, 0xf6, 0xfc, 0xfc, 0x83, 0x3f, 0x04, 0x04, 0x04, 0x09, 0x0e, 0x14, 0x14,
0x14, 0x14, 0x0e, 0x0c, 0x0b, 0x09, 0x04, 0x04, 0x09, 0x0b, 0x04, 0x0b, 0x09, 0x04, 0x04, 0x09,
0x0b, 0x0c, 0x0e, 0x14, 0x14, 0x14, 0x14, 0x0e, 0x09, 0x04, 0x04, 0xfc, 0xf5, 0xf7, 0xfc, 0xfc,
0xf7, 0xf4, 0xf4, 0xf2, 0xec, 0xec, 0xec, 0xec, 0xf1, 0xf6, 0xfc, 0xfc, 0xfc, 0xfc, 0xfc, 0xf6,
0xf1, 0xec, 0xec, 0xec, 0xec, 0xf2, 0xf4, 0xf5, 0xf7, 0x03, 0xfc, 0xfc, 0xf7, 0xf4, 0x83, 0x03,
0xfe, 0x05, 0xfe, 0x07, 0x81, 0x03, 0x0a, 0x0e, 0xf2, 0xfc, 0x81, 0x05, 0xf9, 0x02, 0xfb, 0x02,
0x0e, 0x04, 0x81, 0x07, 0x07, 0xfe, 0x05, 0xfe, 0x02, 0xfb, 0x02, 0xf9, 0x81, 0x01, 0xf6, 0xf2,
0x01, 0x0e, 0x04, 0x81, 0x07, 0x07, 0xfe, 0x05, 0xfe, 0xfe, 0x05, 0xfe, 0x07, 0x81, 0x05, 0x0a,
0x0e, 0x02, 0xfb, 0x02, 0xf9, 0x81, 0x03, 0xf6, 0xf2, 0xf2, 0xfc, 0x81, 0x03, 0xf9, 0x02, 0xfb,
0x02, 0x2c, 0x2b, 0x01, 0x02, 0x01, 0x02, 0x01, 0x01, 0x01, 0x01, 0x01, 0x02, 0x01, 0x02, 0x02,
0x02, 0x03, 0x01, 0x01, 0x02, 0x02, 0x01, 0x01, 0x01, 0x01, 0x02, 0x01, 0x01, 0x01, 0x01, 0x02,
0x02, 0x01, 0x01, 0x03, 0x02, 0x02, 0x01, 0x01, 0x02, 0x02, 0x03, 0x02, 0x02, 0x01, 0x01, 0x2b,
0xff, 0xfa, 0xfa, 0xff, 0x03, 0x05, 0x09, 0x09, 0x09, 0x05, 0x01, 0xfd, 0x03, 0xff, 0xf8, 0xf8,
0xf8, 0xfd, 0x02, 0x06, 0x06, 0x02, 0x01, 0xfd, 0xfd, 0x01, 0x05, 0x09, 0x09, 0x05, 0x03, 0xff,
0xfa, 0xff, 0x01, 0x02, 0x06, 0x02, 0xfd, 0xf8, 0xf8, 0xff, 0x03, 0x03, 0x2b, 0xfd, 0x01, 0x05,
0x09, 0x09, 0x09, 0x05, 0x03, 0xff, 0xfa, 0xfa, 0xff, 0xff, 0xfa, 0xff, 0x03, 0x05, 0x09, 0x09,
0x05, 0x01, 0xfd, 0xfd, 0x01, 0x02, 0x06, 0x06, 0x02, 0xfd, 0xf8, 0xf8, 0xf8, 0xff, 0x03, 0x03,
0x03, 0xff, 0xf8, 0xf8, 0xfd, 0x02, 0x06, 0x02, 0x01, 0x00, 0x80, 0x0c, 0x00, 0x34, 0x00, 0x3c,
0x00, 0x09, 0x00, 0x3c, 0x00, 0x06, 0x00, 0x2b, 0x20, 0x05, 0x00, 0x3c, 0x00, 0x02, 0x00, 0x3c,
0x00, 0x01, 0x00, 0x3c, 0x00, 0x00, 0x00, 0x3c, 0x00, 0x0b, 0x00, 0x3c, 0x00, 0x08, 0x00, 0x3c,
0x00, 0x0a, 0x00, 0x3c, 0x00, 0x07, 0x00, 0x3a, 0x20, 0x04, 0x00, 0x3a, 0x20, 0x03, 0x00, 0x1b,
0x02, 0xfc, 0xfb, 0xfc, 0xfd, 0xfe, 0x02, 0x03, 0x11, 0x12, 0x11, 0x11, 0x12, 0x11, 0x03, 0x03,
0xfe, 0xfd, 0xfc, 0xfc, 0xfd, 0x02, 0xf1, 0xee, 0xec, 0xec, 0xee, 0xf1, 0x83, 0x1b, 0x05, 0x0b,
0x0c, 0x10, 0x11, 0x11, 0x12, 0x11, 0x03, 0x02, 0x01, 0xff, 0xfe, 0xfd, 0xef, 0xef, 0xef, 0xef,
0xf0, 0xf5, 0xf6, 0xfb, 0xfb, 0xfb, 0xfd, 0x03, 0x05, 0x05, 0x83, 0x1b, 0x14, 0x08, 0x0c, 0x0d,
0x09, 0x05, 0xf9, 0xf5, 0xe9, 0xe7, 0xe5, 0xe5, 0xe7, 0xe9, 0xf7, 0xfc, 0x07, 0x0b, 0x0f, 0x0f,
0x0b, 0x14, 0x13, 0x18, 0x20, 0x20, 0x18, 0x13, 0x83, 0x1b, 0xf2, 0xfe, 0xfa, 0xee, 0xea, 0xe5,
0xe6, 0xea, 0xf6, 0xf8, 0xfc, 0x02, 0x06, 0x08, 0x16, 0x1b, 0x1b, 0x16, 0x12, 0x07, 0x03, 0x0c,
0x0c, 0x0c, 0x04, 0xfa, 0xf2, 0xf2, 0x83, 0x0d, 0x0c, 0x00, 0x02, 0x01, 0x02, 0x01, 0x06, 0x01,
0x01, 0x01, 0x02, 0x02, 0x02, 0x04, 0x0c, 0x11, 0xfc, 0xfd, 0xff, 0x02, 0x1e, 0x1d, 0x03, 0x03,
0xfe, 0xfd, 0x11, 0xe0, 0x0c, 0x04, 0x19, 0x1c, 0x1d, 0x1e, 0xfe, 0xfd, 0xe3, 0xe3, 0xe3, 0xe8,
0xfc, 0x02, 0x17, 0xd9, 0xf8, 0xf5, 0xf6, 0xf9, 0xfc, 0x04, 0x07, 0xf9, 0xfa, 0xfb, 0xfb, 0xfa,
0xf9, 0x07, 0x05, 0xfc, 0xf9, 0xf6, 0xf6, 0xf9, 0xd9, 0x0a, 0x06, 0x81, 0x01, 0x06, 0x0a, 0x83,
0x1b, 0x0a, 0xeb, 0xee, 0xf6, 0xf9, 0xfb, 0xfc, 0xf9, 0x07, 0x06, 0x02, 0xfe, 0xfa, 0xf9, 0x07,
0x05, 0x05, 0x07, 0x0a, 0x13, 0x16, 0xf6, 0xf6, 0xf6, 0xfc, 0x04, 0x0a, 0x0a, 0x83, 0x1b, 0xd1,
0xed, 0xe5, 0xe7, 0xee, 0xf5, 0x0b, 0x12, 0x2d, 0x2e, 0x2f, 0x2f, 0x2e, 0x2d, 0x12, 0x0b, 0xf5,
0xee, 0xe7, 0xe7, 0xee, 0xd1, 0xe6, 0xdb, 0xcc, 0xcc, 0xdb, 0xe6, 0x83, 0x1b, 0x1a, 0xfe, 0x06,
0x1b, 0x22, 0x28, 0x29, 0x22, 0x07, 0x06, 0x02, 0xfe, 0xfa, 0xf9, 0xde, 0xd7, 0xd8, 0xde, 0xe5,
0xfc, 0x03, 0xe6, 0xe6, 0xe6, 0xf5, 0x0b, 0x1a, 0x1a, 0x83, 0x1b, 0x37, 0x10, 0x17, 0x18, 0x11,
0x0a, 0xf6, 0xef, 0xef, 0xec, 0xe7, 0xe7, 0xec, 0xef, 0xf0, 0xf8, 0x0a, 0x11, 0x18, 0x18, 0x11,
0x37, 0x0b, 0x14, 0x22, 0x22, 0x14, 0x0b, 0x83, 0x1b, 0xe9, 0x10, 0x09, 0xf5, 0xee, 0xe7, 0xe8,
0xef, 0xef, 0xf2, 0xfc, 0x04, 0x0e, 0x11, 0x12, 0x1a, 0x1a, 0x12, 0x0b, 0xf8, 0xf1, 0x17, 0x17,
0x17, 0x09, 0xf7, 0xe9, 0xe9, 0x83, 0x1b, 0xff, 0x02, 0x02, 0x02, 0x02, 0x01, 0xff, 0xff, 0xf8,
0xf7, 0xf8, 0xf8, 0xf7, 0xf8, 0xff, 0xfe, 0x01, 0x02, 0x02, 0x02, 0x02, 0xff, 0x08, 0x09, 0x0a,
0x0a, 0x09, 0x08, 0x83, 0x1b, 0xfe, 0xfb, 0xfa, 0xf8, 0xf8, 0xf8, 0xf7, 0xf8, 0xff, 0xff, 0xff,
0x01, 0x01, 0x02, 0x09, 0x08, 0x08, 0x09, 0x08, 0x05, 0x05, 0x03, 0x03, 0x03, 0x02, 0xfe, 0xfe,
0xfe, 0x83, 0x1b, 0xf6, 0xfc, 0xfa, 0xf9, 0xfc, 0xfe, 0x03, 0x06, 0x0c, 0x0d, 0x0e, 0x0e, 0x0d,
0x0c, 0x05, 0x02, 0xfd, 0xfb, 0xf8, 0xf8, 0xfb, 0xf6, 0xf7, 0xf4, 0xf0, 0xf0, 0xf4, 0xf7, 0x83,
0x1b, 0x07, 0x01, 0x03, 0x09, 0x0b, 0x0e, 0x0d, 0x0b, 0x05, 0x03, 0x02, 0xff, 0xfe, 0xfc, 0xf5,
0xf2, 0xf2, 0xf5, 0xf7, 0xfc, 0xff, 0xfa, 0xfa, 0xfa, 0xfe, 0x03, 0x07, 0x07, 0x83, 0x1b, 0xff,
0x02, 0x02, 0x01, 0x02, 0x02, 0xfe, 0xff, 0xf8, 0xf7, 0xf8, 0xf8, 0xf7, 0xf8, 0xff, 0xfe, 0x02,
0x02, 0x01, 0x01, 0x02, 0xff, 0x08, 0x09, 0x0a, 0x0a, 0x09, 0x08, 0x83, 0x1b, 0xfe, 0xfb, 0xfa,
0xf7, 0xf8, 0xf8, 0xf8, 0xf8, 0xff, 0xff, 0xff, 0x01, 0x01, 0x02, 0x09, 0x08, 0x08, 0x09, 0x09,
0x05, 0x05, 0x03, 0x03, 0x03, 0x02, 0xfe, 0xfe, 0xfe, 0x83, 0x1b, 0xf4, 0xfb, 0xf8, 0xf8, 0xfa,
0xfd, 0x04, 0x07, 0x0e, 0x10, 0x11, 0x11, 0x10, 0x0e, 0x06, 0x02, 0xfc, 0xf9, 0xf7, 0xf7, 0xf9,
0xf4, 0xf4, 0xf2, 0xec, 0xec, 0xf2, 0xf4, 0x83, 0x1b, 0x09, 0x01, 0x04, 0x0b, 0x0e, 0x11, 0x10,
0x0e, 0x06, 0x05, 0x02, 0xff, 0xfc, 0xfb, 0xf2, 0xef, 0xef, 0xf2, 0xf5, 0xfb, 0xfe, 0xf9, 0xf9,
0xf9, 0xfe, 0x03, 0x09, 0x09, 0x83, 0x12, 0x11, 0x00, 0x01, 0x02, 0x02, 0x01, 0x01, 0x02, 0x02,
0x01, 0x02, 0x01, 0x02, 0x02, 0x01, 0x01, 0x01, 0x03, 0x02, 0x11, 0x1b, 0x06, 0x07, 0x03, 0xfd,
0xfb, 0x05, 0x04, 0x05, 0xfb, 0xfc, 0x05, 0x07, 0x05, 0x1b, 0xf9, 0x00, 0xf9, 0x11, 0xf9, 0x0f,
0x07, 0x04, 0x03, 0x05, 0xfb, 0x02, 0x05, 0xfb, 0xfc, 0xfb, 0xf2, 0xf1, 0x07, 0x07, 0xfd, 0xf9,
0x12, 0x11, 0x00, 0x01, 0x02, 0x02, 0x02, 0x01, 0x03, 0x02, 0x01, 0x02, 0x01, 0x01, 0x02, 0x01,
0x01, 0x02, 0x01, 0x02, 0x11, 0xf2, 0xfc, 0xfa, 0xfe, 0x04, 0x04, 0x06, 0x04, 0x04, 0xfe, 0xfc,
0xfa, 0xfc, 0xf2, 0xfd, 0xf8, 0xf8, 0xfd, 0x11, 0x06, 0xfc, 0x03, 0x06, 0x04, 0x04, 0xff, 0xfc,
0xfc, 0xf9, 0xfc, 0xfd, 0x04, 0xfa, 0xfa, 0xfe, 0x02, 0x06, 0x80, 0x0c, 0x00, 0x34, 0x00, 0x44,
0x00, 0x09, 0x00, 0x44, 0x00, 0x06, 0x00, 0x44, 0x00, 0x05, 0x00, 0x43, 0x00, 0x02, 0x00, 0x44,
0x00, 0x01, 0x00, 0x44, 0x00, 0x00, 0x00, 0x44, 0x00, 0x0b, 0x00, 0x44, 0x00, 0x08, 0x00, 0x44,
0x00, 0x0a, 0x00, 0x44, 0x00, 0x07, 0x00, 0x43, 0x00, 0x04, 0x00, 0x44, 0x00, 0x03, 0x00, 0x80,
0x1e, 0x03, 0x03, 0x09, 0x09, 0x0a, 0x0b, 0x0a, 0x06, 0x0a, 0x0b, 0x0b, 0x0a, 0x09, 0x03, 0x03,
0x00, 0xfd, 0xfd, 0xf7, 0xf7, 0xf6, 0xf5, 0xf6, 0xfa, 0xf6, 0xf5, 0xf5, 0xf6, 0xf7, 0xfd, 0xfd,
0x83, 0x1f, 0x06, 0x09, 0x09, 0x0a, 0x0a, 0x0a, 0x03, 0x02, 0x00, 0xfe, 0xfd, 0xf6, 0xf6, 0xf6,
0xf7, 0xf7, 0xfa, 0xf7, 0xf7, 0xf6, 0xf6, 0xf6, 0xfd, 0xfe, 0x00, 0x02, 0x03, 0x0a, 0x0a, 0x0a,
0x09, 0x09, 0x83, 0x1f, 0x01, 0x06, 0x01, 0xf7, 0xf2, 0xee, 0xef, 0xf3, 0xed, 0xf2, 0xee, 0xee,
0xf2, 0xf7, 0x01, 0x06, 0x01, 0xfa, 0xff, 0x09, 0x0e, 0x12, 0x11, 0x0d, 0x13, 0x0d, 0x11, 0x12,
0x0e, 0x09, 0xff, 0xfa, 0x83, 0x1f, 0xee, 0xf2, 0xed, 0xee, 0xf3, 0xf8, 0x00, 0x05, 0x00, 0xfd,
0x02, 0x0a, 0x0f, 0x14, 0x15, 0x10, 0x14, 0x10, 0x15, 0x14, 0x0f, 0x0a, 0x02, 0xfd, 0x00, 0x05,
0x01, 0xf8, 0xf3, 0xee, 0xed, 0xf2, 0x83, 0x80, 0x1e, 0x20, 0x20, 0x26, 0x26, 0x26, 0x26, 0x26,
0x05, 0x25, 0x25, 0x26, 0x26, 0x26, 0x21, 0x21, 0x00, 0xe0, 0xe0, 0xdb, 0xdb, 0xdb, 0xdb, 0xdb,
0xfb, 0xdb, 0xdb, 0xdb, 0xdb, 0xdb, 0xe0, 0xe0, 0x83, 0x1f, 0x05, 0x25, 0x25, 0x26, 0x26, 0x26,
0x21, 0x21, 0x00, 0xe0, 0xe0, 0xdb, 0xdb, 0xdb, 0xdb, 0xdb, 0xfb, 0xdb, 0xdb, 0xdb, 0xdb, 0xdb,
0xe0, 0xe0, 0x00, 0x20, 0x20, 0x26, 0x26, 0x26, 0x26, 0x26, 0x83, 0x80, 0x1e, 0xf2, 0xf4, 0xfe,
0x00, 0x02, 0x02, 0x00, 0x0e, 0x00, 0x02, 0x02, 0x00, 0xfe, 0xf4, 0xf2, 0x00, 0x0e, 0x0c, 0x02,
0x00, 0xfe, 0xfe, 0x00, 0xf2, 0x00, 0xfe, 0xfe, 0x00, 0x02, 0x0c, 0x0e, 0x83, 0x1e, 0x0e, 0x00,
0x02, 0x02, 0x00, 0xfe, 0xf4, 0xf2, 0x00, 0x0e, 0x0c, 0x02, 0x00, 0xfe, 0xfe, 0x00, 0xf2, 0x00,
0xfe, 0xfe, 0x00, 0x02, 0x0c, 0x0e, 0x00, 0xf2, 0xf4, 0xfe, 0x00, 0x02, 0x02, 0x84, 0x80, 0x1e,
0xee, 0xf5, 0x0c, 0x12, 0x18, 0x18, 0x12, 0x24, 0x12, 0x19, 0x18, 0x12, 0x0c, 0xf4, 0xee, 0x00,
0x12, 0x0b, 0xf4, 0xee, 0xe8, 0xe8, 0xee, 0xdc, 0xee, 0xe7, 0xe8, 0xee, 0xf4, 0x0c, 0x12, 0x83,
0x1f, 0x24, 0x12, 0x19, 0x18, 0x12, 0x0c, 0xf4, 0xee, 0x00, 0x12, 0x0b, 0xf4, 0xee, 0xe8, 0xe8,
0xee, 0xdc, 0xee, 0xe7, 0xe8, 0xee, 0xf4, 0x0c, 0x12, 0x00, 0xee, 0xf5, 0x0c, 0x12, 0x18, 0x18,
0x12, 0x83, 0x80, 0x1e, 0x10, 0x09, 0xf7, 0xf0, 0xe9, 0xe9, 0xf0, 0xe0, 0xf0, 0xe9, 0xe9, 0xf0,
0xf7, 0x09, 0x10, 0x00, 0xf0, 0xf7, 0x09, 0x10, 0x17, 0x17, 0x10, 0x20, 0x10, 0x17, 0x17, 0x10,
0x09, 0xf7, 0xf0, 0x83, 0x1f, 0xe0, 0xf0, 0xe9, 0xe9, 0xf0, 0xf7, 0x09, 0x10, 0x00, 0xf0, 0xf7,
0x09, 0x10, 0x17, 0x17, 0x10, 0x20, 0x10, 0x17, 0x17, 0x10, 0x09, 0xf7, 0xf0, 0x00, 0x10, 0x09,
0xf7, 0xf0, 0xe9, 0xe9, 0xf0, 0x83, 0x80, 0x1e, 0xff, 0xff, 0xfb, 0xfc, 0xfb, 0xfb, 0xfb, 0xfd,
0xfb, 0xfb, 0xfb, 0xfb, 0xfb, 0xff, 0xff, 0x00, 0x02, 0x01, 0x05, 0x05, 0x05, 0x05, 0x05, 0x03,
0x05, 0x05, 0x05, 0x05, 0x05, 0x01, 0x02, 0x83, 0x1f, 0xfd, 0xfc, 0xfc, 0xfb, 0xfb, 0xfb, 0xff,
0xff, 0x00, 0x01, 0x01, 0x05, 0x05, 0x05, 0x04, 0x05, 0x03, 0x05, 0x04, 0x05, 0x05, 0x05, 0x01,
0x01, 0x00, 0xff, 0xff, 0xfb, 0xfb, 0xfb, 0xfc, 0xfc, 0x83, 0x80, 0x1e, 0xfd, 0x00, 0x04, 0x07,
0x09, 0x09, 0x07, 0x0a, 0x07, 0x09, 0x09, 0x07, 0x04, 0x00, 0xfd, 0x00, 0x03, 0x00, 0xfc, 0xf9,
0xf7, 0xf7, 0xfa, 0xf7, 0xfa, 0xf7, 0xf7, 0xf9, 0xfc, 0x00, 0x03, 0x83, 0x1f, 0x09, 0x07, 0x0a,
0x09, 0x07, 0x04, 0x00, 0xfe, 0x00, 0x02, 0xff, 0xfb, 0xf9, 0xf6, 0xf5, 0xf8, 0xf6, 0xf8, 0xf5,
0xf6, 0xf9, 0xfb, 0xff, 0x02, 0x00, 0xfe, 0x00, 0x04, 0x07, 0x09, 0x0a, 0x07, 0x83, 0x80, 0x1e,
0xff, 0xff, 0xfb, 0xfc, 0xfc, 0xfb, 0xfb, 0xfd, 0xfb, 0xfb, 0xfb, 0xfb, 0xfb, 0xff, 0xff, 0x00,
0x02, 0x01, 0x05, 0x05, 0x04, 0x05, 0x05, 0x03, 0x05, 0x05, 0x05, 0x05, 0x05, 0x01, 0x02, 0x83,
0x1f, 0xfd, 0xfc, 0xfc, 0xfc, 0xfb, 0xfa, 0xff, 0xff, 0x00, 0x01, 0x01, 0x06, 0x05, 0x04, 0x04,
0x05, 0x03, 0x05, 0x04, 0x04, 0x05, 0x06, 0x01, 0x01, 0x00, 0xff, 0xff, 0xfa, 0xfb, 0xfc, 0xfc,
0xfc, 0x83, 0x1f, 0xff, 0xfc, 0xff, 0x05, 0x09, 0x0b, 0x0a, 0x08, 0x0c, 0x09, 0x0b, 0x0b, 0x09,
0x05, 0xff, 0xfc, 0xff, 0x04, 0x01, 0xfb, 0xf7, 0xf5, 0xf6, 0xf8, 0xf4, 0xf8, 0xf6, 0xf5, 0xf7,
0xfb, 0x01, 0x04, 0x83, 0x1f, 0x0b, 0x09, 0x0c, 0x0b, 0x08, 0x05, 0x00, 0xfd, 0x00, 0x02, 0xff,
0xfa, 0xf7, 0xf4, 0xf3, 0xf6, 0xf4, 0xf6, 0xf3, 0xf4, 0xf7, 0xfa, 0xff, 0x02, 0x00, 0xfd, 0xff,
0x05, 0x08, 0x0b, 0x0c, 0x09, 0x83, 0x80, 0x1e, 0x0a, 0x09, 0x01, 0x00, 0xff, 0xff, 0x00, 0xf6,
0x00, 0xff, 0xff, 0x00, 0x01, 0x09, 0x0a, 0x00, 0xf6, 0xf7, 0xff, 0x00, 0x01, 0x01, 0x00, 0x0a,
0x00, 0x01, 0x01, 0x00, 0xff, 0xf7, 0xf6, 0x83, 0x1e, 0xf6, 0x00, 0xff, 0xff, 0x00, 0x01, 0x09,
0x0a, 0x00, 0xf6, 0xf7, 0xff, 0x00, 0x01, 0x01, 0x00, 0x0a, 0x00, 0x01, 0x01, 0x00, 0xff, 0xf7,
0xf6, 0x00, 0x0a, 0x09, 0x01, 0x00, 0xff, 0xff, 0x84, 0x80, 0x1e, 0xfc, 0xfe, 0x02, 0x04, 0x06,
0x06, 0x04, 0x08, 0x04, 0x06, 0x06, 0x04, 0x02, 0xfe, 0xfc, 0x00, 0x04, 0x02, 0xfe, 0xfc, 0xfa,
0xfa, 0xfc, 0xf8, 0xfc, 0xfa, 0xfa, 0xfc, 0xfe, 0x02, 0x04, 0x83, 0x1f, 0x08, 0x04, 0x06, 0x06,
0x04, 0x02, 0xfe, 0xfc, 0x00, 0x04, 0x02, 0xfe, 0xfc, 0xfa, 0xfa, 0xfc, 0xf8, 0xfc, 0xfa, 0xfa,
0xfc, 0xfe, 0x02, 0x04, 0x00, 0xfc, 0xfe, 0x02, 0x04, 0x06, 0x06, 0x04, 0x83, 0x00, 0x80, 0x18,
0x00, 0x64, 0x00, 0x12, 0x00, 0x0d, 0x00, 0x83, 0x00, 0x09, 0x00, 0x83, 0x00, 0x06, 0x00, 0x7f,
0x20, 0x05, 0x00, 0x7c, 0x00, 0x02, 0x00, 0x78, 0x20, 0x01, 0x00, 0x83, 0x00, 0x00, 0x00, 0x12,
0x00, 0x14, 0x00, 0x12, 0x00, 0x18, 0x00, 0x12, 0x00, 0x0c, 0x00, 0x12, 0x00, 0x0f, 0x00, 0x12,
0x00, 0x0e, 0x00, 0x83, 0x00, 0x0b, 0x00, 0x83, 0x00, 0x08, 0x00, 0x82, 0x00, 0x0a, 0x00, 0x83,
0x00, 0x07, 0x00, 0x7c, 0x00, 0x04, 0x00, 0x7f, 0x20, 0x03, 0x00, 0x12, 0x00, 0x16, 0x00, 0x12,
0x00, 0x13, 0x00, 0x12, 0x00, 0x15, 0x00, 0x12, 0x00, 0x12, 0x00, 0x12, 0x00, 0x11, 0x00, 0x12,
0x00, 0x10, 0x00, 0xbb, 0x05, 0x64, 0x0e, 0x9c, 0x9c, 0x0e, 0x64, 0x83, 0xbb, 0x05, 0x82, 0xd8,
0xd8, 0x28, 0x28, 0x7e, 0x83, 0x3f, 0xe8, 0xe8, 0xf0, 0xf7, 0xf9, 0xfd, 0xfd, 0xfc, 0xf6, 0xf3,
0xe9, 0xde, 0xde, 0xe9, 0xf3, 0xf6, 0xfc, 0xfd, 0xfd, 0xf9, 0xf7, 0xf0, 0xe8, 0x18, 0x1d, 0x20,
0x22, 0x22, 0x22, 0x22, 0x20, 0x1d, 0x18, 0x10, 0x0e, 0x08, 0x08, 0x08, 0x08, 0x0e, 0x10, 0x02,
0x02, 0xfe, 0xf9, 0xfa, 0xfe, 0xfe, 0xfe, 0xfe, 0xfa, 0xf9, 0xfe, 0x02, 0x12, 0x13, 0x18, 0x18,
0x13, 0x12, 0x15, 0x15, 0x15, 0x15, 0x01, 0x15, 0x15, 0x83, 0x28, 0xff, 0xf7, 0xeb, 0xe9, 0xe8,
0xe4, 0xe2, 0xe0, 0xde, 0xdf, 0xe2, 0xf4, 0x0a, 0x1c, 0x1f, 0x20, 0x1e, 0x1c, 0x1a, 0x16, 0x15,
0x13, 0x07, 0x0c, 0x0c, 0x0c, 0x0a, 0x07, 0xf9, 0xf6, 0xf4, 0xf4, 0xf4, 0xec, 0xea, 0xed, 0xf1,
0x0f, 0x13, 0x16, 0x14, 0x81, 0x10, 0x01, 0x04, 0x05, 0x04, 0x02, 0xfc, 0xfa, 0xf9, 0xfa, 0xfe,
0x00, 0xfd, 0xfe, 0xfe, 0x02, 0x02, 0x03, 0x89, 0x3f, 0x20, 0x20, 0x0b, 0xfc, 0xf7, 0xf1, 0xf3,
0xf5, 0xfd, 0x01, 0x1a, 0x3a, 0x3a, 0x1a, 0x01, 0xfd, 0xf5, 0xf3, 0xf1, 0xf7, 0xfc, 0x0b, 0x20,
0xd4, 0xd3, 0xce, 0xc6, 0xc6, 0xc6, 0xc6, 0xce, 0xd3, 0xd4, 0xd9, 0xdf, 0xf0, 0xf0, 0xf0, 0xf0,
0xdf, 0xd9, 0xfc, 0xfc, 0xfc, 0xf8, 0xf5, 0xf0, 0xf0, 0xf0, 0xf0, 0xf5, 0xf8, 0xfc, 0xfc, 0xd6,
0xde, 0xe0, 0xe0, 0xde, 0xd6, 0xdb, 0xdb, 0xdb, 0xdb, 0x01, 0xdb, 0xdb, 0x83, 0x3b, 0x01, 0x11,
0x28, 0x2c, 0x2d, 0x37, 0x3c, 0x41, 0x49, 0x48, 0x43, 0x1b, 0xe7, 0xbf, 0xba, 0xb9, 0xc1, 0xc6,
0xcb, 0xd5, 0xd6, 0xda, 0xf1, 0xec, 0xec, 0xec, 0xf4, 0xf9, 0x07, 0x0c, 0x14, 0x14, 0x14, 0x1b,
0x22, 0x1a, 0x12, 0xee, 0xe6, 0xde, 0xe5, 0x00, 0xfd, 0xfb, 0xf8, 0xf6, 0xfa, 0xfd, 0x01, 0x04,
0x08, 0x06, 0x04, 0x03, 0xf4, 0xfa, 0xfa, 0x06, 0x06, 0x0c, 0x89, 0x29, 0x28, 0x01, 0x01, 0x02,
0x01, 0x01, 0x01, 0x01, 0x02, 0x01, 0x02, 0x02, 0x01, 0x01, 0x01, 0x01, 0x02, 0x02, 0x04, 0x01,
0x04, 0x01, 0x01, 0x04, 0x01, 0x01, 0x02, 0x01, 0x01, 0x01, 0x01, 0x03, 0x01, 0x01, 0x01, 0x01,
0x01, 0x01, 0x02, 0x01, 0x01, 0x01, 0x28, 0xf0, 0xf2, 0xf7, 0xf7, 0xf8, 0xf8, 0xf8, 0xf1, 0xe8,
0xf1, 0xf8, 0xf8, 0xf8, 0xf7, 0xf7, 0xf2, 0x08, 0x18, 0x18, 0x08, 0x07, 0x05, 0x00, 0x05, 0x07,
0xf4, 0xf6, 0xf4, 0xf5, 0xf8, 0xf8, 0xf5, 0xf4, 0xf6, 0xf4, 0x08, 0x04, 0x10, 0x04, 0x08, 0x0b,
0x28, 0xfb, 0xf3, 0xf1, 0xef, 0xee, 0xed, 0xeb, 0xee, 0xf8, 0x11, 0x14, 0x12, 0x11, 0x10, 0x0e,
0x0c, 0x18, 0x14, 0xec, 0xe8, 0xe7, 0xe5, 0x19, 0x1b, 0x19, 0x05, 0x02, 0x06, 0x07, 0x05, 0xf9,
0xf7, 0xf8, 0xfe, 0xfb, 0xf4, 0xf0, 0x10, 0x10, 0x0c, 0x00, 0x0a, 0x14, 0x14, 0x03, 0xf8, 0xfb,
0xff, 0xff, 0xfe, 0xf8, 0xf5, 0xf9, 0x81, 0x0c, 0xf9, 0xf5, 0xf8, 0xfe, 0xff, 0xff, 0xfb, 0xf8,
0x03, 0x14, 0x00, 0xf6, 0xfa, 0x83, 0x04, 0xfa, 0xf6, 0x00, 0x11, 0x0c, 0x83, 0x01, 0x0c, 0x11,
0x81, 0x16, 0xf2, 0xe2, 0xe4, 0xec, 0xec, 0xec, 0xec, 0xe4, 0xe2, 0xf2, 0x00, 0x14, 0xf9, 0xec,
0xec, 0xf9, 0x14, 0xfe, 0xfe, 0xfe, 0xfe, 0xfe, 0xfe, 0x83, 0x80, 0x15, 0x0b, 0x18, 0x18, 0x16,
0x0f, 0x0b, 0x07, 0x02, 0x04, 0x06, 0x03, 0xfd, 0xfa, 0xfc, 0xfe, 0xf9, 0xf5, 0xf1, 0xea, 0xe8,
0xe8, 0xf5, 0x82, 0x03, 0xfa, 0xf6, 0x0a, 0x06, 0x82, 0x1a, 0x11, 0x0c, 0x12, 0x19, 0xe7, 0xee,
0xf4, 0xef, 0x00, 0xf6, 0xed, 0xef, 0xf1, 0xf0, 0xec, 0x13, 0x0f, 0x0e, 0x10, 0x13, 0x09, 0x2a,
0x14, 0x14, 0xec, 0xec, 0xd5, 0x89, 0x27, 0x26, 0x00, 0x03, 0x01, 0x01, 0x02, 0x01, 0x01, 0x01,
0x02, 0x01, 0x01, 0x01, 0x01, 0x02, 0x01, 0x01, 0x03, 0x01, 0x03, 0x01, 0x03, 0x01, 0x01, 0x01,
0x02, 0x01, 0x02, 0x01, 0x03, 0x02, 0x01, 0x01, 0x01, 0x01, 0x01, 0x02, 0x01, 0x01, 0x06, 0x26,
0xf0, 0xee, 0xf7, 0xff, 0xfa, 0xe9, 0xe0, 0xcf, 0xbc, 0xcf, 0xe0, 0xe9, 0xfa, 0xff, 0xf7, 0xee,
0x26, 0x3a, 0x44, 0x44, 0x3a, 0x26, 0x06, 0xfa, 0xdc, 0xdc, 0xfa, 0x06, 0xee, 0xfe, 0x04, 0x04,
0x04, 0x04, 0xfe, 0xee, 0xdc, 0x10, 0x10, 0x80, 0x23, 0xfc, 0xf8, 0xe5, 0xd1, 0xc5, 0xc9, 0xce,
0x13, 0x32, 0x37, 0x3b, 0x2f, 0x1b, 0x08, 0x04, 0x34, 0x34, 0x2a, 0xd6, 0xcc, 0xcc, 0xac, 0xa0,
0xbf, 0x41, 0x60, 0x54, 0x21, 0x25, 0x20, 0x1c, 0xe4, 0xe0, 0xdb, 0xe0, 0xf4, 0x81, 0x3f, 0x1a,
0x1a, 0x1b, 0x1d, 0x1b, 0x1b, 0x1d, 0x1e, 0x23, 0x25, 0x27, 0x29, 0x29, 0x27, 0x25, 0x23, 0x1e,
0x1d, 0x1b, 0x1b, 0x1d, 0x1b, 0x1a, 0xeb, 0xee, 0xe5, 0xd7, 0xd7, 0xd7, 0xd7, 0xe5, 0xee, 0xeb,
0xf2, 0xfd, 0x1a, 0x1a, 0x1a, 0x1a, 0xfd, 0xf2, 0x29, 0x29, 0x25, 0x21, 0x1e, 0x1a, 0x1a, 0x1a,
0x1a, 0x1e, 0x21, 0x25, 0x29, 0xec, 0xfd, 0x05, 0x05, 0xfd, 0xec, 0xf8, 0xf8, 0xf8, 0xf8, 0x01,
0xf8, 0xf8, 0x83, 0x80, 0x3a, 0xfe, 0xfd, 0xfe, 0xff, 0x05, 0x08, 0x0b, 0x0d, 0x0c, 0x08, 0x03,
0xfd, 0xf8, 0xf4, 0xf3, 0xf5, 0xf8, 0xfb, 0x01, 0x02, 0x03, 0x02, 0xde, 0xde, 0xde, 0xec, 0xf5,
0x0b, 0x14, 0x22, 0x22, 0x22, 0x29, 0x34, 0x29, 0x1a, 0xe6, 0xd7, 0xcc, 0xd7, 0x00, 0xfe, 0xfb,
0xf8, 0xf6, 0xfa, 0xfd, 0x03, 0x06, 0x09, 0x07, 0x04, 0x02, 0xe3, 0xf4, 0xf4, 0x0c, 0x0c, 0x1d,
0x89, 0xbb, 0x05, 0xfd, 0xfe, 0x03, 0x03, 0xfe, 0xfd, 0x83, 0xbb, 0x05, 0x03, 0x02, 0x02, 0xfe,
0xfe, 0xfd, 0x83, 0xbb, 0x05, 0xfb, 0x03, 0x05, 0x05, 0x03, 0xfb, 0x83, 0xbb, 0x05, 0x0c, 0x06,
0x06, 0xfa, 0xfa, 0xf4, 0x83, 0xbb, 0x05, 0xfd, 0xf9, 0x05, 0x05, 0xf9, 0xfd, 0x83, 0xbb, 0x05,
0x0c, 0x10, 0x10, 0xf0, 0xf0, 0xf4, 0x83, 0xbb, 0x05, 0x16, 0xfb, 0xee, 0xee, 0xfb, 0x16, 0x83,
0xbb, 0x05, 0xd5, 0xec, 0xec, 0x14, 0x14, 0x2a, 0x83, 0xbb, 0x05, 0xf4, 0x05, 0x0d, 0x0d, 0x05,
0xf4, 0x83, 0xbb, 0x05, 0x1d, 0x0c, 0x0c, 0xf4, 0xf4, 0xe3, 0x83, 0x3f, 0x0c, 0x0c, 0x08, 0x05,
0x04, 0x01, 0x02, 0x02, 0x05, 0x07, 0x0c, 0x11, 0x11, 0x0c, 0x07, 0x05, 0x02, 0x02, 0x01, 0x04,
0x05, 0x08, 0x0c, 0xf4, 0xf2, 0xf0, 0xef, 0xef, 0xef, 0xef, 0xf0, 0xf2, 0xf4, 0xf8, 0xf9, 0xfc,
0xfc, 0xfc, 0xfc, 0xf9, 0xf8, 0xff, 0xff, 0x01, 0x04, 0x03, 0x01, 0x01, 0x01, 0x01, 0x03, 0x04,
0x01, 0xff, 0xf7, 0xf7, 0xf4, 0xf4, 0xf7, 0xf7, 0xf6, 0xf6, 0xf6, 0xf6, 0x01, 0xf6, 0xf6, 0x83,
0x28, 0x01, 0x04, 0x0b, 0x0c, 0x0c, 0x0e, 0x0f, 0x10, 0x11, 0x11, 0x0f, 0x06, 0xfb, 0xf2, 0xf1,
0xf0, 0xf1, 0xf2, 0xf3, 0xf5, 0xf6, 0xf6, 0xfd, 0xfa, 0xfa, 0xfa, 0xfb, 0xfd, 0x04, 0x05, 0x06,
0x06, 0x06, 0x0a, 0x0b, 0x0a, 0x08, 0xf9, 0xf6, 0xf5, 0xf6, 0x81, 0x10, 0xff, 0xfe, 0xfe, 0xfe,
0xff, 0x02, 0x03, 0x03, 0x03, 0x01, 0x00, 0x02, 0x01, 0x01, 0xff, 0xff, 0xff, 0x89, 0x3f, 0xf0,
0xf0, 0xfb, 0x02, 0x04, 0x07, 0x07, 0x06, 0x01, 0x00, 0xf3, 0xe3, 0xe3, 0xf3, 0x00, 0x01, 0x06,
0x07, 0x07, 0x04, 0x02, 0xfb, 0xf0, 0x16, 0x17, 0x19, 0x1d, 0x1d, 0x1d, 0x1d, 0x19, 0x17, 0x16,
0x14, 0x11, 0x08, 0x08, 0x08, 0x08, 0x11, 0x14, 0x02, 0x02, 0x02, 0x04, 0x06, 0x08, 0x08, 0x08,
0x08, 0x06, 0x04, 0x02, 0x02, 0x15, 0x11, 0x10, 0x10, 0x11, 0x15, 0x13, 0x13, 0x13, 0x13, 0x01,
0x13, 0x13, 0x83, 0x80, 0x3a, 0xf7, 0xec, 0xea, 0xe9, 0xe4, 0xe2, 0xe0, 0xdc, 0xdc, 0xdf, 0xf2,
0x0d, 0x20, 0x23, 0x23, 0x1f, 0x1d, 0x1b, 0x16, 0x15, 0x13, 0x08, 0x0a, 0x0a, 0x0a, 0x06, 0x04,
0xfd, 0xfa, 0xf6, 0xf6, 0xf6, 0xf3, 0xef, 0xf4, 0xf7, 0x09, 0x0c, 0x11, 0x0e, 0x00, 0x02, 0x02,
0x04, 0x05, 0x03, 0x02, 0x00, 0xfe, 0xfc, 0xfd, 0xfe, 0xfe, 0x06, 0x03, 0x03, 0xfd, 0xfd, 0xfa,
0x89, 0x3f, 0x0c, 0x0c, 0x08, 0x05, 0x04, 0x01, 0x02, 0x02, 0x05, 0x07, 0x0c, 0x11, 0x11, 0x0c,
0x07, 0x05, 0x02, 0x02, 0x01, 0x04, 0x05, 0x08, 0x0c, 0xf4, 0xf2, 0xf0, 0xef, 0xef, 0xef, 0xef,
0xf0, 0xf2, 0xf4, 0xf8, 0xf9, 0xfc, 0xfc, 0xfc, 0xfc, 0xf9, 0xf8, 0xff, 0xff, 0x01, 0x04, 0x03,
0x01, 0x01, 0x01, 0x01, 0x03, 0x04, 0x01, 0xff, 0xf7, 0xf7, 0xf4, 0xf4, 0xf7, 0xf7, 0xf6, 0xf6,
0xf6, 0xf6, 0x01, 0xf6, 0xf6, 0x83, 0x28, 0x01, 0x05, 0x0a, 0x0c, 0x0c, 0x0e, 0x0f, 0x10, 0x11,
0x11, 0x0f, 0x06, 0xfb, 0xf2, 0xf1, 0xf0, 0xf1, 0xf2, 0xf3, 0xf5, 0xf6, 0xf7, 0xfc, 0xfa, 0xfa,
0xfa, 0xfb, 0xfd, 0x04, 0x05, 0x06, 0x06, 0x06, 0x0a, 0x0b, 0x09, 0x08, 0xf9, 0xf7, 0xf5, 0xf6,
0x82, 0x0f, 0xfe, 0xfd, 0xfe, 0xff, 0x02, 0x03, 0x04, 0x03, 0x01, 0x00, 0x02, 0x01, 0x01, 0xff,
0xff, 0xff, 0x89, 0x3f, 0xec, 0xec, 0xfa, 0x02, 0x05, 0x0a, 0x08, 0x06, 0x02, 0xff, 0xf0, 0xdc,
0xdc, 0xf0, 0xff, 0x02, 0x06, 0x08, 0x0a, 0x05, 0x02, 0xfa, 0xec, 0x1b, 0x1c, 0x1e, 0x24, 0x24,
0x24, 0x24, 0x1e, 0x1c, 0x1b, 0x18, 0x15, 0x0a, 0x0a, 0x0a, 0x0a, 0x15, 0x18, 0x02, 0x02, 0x03,
0x05, 0x07, 0x0a, 0x0a, 0x0a, 0x0a, 0x07, 0x05, 0x03, 0x02, 0x1a, 0x15, 0x14, 0x14, 0x15, 0x1a,
0x17, 0x17, 0x17, 0x17, 0x01, 0x17, 0x17, 0x83, 0x3b, 0xff, 0xf6, 0xe7, 0xe5, 0xe5, 0xde, 0xdb,
0xd8, 0xd3, 0xd4, 0xd7, 0xef, 0x10, 0x28, 0x2b, 0x2b, 0x27, 0x24, 0x21, 0x1a, 0x1a, 0x18, 0x09,
0x0c, 0x0c, 0x0c, 0x07, 0x04, 0xfc, 0xf9, 0xf4, 0xf4, 0xf4, 0xef, 0xeb, 0xf0, 0xf5, 0x0b, 0x10,
0x15, 0x11, 0x00, 0x02, 0x03, 0x05, 0x07, 0x04, 0x02, 0xff, 0xfe, 0xfa, 0xfc, 0xfe, 0xfe, 0x07,
0x04, 0x04, 0xfc, 0xfc, 0xf9, 0x89, 0x0a, 0xf2, 0xf2, 0xfe, 0x06, 0x03, 0x01, 0x01, 0x01, 0x06,
0x08, 0x05, 0x81, 0x0c, 0x05, 0x08, 0x06, 0x01, 0x01, 0x01, 0x03, 0x06, 0xfe, 0xf2, 0x00, 0x07,
0x04, 0x83, 0x04, 0x04, 0x07, 0x00, 0xf4, 0xf8, 0x83, 0x01, 0xf8, 0xf4, 0x81, 0x16, 0x0a, 0x15,
0x14, 0x0e, 0x0e, 0x0e, 0x0e, 0x14, 0x15, 0x0a, 0x00, 0xf2, 0x05, 0x0e, 0x0e, 0x05, 0xf2, 0x01,
0x01, 0x01, 0x01, 0x01, 0x01, 0x83, 0x80, 0x15, 0xf8, 0xef, 0xef, 0xf1, 0xf5, 0xf8, 0xfb, 0xff,
0xfd, 0xfb, 0xfe, 0x02, 0x05, 0x03, 0x01, 0x05, 0x08, 0x0b, 0x0f, 0x11, 0x11, 0x08, 0x82, 0x03,
0x04, 0x07, 0xf9, 0xfc, 0x82, 0x1a, 0xf4, 0xf8, 0xf3, 0xef, 0x12, 0x0d, 0x08, 0x0c, 0x00, 0x07,
0x0d, 0x0c, 0x0a, 0x0b, 0x0e, 0xf3, 0xf6, 0xf6, 0xf5, 0xf3, 0xfa, 0xe3, 0xf2, 0xf2, 0x0e, 0x0e,
0x1e, 0x89, 0x29, 0x28, 0x02, 0x01, 0x02, 0x02, 0x01, 0x02, 0x02, 0x01, 0x02, 0x01, 0x04, 0x04,
0x01, 0x01, 0x01, 0x01, 0x02, 0x01, 0x02, 0x01, 0x01, 0x01, 0x01, 0x02, 0x01, 0x02, 0x01, 0x01,
0x01, 0x01, 0x03, 0x01, 0x01, 0x01, 0x01, 0x01, 0x01, 0x02, 0x01, 0x01, 0x01, 0x28, 0xfa, 0xf9,
0xf9, 0xf9, 0xf7, 0xf7, 0xf6, 0xf7, 0xf7, 0xf9, 0xf9, 0x05, 0x06, 0x0a, 0x0a, 0x0a, 0x06, 0x05,
0x04, 0x01, 0xfa, 0xfa, 0xfa, 0x01, 0x04, 0xf6, 0xf7, 0xf8, 0xf9, 0xfa, 0xfa, 0xf9, 0xf8, 0xf7,
0xf6, 0x05, 0x01, 0xff, 0x01, 0x05, 0x02, 0x80, 0x27, 0x01, 0xfe, 0xfd, 0xfd, 0xfe, 0x01, 0x02,
0x03, 0x03, 0x00, 0x09, 0x09, 0x05, 0x03, 0xfd, 0xf8, 0xf8, 0xf6, 0xf4, 0xf6, 0xfa, 0x07, 0x0c,
0x0a, 0x01, 0x01, 0x02, 0x03, 0x01, 0xff, 0xfd, 0xfe, 0xff, 0xff, 0x07, 0x03, 0xfd, 0xfd, 0xf9,
0x00, 0xbb, 0x05, 0xf8, 0x04, 0x06, 0x06, 0x04, 0xf8, 0x83, 0xbb, 0x05, 0x13, 0x08, 0x08, 0xf8,
0xf8, 0xee, 0x83, 0xbb, 0x05, 0xfa, 0xff, 0x04, 0x04, 0xff, 0xfa, 0x83, 0xbb, 0x05, 0x0a, 0x04,
0x04, 0xfc, 0xfc, 0xf7, 0x83, 0xbb, 0x05, 0x03, 0x02, 0xfd, 0xfd, 0x02, 0x03, 0x83, 0xbb, 0x05,
0xfd, 0xfe, 0xfe, 0x02, 0x02, 0x03, 0x83, 0xbb, 0x05, 0x09, 0xfb, 0xf6, 0xf6, 0xfb, 0x09, 0x83,
0xbb, 0x05, 0xe9, 0xf5, 0xf5, 0x0b, 0x0b, 0x17, 0x83, 0xbb, 0x05, 0xea, 0x05, 0x12, 0x12, 0x05,
0xea, 0x83, 0xbb, 0x05, 0x2b, 0x14, 0x14, 0xec, 0xec, 0xd6, 0x83, 0xbb, 0x05, 0xfc, 0xff, 0x01,
0x01, 0xff, 0xfc, 0x83, 0xbb, 0x05, 0x03, 0x03, 0x03, 0xfd, 0xfd, 0xfe, 0x83, 0x00, 0x80, 0x0c,
0x00, 0x34, 0x00, 0x6f, 0x00, 0x09, 0x00, 0x70, 0x00, 0x06, 0x00, 0x6d, 0x20, 0x05, 0x00, 0x69,
0x00, 0x02, 0x00, 0x70, 0x00, 0x01, 0x00, 0x70, 0x00, 0x00, 0x00, 0x6f, 0x00, 0x0b, 0x00, 0x70,
0x00, 0x08, 0x00, 0x6e, 0x00, 0x0a, 0x00, 0x70, 0x00, 0x07, 0x00, 0x69, 0x00, 0x04, 0x00, 0x6c,
0x00, 0x03, 0x00, 0x35, 0xe8, 0xe8, 0xf0, 0xf7, 0xf9, 0xfd, 0xfd, 0xfc, 0xf6, 0xf3, 0xe9, 0xde,
0xde, 0xe9, 0xf3, 0xf6, 0xfc, 0xfd, 0xfd, 0xf9, 0xf7, 0xf0, 0xe8, 0x18, 0x1d, 0x20, 0x22, 0x22,
0x22, 0x22, 0x20, 0x1d, 0x18, 0x10, 0x0e, 0x08, 0x08, 0x08, 0x08, 0x0e, 0x10, 0x02, 0x02, 0xfe,
0xf9, 0xfa, 0xfe, 0xfe, 0xfe, 0xfe, 0xfa, 0xf9, 0xfe, 0x02, 0x83, 0x28, 0xff, 0xf7, 0xeb, 0xe9,
0xe8, 0xe4, 0xe2, 0xe0, 0xde, 0xdf, 0xe2, 0xf4, 0x0a, 0x1c, 0x1f, 0x20, 0x1e, 0x1c, 0x1a, 0x16,
0x15, 0x13, 0x07, 0x0c, 0x0c, 0x0c, 0x0a, 0x07, 0xf9, 0xf6, 0xf4, 0xf4, 0xf4, 0xec, 0xea, 0xed,
0xf1, 0x0f, 0x13, 0x16, 0x14, 0x81, 0x09, 0x01, 0x04, 0x05, 0x04, 0x02, 0xfc, 0xfa, 0xf9, 0xfa,
0xfe, 0x84, 0x35, 0x20, 0x20, 0x0b, 0xfc, 0xf7, 0xf1, 0xf3, 0xf5, 0xfd, 0x01, 0x1a, 0x3a, 0x3a,
0x1a, 0x01, 0xfd, 0xf5, 0xf3, 0xf1, 0xf7, 0xfc, 0x0b, 0x20, 0xd4, 0xd3, 0xce, 0xc6, 0xc6, 0xc6,
0xc6, 0xce, 0xd3, 0xd4, 0xd9, 0xdf, 0xf0, 0xf0, 0xf0, 0xf0, 0xdf, 0xd9, 0xfc, 0xfc, 0xfc, 0xf8,
0xf5, 0xf0, 0xf0, 0xf0, 0xf0, 0xf5, 0xf8, 0xfc, 0xfc, 0x83, 0x35, 0x01, 0x11, 0x28, 0x2c, 0x2d,
0x37, 0x3c, 0x41, 0x49, 0x48, 0x43, 0x1b, 0xe7, 0xbf, 0xba, 0xb9, 0xc1, 0xc6, 0xcb, 0xd5, 0xd6,
0xda, 0xf1, 0xec, 0xec, 0xec, 0xf4, 0xf9, 0x07, 0x0c, 0x14, 0x14, 0x14, 0x1b, 0x22, 0x1a, 0x12,
0xee, 0xe6, 0xde, 0xe5, 0x00, 0xfd, 0xfb, 0xf8, 0xf6, 0xfa, 0xfd, 0x01, 0x04, 0x08, 0x06, 0x04,
0x03, 0x83, 0x23, 0x22, 0x01, 0x01, 0x02, 0x01, 0x01, 0x01, 0x01, 0x02, 0x01, 0x02, 0x02, 0x01,
0x01, 0x01, 0x01, 0x02, 0x02, 0x04, 0x01, 0x04, 0x01, 0x01, 0x04, 0x01, 0x01, 0x02, 0x01, 0x01,
0x01, 0x01, 0x03, 0x01, 0x01, 0x01, 0x01, 0x22, 0xf0, 0xf2, 0xf7, 0xf7, 0xf8, 0xf8, 0xf8, 0xf1,
0xe8, 0xf1, 0xf8, 0xf8, 0xf8, 0xf7, 0xf7, 0xf2, 0x08, 0x18, 0x18, 0x08, 0x07, 0x05, 0x00, 0x05,
0x07, 0xf4, 0xf6, 0xf4, 0xf5, 0xf8, 0xf8, 0xf5, 0xf4, 0xf6, 0xf4, 0x22, 0xfb, 0xf3, 0xf1, 0xef,
0xee, 0xed, 0xeb, 0xee, 0xf8, 0x11, 0x14, 0x12, 0x11, 0x10, 0x0e, 0x0c, 0x18, 0x14, 0xec, 0xe8,
0xe7, 0xe5, 0x19, 0x1b, 0x19, 0x05, 0x02, 0x06, 0x07, 0x05, 0xf9, 0xf7, 0xf8, 0xfe, 0xfb, 0x0a,
0x14, 0x14, 0x03, 0xf8, 0xfb, 0xff, 0xff, 0xfe, 0xf8, 0xf5, 0xf9, 0x81, 0x0c, 0xf9, 0xf5, 0xf8,
0xfe, 0xff, 0xff, 0xfb, 0xf8, 0x03, 0x14, 0x00, 0xf6, 0xfa, 0x83, 0x04, 0xfa, 0xf6, 0x00, 0x11,
0x0c, 0x83, 0x01, 0x0c, 0x11, 0x81, 0x09, 0xf2, 0xe2, 0xe4, 0xec, 0xec, 0xec, 0xec, 0xe4, 0xe2,
0xf2, 0x84, 0x80, 0x15, 0x0b, 0x18, 0x18, 0x16, 0x0f, 0x0b, 0x07, 0x02, 0x04, 0x06, 0x03, 0xfd,
0xfa, 0xfc, 0xfe, 0xf9, 0xf5, 0xf1, 0xea, 0xe8, 0xe8, 0xf5, 0x82, 0x03, 0xfa, 0xf6, 0x0a, 0x06,
0x82, 0x14, 0x11, 0x0c, 0x12, 0x19, 0xe7, 0xee, 0xf4, 0xef, 0x00, 0xf6, 0xed, 0xef, 0xf1, 0xf0,
0xec, 0x13, 0x0f, 0x0e, 0x10, 0x13, 0x09, 0x83, 0x35, 0xf0, 0xf0, 0xef, 0xee, 0xf7, 0xff, 0xfd,
0xfa, 0xe9, 0xe0, 0xcf, 0xbc, 0xbc, 0xcf, 0xe0, 0xe9, 0xfa, 0xfd, 0xff, 0xf7, 0xee, 0xef, 0xf0,
0x26, 0x3a, 0x3e, 0x44, 0x44, 0x44, 0x44, 0x3e, 0x3a, 0x26, 0x06, 0xfa, 0xdc, 0xdc, 0xdc, 0xdc,
0xfa, 0x06, 0xdc, 0xdc, 0xee, 0xfa, 0xfe, 0x04, 0x04, 0x04, 0x04, 0xfe, 0xfa, 0xee, 0xdc, 0x83,
0x80, 0x34, 0xff, 0xfd, 0xfc, 0xf8, 0xe5, 0xdb, 0xd1, 0xc5, 0xc9, 0xce, 0xed, 0x13, 0x32, 0x37,
0x3b, 0x2f, 0x25, 0x1b, 0x08, 0x04, 0x03, 0x01, 0x34, 0x34, 0x34, 0x2e, 0x2a, 0xd6, 0xd2, 0xcc,
0xcc, 0xcc, 0xac, 0xa0, 0xae, 0xbf, 0x41, 0x52, 0x60, 0x54, 0x00, 0x0c, 0x21, 0x24, 0x25, 0x20,
0x1c, 0xe4, 0xe0, 0xdb, 0xdc, 0xe0, 0xf4, 0x83, 0x35, 0x1a, 0x1a, 0x1b, 0x1d, 0x1b, 0x1b, 0x1d,
0x1e, 0x23, 0x25, 0x27, 0x29, 0x29, 0x27, 0x25, 0x23, 0x1e, 0x1d, 0x1b, 0x1b, 0x1d, 0x1b, 0x1a,
0xeb, 0xee, 0xe5, 0xd7, 0xd7, 0xd7, 0xd7, 0xe5, 0xee, 0xeb, 0xf2, 0xfd, 0x1a, 0x1a, 0x1a, 0x1a,
0xfd, 0xf2, 0x29, 0x29, 0x25, 0x21, 0x1e, 0x1a, 0x1a, 0x1a, 0x1a, 0x1e, 0x21, 0x25, 0x29, 0x83,
0x80, 0x34, 0xfe, 0xfd, 0xfe, 0xff, 0x05, 0x08, 0x0b, 0x0d, 0x0c, 0x08, 0x03, 0xfd, 0xf8, 0xf4,
0xf3, 0xf5, 0xf8, 0xfb, 0x01, 0x02, 0x03, 0x02, 0xde, 0xde, 0xde, 0xec, 0xf5, 0x0b, 0x14, 0x22,
0x22, 0x22, 0x29, 0x34, 0x29, 0x1a, 0xe6, 0xd7, 0xcc, 0xd7, 0x00, 0xfe, 0xfb, 0xf8, 0xf6, 0xfa,
0xfd, 0x03, 0x06, 0x09, 0x07, 0x04, 0x02, 0x83, 0x35, 0x0c, 0x0c, 0x08, 0x05, 0x04, 0x01, 0x02,
0x02, 0x05, 0x07, 0x0c, 0x11, 0x11, 0x0c, 0x07, 0x05, 0x02, 0x02, 0x01, 0x04, 0x05, 0x08, 0x0c,
0xf4, 0xf2, 0xf0, 0xef, 0xef, 0xef, 0xef, 0xf0, 0xf2, 0xf4, 0xf8, 0xf9, 0xfc, 0xfc, 0xfc, 0xfc,
0xf9, 0xf8, 0xff, 0xff, 0x01, 0x04, 0x03, 0x01, 0x01, 0x01, 0x01, 0x03, 0x04, 0x01, 0xff, 0x83,
0x28, 0x01, 0x04, 0x0b, 0x0c, 0x0c, 0x0e, 0x0f, 0x10, 0x11, 0x11, 0x0f, 0x06, 0xfb, 0xf2, 0xf1,
0xf0, 0xf1, 0xf2, 0xf3, 0xf5, 0xf6, 0xf6, 0xfd, 0xfa, 0xfa, 0xfa, 0xfb, 0xfd, 0x04, 0x05, 0x06,
0x06, 0x06, 0x0a, 0x0b, 0x0a, 0x08, 0xf9, 0xf6, 0xf5, 0xf6, 0x81, 0x09, 0xff, 0xfe, 0xfe, 0xfe,
0xff, 0x02, 0x03, 0x03, 0x03, 0x01, 0x84, 0x35, 0xf0, 0xf0, 0xfb, 0x02, 0x04, 0x07, 0x07, 0x06,
0x01, 0x00, 0xf3, 0xe3, 0xe3, 0xf3, 0x00, 0x01, 0x06, 0x07, 0x07, 0x04, 0x02, 0xfb, 0xf0, 0x16,
0x17, 0x19, 0x1d, 0x1d, 0x1d, 0x1d, 0x19, 0x17, 0x16, 0x14, 0x11, 0x08, 0x08, 0x08, 0x08, 0x11,
0x14, 0x02, 0x02, 0x02, 0x04, 0x06, 0x08, 0x08, 0x08, 0x08, 0x06, 0x04, 0x02, 0x02, 0x83, 0x80,
0x34, 0xf7, 0xec, 0xea, 0xe9, 0xe4, 0xe2, 0xe0, 0xdc, 0xdc, 0xdf, 0xf2, 0x0d, 0x20, 0x23, 0x23,
0x1f, 0x1d, 0x1b, 0x16, 0x15, 0x13, 0x08, 0x0a, 0x0a, 0x0a, 0x06, 0x04, 0xfd, 0xfa, 0xf6, 0xf6,
0xf6, 0xf3, 0xef, 0xf4, 0xf7, 0x09, 0x0c, 0x11, 0x0e, 0x00, 0x02, 0x02, 0x04, 0x05, 0x03, 0x02,
0x00, 0xfe, 0xfc, 0xfd, 0xfe, 0xfe, 0x83, 0x35, 0x0c, 0x0c, 0x08, 0x05, 0x04, 0x01, 0x02, 0x02,
0x05, 0x07, 0x0c, 0x11, 0x11, 0x0c, 0x07, 0x05, 0x02, 0x02, 0x01, 0x04, 0x05, 0x08, 0x0c, 0xf4,
0xf2, 0xf0, 0xef, 0xef, 0xef, 0xef, 0xf0, 0xf2, 0xf4, 0xf8, 0xf9, 0xfc, 0xfc, 0xfc, 0xfc, 0xf9,
0xf8, 0xff, 0xff, 0x01, 0x04, 0x03, 0x01, 0x01, 0x01, 0x01, 0x03, 0x04, 0x01, 0xff, 0x83, 0x28,
0x01, 0x05, 0x0a, 0x0c, 0x0c, 0x0e, 0x0f, 0x10, 0x11, 0x11, 0x0f, 0x06, 0xfb, 0xf2, 0xf1, 0xf0,
0xf1, 0xf2, 0xf3, 0xf5, 0xf6, 0xf7, 0xfc, 0xfa, 0xfa, 0xfa, 0xfb, 0xfd, 0x04, 0x05, 0x06, 0x06,
0x06, 0x0a, 0x0b, 0x09, 0x08, 0xf9, 0xf7, 0xf5, 0xf6, 0x82, 0x08, 0xfe, 0xfd, 0xfe, 0xff, 0x02,
0x03, 0x04, 0x03, 0x01, 0x84, 0x35, 0xec, 0xec, 0xfa, 0x02, 0x05, 0x0a, 0x08, 0x06, 0x02, 0xff,
0xf0, 0xdc, 0xdc, 0xf0, 0xff, 0x02, 0x06, 0x08, 0x0a, 0x05, 0x02, 0xfa, 0xec, 0x1b, 0x1c, 0x1e,
0x24, 0x24, 0x24, 0x24, 0x1e, 0x1c, 0x1b, 0x18, 0x15, 0x0a, 0x0a, 0x0a, 0x0a, 0x15, 0x18, 0x02,
0x02, 0x03, 0x05, 0x07, 0x0a, 0x0a, 0x0a, 0x0a, 0x07, 0x05, 0x03, 0x02, 0x83, 0x35, 0xff, 0xf6,
0xe7, 0xe5, 0xe5, 0xde, 0xdb, 0xd8, 0xd3, 0xd4, 0xd7, 0xef, 0x10, 0x28, 0x2b, 0x2b, 0x27, 0x24,
0x21, 0x1a, 0x1a, 0x18, 0x09, 0x0c, 0x0c, 0x0c, 0x07, 0x04, 0xfc, 0xf9, 0xf4, 0xf4, 0xf4, 0xef,
0xeb, 0xf0, 0xf5, 0x0b, 0x10, 0x15, 0x11, 0x00, 0x02, 0x03, 0x05, 0x07, 0x04, 0x02, 0xff, 0xfe,
0xfa, 0xfc, 0xfe, 0xfe, 0x83, 0x0a, 0xf2, 0xf2, 0xfe, 0x06, 0x03, 0x01, 0x01, 0x01, 0x06, 0x08,
0x05, 0x81, 0x0c, 0x05, 0x08, 0x06, 0x01, 0x01, 0x01, 0x03, 0x06, 0xfe, 0xf2, 0x00, 0x07, 0x04,
0x83, 0x04, 0x04, 0x07, 0x00, 0xf4, 0xf8, 0x83, 0x01, 0xf8, 0xf4, 0x81, 0x09, 0x0a, 0x15, 0x14,
0x0e, 0x0e, 0x0e, 0x0e, 0x14, 0x15, 0x0a, 0x84, 0x80, 0x15, 0xf8, 0xef, 0xef, 0xf1, 0xf5, 0xf8,
0xfb, 0xff, 0xfd, 0xfb, 0xfe, 0x02, 0x05, 0x03, 0x01, 0x05, 0x08, 0x0b, 0x0f, 0x11, 0x11, 0x08,
0x82, 0x03, 0x04, 0x07, 0xf9, 0xfc, 0x82, 0x14, 0xf4, 0xf8, 0xf3, 0xef, 0x12, 0x0d, 0x08, 0x0c,
0x00, 0x07, 0x0d, 0x0c, 0x0a, 0x0b, 0x0e, 0xf3, 0xf6, 0xf6, 0xf5, 0xf3, 0xfa, 0x83, 0x35, 0xfa,
0xfa, 0xfa, 0xf9, 0xf9, 0xf9, 0xf9, 0xf9, 0xf7, 0xf7, 0xf7, 0xf6, 0xf6, 0xf7, 0xf7, 0xf7, 0xf9,
0xf9, 0xf9, 0xf9, 0xf9, 0xfa, 0xfa, 0x05, 0x05, 0x06, 0x0a, 0x0a, 0x0a, 0x0a, 0x06, 0x05, 0x05,
0x04, 0x01, 0xfa, 0xfa, 0xfa, 0xfa, 0x01, 0x04, 0xf6, 0xf6, 0xf7, 0xf8, 0xf9, 0xfa, 0xfa, 0xfa,
0xfa, 0xf9, 0xf8, 0xf7, 0xf6, 0x83, 0x82, 0x0f, 0x01, 0x00, 0xfe, 0xfe, 0xfd, 0xfd, 0xfd, 0xfe,
0xff, 0x01, 0x02, 0x03, 0x03, 0x03, 0x02, 0x02, 0x83, 0x1e, 0x09, 0x09, 0x09, 0x05, 0x03, 0xfd,
0xfb, 0xf8, 0xf8, 0xf8, 0xf6, 0xf4, 0xf6, 0xfa, 0x07, 0x0a, 0x0c, 0x0a, 0x00, 0x01, 0x01, 0x02,
0x03, 0x01, 0x01, 0xff, 0xff, 0xfd, 0xfe, 0xff, 0xff, 0x83, 0x80, 0x19, 0x00, 0x68, 0x00, 0x1c,
0x00, 0x0d, 0x00, 0xdc, 0x00, 0x09, 0x00, 0xde, 0x00, 0x06, 0x00, 0xdb, 0x00, 0x05, 0x00, 0xdc,
0x00, 0x02, 0x00, 0xdb, 0x00, 0x01, 0x00, 0xdd, 0x00, 0x00, 0x00, 0x16, 0x00, 0x14, 0x00, 0x16,
0x00, 0x18, 0x00, 0x11, 0x00, 0x0c, 0x00, 0x16, 0x00, 0x0f, 0x00, 0x13, 0x20, 0x17, 0x00, 0x16,
0x00, 0x0e, 0x00, 0xd8, 0x00, 0x0b, 0x00, 0xde, 0x00, 0x08, 0x00, 0xd7, 0x00, 0x0a, 0x00, 0xde,
0x00, 0x07, 0x00, 0xdc, 0x00, 0x04, 0x00, 0xd6, 0x00, 0x03, 0x00, 0x16, 0x00, 0x16, 0x00, 0x16,
0x00, 0x13, 0x00, 0x16, 0x00, 0x15, 0x00, 0x16, 0x00, 0x12, 0x00, 0x16, 0x00, 0x11, 0x00, 0x16,
0x00, 0x10, 0x00, 0xbf, 0xa4, 0x01, 0x24, 0xce, 0x41, 0xff, 0x5c, 0xff, 0x5c, 0x02, 0xdc, 0xdc,
0x24, 0x83, 0xbf, 0xa4, 0x40, 0xff, 0x7e, 0x05, 0xd4, 0xd4, 0x24, 0x24, 0x24, 0xdc, 0x83, 0x2e,
0xed, 0xf0, 0xf6, 0xf9, 0xfa, 0xfe, 0xff, 0x00, 0xfd, 0xfc, 0xfa, 0xf7, 0xf5, 0x0b, 0x0b, 0x0b,
0x11, 0x13, 0x1b, 0x20, 0x23, 0x25, 0x25, 0x25, 0x25, 0x23, 0x20, 0x13, 0x12, 0x12, 0x12, 0x12,
0x12, 0x0c, 0x0c, 0xee, 0xee, 0xee, 0xee, 0xee, 0xf4, 0xf4, 0xeb, 0xeb, 0xf3, 0xfa, 0xfc, 0x81,
0x3a, 0xff, 0xfc, 0xfa, 0xee, 0xe1, 0xe1, 0xe1, 0xe0, 0xdf, 0xdf, 0xe5, 0xe7, 0xea, 0xe9, 0xe9,
0xeb, 0xfc, 0xfe, 0x05, 0x05, 0x05, 0x02, 0x00, 0xff, 0x00, 0x02, 0xff, 0x00, 0x01, 0x01, 0x01,
0x01, 0xfd, 0x09, 0x0a, 0x0a, 0x09, 0x13, 0x11, 0x0b, 0x0b, 0x0b, 0x0b, 0x0d, 0x0f, 0x15, 0x15,
0x09, 0x09, 0x1b, 0x1b, 0x16, 0x0f, 0x0f, 0x0f, 0x0f, 0x0f, 0x0f, 0x0f, 0x83, 0x3e, 0x1a, 0x1c,
0x20, 0x20, 0x21, 0x1e, 0x1c, 0x1b, 0x16, 0x16, 0x15, 0x13, 0x12, 0xfc, 0x0f, 0x13, 0x16, 0x14,
0x0c, 0x0c, 0x0c, 0x0a, 0x07, 0xf9, 0xf6, 0xf4, 0xf4, 0xf4, 0xf5, 0xf5, 0xef, 0xef, 0xef, 0xef,
0xef, 0x0d, 0x0d, 0x13, 0x13, 0x13, 0x13, 0x13, 0xff, 0xf7, 0xeb, 0xe9, 0xe8, 0xe4, 0xe2, 0xe0,
0xde, 0xde, 0xe1, 0xf3, 0xff, 0xff, 0x02, 0x03, 0x05, 0x07, 0x07, 0x04, 0x01, 0x81, 0x2a, 0xfa,
0xfb, 0x03, 0x00, 0xfa, 0xef, 0xe9, 0xeb, 0xef, 0xed, 0xf0, 0xef, 0xec, 0xeb, 0xfc, 0xfa, 0xf9,
0xe6, 0xe5, 0xe3, 0xe2, 0xec, 0xea, 0xed, 0xf1, 0xde, 0xe0, 0xe2, 0xe0, 0x03, 0xf2, 0xfe, 0xfe,
0xfe, 0x02, 0x02, 0xf8, 0xf8, 0xf8, 0xf8, 0xf8, 0xf8, 0xf8, 0x83, 0x3f, 0x20, 0x19, 0x08, 0x00,
0xfa, 0xf1, 0xef, 0xee, 0xf4, 0xf9, 0xfe, 0x09, 0x0d, 0xec, 0xec, 0xec, 0xdb, 0xd5, 0xd0, 0xcf,
0xca, 0xc2, 0xc2, 0xc2, 0xc2, 0xca, 0xcf, 0xd4, 0xdc, 0xd7, 0xd7, 0xdc, 0xe1, 0xea, 0xef, 0x19,
0x1e, 0x1e, 0x19, 0x14, 0x0b, 0x06, 0x1c, 0x1c, 0x07, 0xf8, 0xf3, 0xed, 0xef, 0xf1, 0xf9, 0xfd,
0x15, 0x36, 0x36, 0x36, 0x3c, 0x41, 0x42, 0x3c, 0x30, 0x27, 0x27, 0x21, 0x2b, 0x1c, 0xf3, 0xef,
0xf1, 0xf6, 0xf6, 0xf6, 0xf7, 0xfb, 0x02, 0x06, 0xf0, 0xee, 0xec, 0xec, 0xec, 0xec, 0xf1, 0xfa,
0xf9, 0xf8, 0xf8, 0xe3, 0xe9, 0xec, 0xec, 0xec, 0xec, 0xe6, 0xe5, 0xd2, 0xd2, 0xee, 0xee, 0xdc,
0xdc, 0xda, 0xe0, 0xe0, 0xe0, 0xe0, 0xe0, 0xe0, 0xe0, 0x83, 0x3f, 0xc8, 0xc3, 0xbb, 0xb8, 0xb7,
0xbd, 0xc3, 0xc8, 0xd1, 0xd3, 0xd5, 0xd9, 0xdc, 0xfc, 0xee, 0xe6, 0xde, 0xe5, 0xec, 0xec, 0xec,
0xf4, 0xf9, 0x07, 0x0c, 0x14, 0x14, 0x14, 0x0c, 0x11, 0x1a, 0x1f, 0x24, 0x24, 0x1f, 0xf5, 0xf0,
0xe8, 0xe3, 0xde, 0xde, 0xe3, 0x01, 0x11, 0x28, 0x2c, 0x2d, 0x37, 0x3c, 0x41, 0x49, 0x48, 0x43,
0x1a, 0x01, 0x08, 0x16, 0x1b, 0x14, 0x0c, 0x0c, 0x14, 0x1b, 0x15, 0x2b, 0x09, 0x06, 0x04, 0x19,
0x1b, 0x20, 0x2a, 0x2f, 0x33, 0x32, 0x2e, 0x44, 0x46, 0x4a, 0x4d, 0x02, 0x04, 0x09, 0x3a, 0x3b,
0x3c, 0x3d, 0x28, 0x2f, 0x1b, 0x13, 0x52, 0x50, 0x4e, 0x4f, 0x0c, 0x16, 0xfa, 0xfa, 0xfa, 0x06,
0x06, 0x08, 0x08, 0x08, 0x08, 0x08, 0x08, 0x08, 0x83, 0x0c, 0xf6, 0xf6, 0xf4, 0xf2, 0xf3, 0xf5,
0xf6, 0xf7, 0xf5, 0xf4, 0xf6, 0xfb, 0xfc, 0x82, 0x3f, 0x05, 0x07, 0x08, 0x14, 0x16, 0x18, 0x18,
0x18, 0x18, 0x16, 0x14, 0x22, 0x1f, 0x1f, 0x1f, 0x1f, 0x1f, 0x1a, 0x1a, 0xe6, 0xe6, 0xe6, 0xe6,
0xe6, 0xeb, 0xeb, 0xf0, 0xf0, 0xf2, 0xf6, 0xf7, 0xf7, 0xf8, 0xf8, 0xf7, 0xf6, 0xef, 0xe8, 0xe8,
0xe8, 0xe8, 0xe7, 0xe7, 0xec, 0xee, 0xf0, 0xef, 0xef, 0xf0, 0xf4, 0xf3, 0xf4, 0xf4, 0xf4, 0xf4,
0xf4, 0xf4, 0xf6, 0xf7, 0xf7, 0xf8, 0xf8, 0xf8, 0xf8, 0x07, 0xf8, 0xf5, 0x0a, 0x0b, 0x0b, 0x0a,
0x07, 0x05, 0x83, 0x0f, 0x01, 0x03, 0x08, 0x08, 0x08, 0xf6, 0x10, 0x10, 0x04, 0x08, 0x08, 0x08,
0x08, 0x08, 0x08, 0x08, 0x83, 0x3f, 0x14, 0x14, 0x14, 0x13, 0x14, 0x12, 0x10, 0x0f, 0x0d, 0x0c,
0x0d, 0x0f, 0x0f, 0x0a, 0x15, 0x18, 0x1a, 0x18, 0x17, 0x17, 0x17, 0x15, 0x13, 0xeb, 0xe9, 0xe7,
0xe7, 0xe7, 0xeb, 0xeb, 0xe6, 0xe6, 0xe6, 0xe6, 0xe6, 0x1a, 0x1a, 0x20, 0x20, 0x20, 0x20, 0x20,
0xfe, 0xfa, 0xf2, 0xf0, 0xf0, 0xee, 0xed, 0xec, 0xea, 0xea, 0xed, 0xf8, 0xff, 0x00, 0x03, 0x04,
0x06, 0x07, 0x07, 0x06, 0x03, 0x01, 0x2b, 0x00, 0xf7, 0xf8, 0xfe, 0xff, 0xfe, 0xfc, 0xfc, 0xfe,
0xff, 0xfe, 0xfe, 0xfd, 0xfb, 0xfb, 0xf9, 0xf8, 0xf6, 0xeb, 0xea, 0xea, 0xe9, 0xe6, 0xe4, 0xe6,
0xe9, 0xf0, 0xf2, 0xf4, 0xf2, 0x0b, 0x02, 0x02, 0xef, 0xef, 0x0f, 0x0f, 0x02, 0x02, 0x02, 0x02,
0x02, 0x02, 0x02, 0x83, 0x3f, 0x0a, 0x04, 0xf5, 0xed, 0xf0, 0xf6, 0xf7, 0xf8, 0xf4, 0xf1, 0xfc,
0x10, 0x19, 0xf9, 0xf9, 0xf9, 0x05, 0x0a, 0xf9, 0xef, 0xf3, 0xf9, 0xf9, 0xf9, 0xf9, 0xf3, 0xef,
0x15, 0xf2, 0xf4, 0xf5, 0xf3, 0xf1, 0xe8, 0xe6, 0x0f, 0x0d, 0x0d, 0x0f, 0x11, 0x19, 0x1b, 0x0d,
0x0d, 0xfc, 0xf1, 0xf4, 0xf8, 0xf8, 0xf7, 0xf1, 0xee, 0xf2, 0xf9, 0xf9, 0xf9, 0xf6, 0xf1, 0xf1,
0xfb, 0x01, 0x07, 0x05, 0x09, 0x2b, 0x0d, 0xf1, 0xf6, 0xf9, 0xf9, 0xf9, 0xf9, 0xf8, 0xf8, 0xfe,
0x00, 0xf6, 0xf7, 0xf9, 0xf9, 0xf9, 0xf9, 0xf3, 0xf6, 0xf7, 0xf7, 0xf6, 0x0a, 0x05, 0xf9, 0xf9,
0xf9, 0xf9, 0xfe, 0x01, 0x0d, 0x0d, 0x01, 0x01, 0xe5, 0xe5, 0xf1, 0x07, 0x07, 0x07, 0x07, 0x07,
0x07, 0x07, 0x83, 0x11, 0x0b, 0x06, 0xfe, 0xfb, 0xfd, 0xf9, 0xf5, 0xf1, 0xea, 0xe8, 0xeb, 0xf5,
0xfd, 0x1d, 0xe7, 0xee, 0xf4, 0xef, 0x82, 0x03, 0xfa, 0xf6, 0x0a, 0x06, 0x82, 0x3f, 0x23, 0x21,
0x18, 0x16, 0x14, 0x14, 0x16, 0xed, 0xef, 0xf8, 0xfa, 0xfc, 0xfc, 0xfa, 0x00, 0x0a, 0x18, 0x18,
0x16, 0x0f, 0x0b, 0x07, 0x02, 0x04, 0x06, 0x03, 0x00, 0xfb, 0xf2, 0xed, 0xf2, 0xf6, 0xf6, 0xef,
0xe9, 0xed, 0xfa, 0x05, 0x03, 0x06, 0x00, 0xfd, 0xf9, 0xf6, 0xf9, 0xfb, 0xf9, 0x03, 0x02, 0xfd,
0xfb, 0x09, 0x06, 0x04, 0x03, 0x02, 0xfe, 0xfd, 0x11, 0x0c, 0x12, 0x19, 0xf4, 0xf8, 0x0f, 0xfb,
0xf8, 0xd0, 0x08, 0x14, 0x14, 0x14, 0xec, 0xec, 0x0e, 0x0e, 0x0e, 0x0e, 0x0e, 0x0e, 0x0e, 0x83,
0x3f, 0xdf, 0xe2, 0xe6, 0xe9, 0xf3, 0x05, 0x09, 0x0d, 0x04, 0xfa, 0xfd, 0x03, 0x05, 0xea, 0xea,
0xea, 0x08, 0x14, 0x34, 0x48, 0x4c, 0x52, 0x52, 0x52, 0x52, 0x4c, 0x48, 0x42, 0x2c, 0x33, 0x32,
0x2c, 0x26, 0x0e, 0x08, 0xcc, 0xc5, 0xc6, 0xcc, 0xd2, 0xea, 0xf0, 0xfe, 0xfe, 0xfd, 0xfc, 0x05,
0x0d, 0x0b, 0x08, 0xf7, 0xee, 0xdd, 0xca, 0xca, 0xca, 0xbb, 0xac, 0xaf, 0xc5, 0xd7, 0xe5, 0xe0,
0xee, 0x2b, 0xfe, 0x09, 0xfc, 0xea, 0xea, 0xea, 0xe5, 0xe1, 0xdf, 0xe4, 0xe7, 0x0f, 0x10, 0x12,
0x12, 0x12, 0x12, 0x0d, 0x14, 0x15, 0x16, 0x15, 0x14, 0x08, 0xea, 0xea, 0xea, 0xea, 0xef, 0xf2,
0x1e, 0x1e, 0x0e, 0x0e, 0x1e, 0x1e, 0x1e, 0x16, 0x16, 0x16, 0x16, 0x16, 0x16, 0x16, 0x83, 0x3f,
0x2f, 0x31, 0x33, 0x34, 0x39, 0x2f, 0x24, 0x1a, 0x08, 0x03, 0x04, 0x06, 0x09, 0x24, 0x41, 0x52,
0x60, 0x54, 0x34, 0x34, 0x34, 0x2e, 0x2a, 0xd6, 0xd2, 0xcc, 0xcc, 0xcc, 0xe2, 0xdb, 0xc4, 0xbe,
0xb8, 0xb8, 0xbe, 0xfa, 0x01, 0x18, 0x1e, 0x24, 0x24, 0x1e, 0x00, 0xfe, 0xfd, 0xfc, 0xf8, 0xe5,
0xdb, 0xd1, 0xc5, 0xc9, 0xce, 0xec, 0x00, 0xf2, 0xde, 0xd7, 0xe6, 0xef, 0xe9, 0xd9, 0xcd, 0xd6,
0x1f, 0xf0, 0xdc, 0xdb, 0xf7, 0x00, 0xf6, 0xe3, 0xda, 0xde, 0xe3, 0xe0, 0xb8, 0xb7, 0xb2, 0xb0,
0xe3, 0xdf, 0xdb, 0xb3, 0xb2, 0xae, 0xad, 0xac, 0xa0, 0xae, 0xbf, 0xd2, 0xd6, 0xd7, 0xd5, 0x00,
0xf0, 0x84, 0x06, 0xf8, 0xf8, 0xf8, 0xf8, 0xf8, 0xf8, 0xf8, 0x83, 0x3f, 0x08, 0x0e, 0x19, 0x20,
0x1d, 0x19, 0x19, 0x1a, 0x14, 0x0e, 0x0a, 0x03, 0xff, 0x19, 0x19, 0x19, 0xfc, 0xf1, 0xea, 0xed,
0xe4, 0xd6, 0xd6, 0xd6, 0xd6, 0xe4, 0xed, 0xd8, 0xe2, 0xdf, 0xe0, 0xe3, 0xe6, 0xea, 0xed, 0x10,
0x13, 0x13, 0x10, 0x0d, 0x08, 0x05, 0x1a, 0x1a, 0x1b, 0x1d, 0x1b, 0x1b, 0x1d, 0x1e, 0x23, 0x25,
0x26, 0x29, 0x29, 0x29, 0x2a, 0x2a, 0x29, 0x24, 0x1e, 0x1b, 0x1b, 0x19, 0x2b, 0x19, 0x20, 0x22,
0x29, 0x29, 0x29, 0x29, 0x2a, 0x2b, 0x1c, 0x17, 0x1f, 0x1c, 0x19, 0x19, 0x19, 0x19, 0x1d, 0xfe,
0xfb, 0xfc, 0xff, 0xf1, 0xfc, 0x19, 0x19, 0x19, 0x19, 0x0a, 0x05, 0xeb, 0xeb, 0x03, 0x03, 0x04,
0x04, 0xfc, 0xf7, 0xf7, 0xf7, 0xf7, 0xf7, 0xf7, 0xf7, 0x83, 0x35, 0xe4, 0xe8, 0xee, 0xf1, 0xf0,
0xf3, 0xf7, 0xf6, 0xf3, 0xf7, 0xf5, 0xf1, 0xef, 0xd8, 0xe6, 0xd7, 0xcc, 0xd7, 0xde, 0xde, 0xde,
0xec, 0xf5, 0x0b, 0x14, 0x22, 0x22, 0x22, 0x1d, 0x20, 0x24, 0x27, 0x2a, 0x29, 0x26, 0xf0, 0xed,
0xe9, 0xe6, 0xe3, 0xe3, 0xe6, 0x00, 0xfe, 0xfd, 0xfe, 0xff, 0x05, 0x08, 0x0b, 0x0d, 0x0c, 0x09,
0x03, 0x81, 0x33, 0x03, 0x04, 0x00, 0xfd, 0xff, 0x05, 0x08, 0x05, 0x03, 0x08, 0x02, 0x07, 0x00,
0x03, 0x07, 0x0a, 0x04, 0x00, 0x06, 0xff, 0x02, 0x0a, 0x0e, 0x03, 0x06, 0x0a, 0x27, 0x2a, 0x34,
0x37, 0x29, 0x34, 0x29, 0x1a, 0x26, 0x1f, 0x19, 0x1e, 0x1d, 0x0a, 0xf4, 0xf4, 0xf4, 0x0c, 0x0c,
0xff, 0xff, 0xff, 0xff, 0xff, 0xff, 0xff, 0x83, 0xbf, 0xa4, 0x06, 0x06, 0x07, 0x0c, 0x0c, 0xfa,
0xfa, 0x06, 0x83, 0xbf, 0xa4, 0x06, 0x0b, 0x0a, 0x0a, 0x06, 0x06, 0x06, 0xfa, 0x83, 0xbf, 0xa4,
0x06, 0xf2, 0xfa, 0xfc, 0xfc, 0x0e, 0x0e, 0xf2, 0x83, 0xbf, 0xa4, 0x06, 0x04, 0xfe, 0xfe, 0xf2,
0xf2, 0xf2, 0x0e, 0x83, 0xbf, 0xa5, 0x03, 0xfc, 0x08, 0x08, 0xee, 0x85, 0xbf, 0xa4, 0x04, 0x09,
0x0d, 0x0d, 0xed, 0xed, 0x85, 0xbf, 0xa4, 0x06, 0x06, 0xea, 0xde, 0xde, 0xfa, 0xfa, 0x06, 0x83,
0xbf, 0xa4, 0x06, 0xc2, 0xde, 0xde, 0x06, 0x06, 0x06, 0xfa, 0x83, 0x05, 0x04, 0x65, 0x03, 0x01,
0x01, 0x01, 0x04, 0x08, 0x08, 0xf8, 0xf8, 0x08, 0x04, 0x08, 0x08, 0x08, 0x08, 0xf8, 0xbf, 0xa4,
0x06, 0xf4, 0x05, 0x0d, 0x0d, 0x0c, 0x0c, 0xf4, 0x83, 0xbf, 0xa4, 0x06, 0x1e, 0x0d, 0x0d, 0xf5,
0xf5, 0xf5, 0x0b, 0x83, 0x2e, 0x0a, 0x08, 0x05, 0x04, 0x03, 0x01, 0x01, 0x00, 0x02, 0x02, 0x03,
0x04, 0x06, 0xfb, 0xfb, 0xfb, 0xf8, 0xf7, 0xf3, 0xf0, 0xee, 0xee, 0xee, 0xee, 0xee, 0xee, 0xf0,
0xf7, 0xf7, 0xf7, 0xf7, 0xf7, 0xf7, 0xfa, 0xfa, 0x09, 0x09, 0x09, 0x09, 0x09, 0x06, 0x06, 0x0b,
0x0b, 0x07, 0x03, 0x02, 0x81, 0x1a, 0x01, 0x02, 0x03, 0x09, 0x10, 0x10, 0x10, 0x10, 0x11, 0x11,
0x0d, 0x0d, 0x0b, 0x0c, 0x0c, 0x0b, 0x02, 0x01, 0xfe, 0xfe, 0xfe, 0xff, 0x00, 0x01, 0x00, 0xff,
0x01, 0x84, 0x1a, 0x02, 0xfc, 0xfb, 0xfb, 0xfc, 0xf7, 0xf8, 0xfb, 0xfb, 0xfb, 0xfb, 0xfa, 0xf9,
0xf6, 0xf6, 0xfc, 0xfc, 0xf3, 0xf3, 0xf5, 0xf9, 0xf9, 0xf9, 0xf9, 0xf9, 0xf9, 0xf9, 0x83, 0x3d,
0xf3, 0xf2, 0xf0, 0xf0, 0xef, 0xf1, 0xf2, 0xf3, 0xf5, 0xf5, 0xf6, 0xf7, 0xf7, 0x02, 0xf9, 0xf6,
0xf5, 0xf6, 0xfa, 0xfa, 0xfa, 0xfb, 0xfd, 0x04, 0x05, 0x06, 0x06, 0x06, 0x06, 0x05, 0x09, 0x09,
0x08, 0x08, 0x09, 0xfa, 0xfa, 0xf6, 0xf7, 0xf7, 0xf7, 0xf7, 0x01, 0x05, 0x0b, 0x0c, 0x0c, 0x0e,
0x0f, 0x10, 0x11, 0x11, 0x10, 0x06, 0x01, 0x00, 0xff, 0xff, 0xfe, 0xfd, 0xfc, 0xfd, 0x82, 0x2a,
0x03, 0x02, 0xfe, 0x00, 0x03, 0x08, 0x0c, 0x0b, 0x09, 0x0a, 0x08, 0x08, 0x0a, 0x0b, 0x02, 0x03,
0x03, 0x0d, 0x0d, 0x0f, 0x0f, 0x0a, 0x0b, 0x0a, 0x08, 0x11, 0x10, 0x0f, 0x10, 0xff, 0x07, 0x01,
0x01, 0x01, 0xff, 0xff, 0x04, 0x04, 0x04, 0x04, 0x04, 0x04, 0x04, 0x83, 0x3f, 0xf0, 0xf3, 0xfd,
0x00, 0x03, 0x08, 0x09, 0x0a, 0x06, 0x04, 0x01, 0xfb, 0xfa, 0x0a, 0x0a, 0x0a, 0x13, 0x16, 0x18,
0x19, 0x1b, 0x1f, 0x1f, 0x1f, 0x1f, 0x1b, 0x19, 0x16, 0x12, 0x15, 0x15, 0x12, 0x0f, 0x0b, 0x09,
0xf4, 0xf1, 0xf1, 0xf4, 0xf6, 0xfa, 0xfd, 0xf2, 0xf2, 0xfd, 0x04, 0x06, 0x09, 0x09, 0x08, 0x03,
0x02, 0xf6, 0xe5, 0xe5, 0xe5, 0xe2, 0xe0, 0xe0, 0xe1, 0xe9, 0xec, 0xed, 0xf0, 0x2b, 0xf2, 0x07,
0x08, 0x07, 0x05, 0x05, 0x05, 0x05, 0x03, 0xff, 0xfd, 0x08, 0x0a, 0x0a, 0x0a, 0x0a, 0x0a, 0x08,
0x03, 0x04, 0x04, 0x04, 0x0f, 0x0c, 0x0a, 0x0a, 0x0a, 0x0a, 0x0d, 0x0e, 0x17, 0x17, 0x09, 0x09,
0x12, 0x12, 0x13, 0x10, 0x10, 0x10, 0x10, 0x10, 0x10, 0x10, 0x83, 0x3f, 0x1c, 0x1e, 0x23, 0x24,
0x24, 0x21, 0x1f, 0x1c, 0x18, 0x17, 0x16, 0x14, 0x12, 0x02, 0x09, 0x0c, 0x11, 0x0e, 0x0a, 0x0a,
0x0a, 0x06, 0x04, 0xfd, 0xfa, 0xf6, 0xf6, 0xf6, 0xfa, 0xf7, 0xf3, 0xf1, 0xee, 0xee, 0xf1, 0x06,
0x08, 0x0c, 0x0f, 0x11, 0x11, 0x0f, 0x00, 0xf7, 0xec, 0xea, 0xe9, 0xe4, 0xe2, 0xe0, 0xdc, 0xdc,
0xdf, 0xf3, 0x00, 0xfb, 0xf5, 0xf3, 0xf7, 0xfb, 0xf9, 0xf5, 0xf3, 0xf6, 0x2b, 0xfc, 0xfd, 0xfe,
0xf4, 0xf3, 0xf1, 0xea, 0xe9, 0xe7, 0xe7, 0xe9, 0xde, 0xdc, 0xdb, 0xda, 0xff, 0xfe, 0xfb, 0xe3,
0xe2, 0xe3, 0xe2, 0xec, 0xe9, 0xf3, 0xf7, 0xd7, 0xd8, 0xd9, 0xd9, 0xfa, 0xf5, 0x03, 0x03, 0x03,
0xfd, 0xfd, 0xfc, 0xfc, 0xfc, 0xfc, 0xfc, 0xfc, 0xfc, 0x83, 0x2e, 0x0a, 0x08, 0x05, 0x04, 0x03,
0x01, 0x01, 0x00, 0x01, 0x02, 0x03, 0x04, 0x06, 0xfb, 0xfb, 0xfb, 0xf7, 0xf7, 0xf3, 0xf0, 0xee,
0xee, 0xee, 0xee, 0xee, 0xee, 0xf0, 0xf7, 0xf7, 0xf8, 0xf8, 0xf7, 0xf6, 0xfb, 0xfa, 0x09, 0x08,
0x08, 0x09, 0x0a, 0x05, 0x06, 0x0b, 0x0b, 0x06, 0x03, 0x02, 0x81, 0x15, 0x01, 0x02, 0x03, 0x09,
0x10, 0x10, 0x10, 0x10, 0x11, 0x11, 0x0d, 0x0d, 0x0b, 0x0c, 0x0c, 0x0b, 0x02, 0x01, 0xfe, 0xfe,
0xfe, 0xff, 0x82, 0x01, 0xff, 0x01, 0x84, 0x1a, 0x01, 0xfc, 0xfb, 0xfb, 0xfc, 0xf7, 0xf7, 0xfb,
0xfb, 0xfb, 0xfb, 0xfa, 0xf9, 0xf6, 0xf6, 0xfc, 0xfc, 0xf3, 0xf3, 0xf5, 0xf9, 0xf9, 0xf9, 0xf9,
0xf9, 0xf9, 0xf9, 0x83, 0x3d, 0xf3, 0xf1, 0xef, 0xf0, 0xef, 0xf1, 0xf2, 0xf3, 0xf5, 0xf5, 0xf6,
0xf7, 0xf7, 0x02, 0xf9, 0xf7, 0xf5, 0xf6, 0xfa, 0xfa, 0xfa, 0xfb, 0xfd, 0x04, 0x05, 0x06, 0x06,
0x06, 0x06, 0x05, 0x09, 0x09, 0x08, 0x08, 0x09, 0xfa, 0xfa, 0xf6, 0xf7, 0xf7, 0xf7, 0xf7, 0x01,
0x05, 0x0a, 0x0c, 0x0c, 0x0e, 0x0f, 0x10, 0x11, 0x11, 0x0f, 0x07, 0x01, 0x01, 0xff, 0xff, 0xfe,
0xfd, 0xfc, 0xfe, 0x82, 0x2a, 0x03, 0x02, 0xff, 0x00, 0x03, 0x08, 0x0c, 0x0b, 0x08, 0x0a, 0x08,
0x08, 0x0a, 0x0b, 0x02, 0x03, 0x04, 0x0d, 0x0d, 0x0f, 0x0f, 0x0a, 0x0b, 0x09, 0x08, 0x11, 0x10,
0x0f, 0x10, 0xff, 0x07, 0x01, 0x01, 0x01, 0xff, 0xff, 0x04, 0x04, 0x04, 0x04, 0x04, 0x04, 0x04,
0x83, 0x3f, 0xec, 0xf0, 0xfb, 0x00, 0x04, 0x09, 0x0a, 0x0c, 0x07, 0x04, 0x01, 0xfa, 0xf8, 0x0c,
0x0c, 0x0c, 0x17, 0x1b, 0x1e, 0x1e, 0x21, 0x26, 0x26, 0x26, 0x26, 0x21, 0x1e, 0x1b, 0x16, 0x1a,
0x1a, 0x16, 0x13, 0x0e, 0x0a, 0xf1, 0xed, 0xee, 0xf1, 0xf4, 0xf9, 0xfc, 0xef, 0xef, 0xfc, 0x05,
0x08, 0x0c, 0x0a, 0x09, 0x04, 0x02, 0xf3, 0xdf, 0xdf, 0xdf, 0xda, 0xd8, 0xd7, 0xdb, 0xe2, 0xe8,
0xe8, 0xec, 0x2b, 0xef, 0x08, 0x0b, 0x09, 0x06, 0x06, 0x06, 0x06, 0x03, 0xff, 0xfc, 0x0a, 0x0b,
0x0c, 0x0c, 0x0c, 0x0c, 0x09, 0x04, 0x04, 0x05, 0x05, 0x12, 0x0e, 0x0c, 0x0c, 0x0c, 0x0c, 0x10,
0x11, 0x1c, 0x1c, 0x0b, 0x0b, 0x16, 0x16, 0x17, 0x14, 0x14, 0x14, 0x14, 0x14, 0x14, 0x14, 0x83,
0x3f, 0x23, 0x25, 0x2b, 0x2c, 0x2d, 0x2a, 0x26, 0x22, 0x1d, 0x1c, 0x1b, 0x18, 0x16, 0x02, 0x0b,
0x10, 0x15, 0x11, 0x0c, 0x0c, 0x0c, 0x07, 0x04, 0xfc, 0xf9, 0xf4, 0xf4, 0xf4, 0xf9, 0xf5, 0xf1,
0xed, 0xe9, 0xea, 0xed, 0x07, 0x0a, 0x0f, 0x12, 0x15, 0x15, 0x12, 0xff, 0xf6, 0xe7, 0xe5, 0xe5,
0xde, 0xdb, 0xd8, 0xd3, 0xd4, 0xd7, 0xf0, 0xff, 0xfb, 0xf3, 0xef, 0xf3, 0xf9, 0xf8, 0xf3, 0xef,
0xf3, 0x2b, 0xfa, 0xfc, 0xfe, 0xf1, 0xef, 0xec, 0xe6, 0xe3, 0xe1, 0xe1, 0xe4, 0xd6, 0xd5, 0xd3,
0xd1, 0xff, 0xfe, 0xfa, 0xdc, 0xdc, 0xdb, 0xda, 0xe7, 0xe3, 0xf0, 0xf4, 0xcd, 0xce, 0xd0, 0xcf,
0xf9, 0xf2, 0x04, 0x04, 0x04, 0xfc, 0xfc, 0xfb, 0xfb, 0xfb, 0xfb, 0xfb, 0xfb, 0xfb, 0x83, 0x3f,
0xf9, 0xfd, 0x08, 0x0d, 0x0b, 0x07, 0x06, 0x05, 0x08, 0x0b, 0x03, 0xf5, 0xef, 0x05, 0x05, 0x05,
0xfc, 0xf9, 0x05, 0x0c, 0x09, 0x05, 0x05, 0x05, 0x05, 0x09, 0x0c, 0xf1, 0x0a, 0x09, 0x08, 0x09,
0x0a, 0x11, 0x12, 0xf6, 0xf7, 0xf6, 0xf6, 0xf5, 0xee, 0xed, 0xf7, 0xf7, 0x03, 0x0b, 0x08, 0x06,
0x06, 0x06, 0x0b, 0x0d, 0x0a, 0x05, 0x05, 0x05, 0x07, 0x0b, 0x0b, 0x03, 0x00, 0xfb, 0xfd, 0xfa,
0x2b, 0xf7, 0x0b, 0x06, 0x05, 0x05, 0x05, 0x05, 0x06, 0x06, 0x01, 0x00, 0x07, 0x07, 0x05, 0x05,
0x05, 0x05, 0x09, 0x07, 0x07, 0x07, 0x07, 0xf9, 0xfc, 0x05, 0x05, 0x05, 0x05, 0x01, 0xff, 0xf7,
0xf7, 0xff, 0xff, 0x13, 0x13, 0x0b, 0xfb, 0xfb, 0xfb, 0xfb, 0xfb, 0xfb, 0xfb, 0x83, 0x11, 0xf8,
0xfb, 0x01, 0x04, 0x02, 0x05, 0x08, 0x0b, 0x0f, 0x11, 0x0f, 0x08, 0x02, 0xec, 0x12, 0x0d, 0x08,
0x0c, 0x82, 0x03, 0x04, 0x07, 0xf9, 0xfc, 0x82, 0x3f, 0xe8, 0xe9, 0xf0, 0xf1, 0xf1, 0xf1, 0xf1,
0x0d, 0x0c, 0x05, 0x04, 0x03, 0x03, 0x04, 0x00, 0xf9, 0xef, 0xef, 0xf1, 0xf5, 0xf8, 0xfb, 0xff,
0xfd, 0xfb, 0xfe, 0x00, 0x04, 0x0a, 0x0d, 0x0a, 0x07, 0x07, 0x0c, 0x10, 0x0d, 0x05, 0xfd, 0xfe,
0xfc, 0x00, 0x02, 0x04, 0x07, 0x05, 0x04, 0x05, 0xfe, 0xfe, 0x02, 0x04, 0xfa, 0xfc, 0xfd, 0xfe,
0xfe, 0x02, 0x02, 0xf4, 0xf8, 0xf3, 0xef, 0x08, 0x06, 0x0f, 0x04, 0x06, 0x22, 0xfa, 0xf2, 0xf2,
0xf2, 0x0e, 0x0e, 0xf6, 0xf6, 0xf6, 0xf6, 0xf6, 0xf6, 0xf6, 0x83, 0x3f, 0xfe, 0xfc, 0xfa, 0xf8,
0xf9, 0xfa, 0xfa, 0xfa, 0xfb, 0xfd, 0xfe, 0xff, 0x00, 0xfa, 0xfa, 0xfa, 0x02, 0x04, 0x06, 0x05,
0x07, 0x0b, 0x0b, 0x0b, 0x0b, 0x07, 0x05, 0x0a, 0x08, 0x09, 0x08, 0x07, 0x06, 0x06, 0x05, 0xfc,
0xfb, 0xfb, 0xfc, 0xfd, 0xfe, 0xff, 0xfa, 0xfa, 0xfa, 0xf9, 0xf9, 0xf9, 0xf9, 0xf9, 0xf7, 0xf7,
0xf7, 0xf6, 0xf6, 0xf6, 0xf5, 0xf6, 0xf6, 0xf7, 0xf9, 0xf9, 0xf9, 0xfa, 0x2b, 0xfa, 0xf8, 0xf7,
0xf6, 0xf6, 0xf6, 0xf5, 0xf6, 0xf6, 0xf9, 0xfa, 0xf8, 0xf9, 0xfa, 0xfa, 0xfa, 0xfa, 0xf9, 0x01,
0x02, 0x01, 0x00, 0x04, 0x02, 0xfa, 0xfa, 0xfa, 0xfa, 0xfe, 0xff, 0x05, 0x05, 0xff, 0xff, 0xff,
0xff, 0x01, 0x02, 0x02, 0x02, 0x02, 0x02, 0x02, 0x02, 0x83, 0x35, 0x07, 0x06, 0x05, 0x04, 0x03,
0x03, 0x02, 0x02, 0x04, 0x02, 0x03, 0x04, 0x04, 0x0a, 0x07, 0x0a, 0x0c, 0x0a, 0x09, 0x09, 0x09,
0x05, 0x03, 0xfd, 0xfb, 0xf8, 0xf8, 0xf8, 0xf9, 0xf8, 0xf7, 0xf6, 0xf5, 0xf6, 0xf7, 0x04, 0x05,
0x06, 0x07, 0x07, 0x07, 0x07, 0x00, 0x01, 0x00, 0x01, 0x00, 0xfe, 0xfe, 0xfd, 0xfd, 0xfd, 0xfe,
0xff, 0x81, 0x0b, 0xff, 0xff, 0x00, 0x01, 0x00, 0xfe, 0xfe, 0xff, 0xff, 0xfe, 0xff, 0xfe, 0x81,
0x1e, 0xfe, 0xfe, 0xff, 0x00, 0xff, 0x00, 0xff, 0xfe, 0xfd, 0xff, 0xff, 0xfd, 0xf6, 0xf5, 0xf3,
0xf2, 0xf6, 0xf4, 0xf6, 0xfa, 0xf7, 0xf8, 0xfa, 0xf9, 0xf9, 0xfe, 0x03, 0x03, 0x03, 0xfd, 0xfd,
0x8a, 0xbf, 0xa4, 0x06, 0xf7, 0x04, 0x05, 0x05, 0x09, 0x09, 0xf7, 0x83, 0xbf, 0xa4, 0x06, 0x14,
0x07, 0x07, 0xf7, 0xf7, 0xf7, 0x09, 0x83, 0xbf, 0xa4, 0x06, 0x0b, 0x11, 0x15, 0x15, 0xf5, 0xf5,
0x0b, 0x83, 0xbf, 0xa4, 0x06, 0x1b, 0x13, 0x13, 0x0b, 0x0b, 0x0b, 0xf5, 0x83, 0xbf, 0xa4, 0x06,
0xf6, 0xf5, 0xf0, 0xf0, 0x0a, 0x0a, 0xf6, 0x83, 0xbf, 0xa4, 0x06, 0xf1, 0xf2, 0xf2, 0xf6, 0xf6,
0xf6, 0x0a, 0x83, 0xbf, 0xa4, 0x06, 0x12, 0x04, 0xff, 0xff, 0xed, 0xed, 0x12, 0x83, 0xbf, 0xa4,
0x06, 0xf1, 0xfd, 0xfd, 0x12, 0x12, 0x12, 0xee, 0x83, 0xbf, 0xa4, 0x06, 0xf8, 0x14, 0x20, 0x20,
0x09, 0x09, 0xf8, 0x83, 0xbf, 0xa4, 0x06, 0x3c, 0x20, 0x20, 0xf8, 0xf8, 0xf8, 0x09, 0x83, 0xbf,
0xa4, 0x06, 0x08, 0x0c, 0x0d, 0x0d, 0xf9, 0xf9, 0x08, 0x83, 0xbf, 0xa4, 0x06, 0x11, 0x0d, 0x0d,
0x07, 0x07, 0x07, 0xfa, 0x83, 0x00, 0x80, 0x0c, 0x00, 0x34, 0x00, 0xc0, 0x00, 0x09, 0x00, 0xc2,
0x00, 0x06, 0x00, 0xbf, 0x00, 0x05, 0x00, 0xc0, 0x00, 0x02, 0x00, 0xc2, 0x00, 0x01, 0x00, 0xc1,
0x00, 0x00, 0x00, 0xbc, 0x00, 0x0b, 0x00, 0xc2, 0x00, 0x08, 0x00, 0xbb, 0x00, 0x0a, 0x00, 0xc2,
0x00, 0x07, 0x00, 0xc0, 0x00, 0x04, 0x00, 0xc1, 0x00, 0x03, 0x00, 0x2e, 0xed, 0xf0, 0xf6, 0xf9,
0xfa, 0xfe, 0xff, 0x00, 0xfd, 0xfc, 0xfa, 0xf7, 0xf5, 0x0b, 0x0b, 0x0b, 0x11, 0x13, 0x1b, 0x20,
0x23, 0x25, 0x25, 0x25, 0x25, 0x23, 0x20, 0x13, 0x12, 0x12, 0x12, 0x12, 0x12, 0x0c, 0x0c, 0xee,
0xee, 0xee, 0xee, 0xee, 0xf4, 0xf4, 0xeb, 0xeb, 0xf3, 0xfa, 0xfc, 0x81, 0x2c, 0xff, 0xfc, 0xfa,
0xee, 0xe1, 0xe1, 0xe1, 0xe0, 0xdf, 0xdf, 0xe5, 0xe7, 0xea, 0xe9, 0xe9, 0xeb, 0xfc, 0xfe, 0x05,
0x05, 0x05, 0x02, 0x00, 0xff, 0x00, 0x02, 0xff, 0x00, 0x01, 0x01, 0x01, 0x01, 0xfd, 0x09, 0x0a,
0x0a, 0x09, 0x13, 0x11, 0x0b, 0x0b, 0x0b, 0x0b, 0x0d, 0x0f, 0x83, 0x3e, 0x1a, 0x1c, 0x20, 0x20,
0x21, 0x1e, 0x1c, 0x1b, 0x16, 0x16, 0x15, 0x13, 0x12, 0xfc, 0x0f, 0x13, 0x16, 0x14, 0x0c, 0x0c,
0x0c, 0x0a, 0x07, 0xf9, 0xf6, 0xf4, 0xf4, 0xf4, 0xf5, 0xf5, 0xef, 0xef, 0xef, 0xef, 0xef, 0x0d,
0x0d, 0x13, 0x13, 0x13, 0x13, 0x13, 0xff, 0xf7, 0xeb, 0xe9, 0xe8, 0xe4, 0xe2, 0xe0, 0xde, 0xde,
0xe1, 0xf3, 0xff, 0xff, 0x02, 0x03, 0x05, 0x07, 0x07, 0x04, 0x01, 0x81, 0x1c, 0xfa, 0xfb, 0x03,
0x00, 0xfa, 0xef, 0xe9, 0xeb, 0xef, 0xed, 0xf0, 0xef, 0xec, 0xeb, 0xfc, 0xfa, 0xf9, 0xe6, 0xe5,
0xe3, 0xe2, 0xec, 0xea, 0xed, 0xf1, 0xde, 0xe0, 0xe2, 0xe0, 0x83, 0x3f, 0x20, 0x19, 0x08, 0x00,
0xfa, 0xf1, 0xef, 0xee, 0xf4, 0xf9, 0xfe, 0x09, 0x0d, 0xec, 0xec, 0xec, 0xdb, 0xd5, 0xd0, 0xcf,
0xca, 0xc2, 0xc2, 0xc2, 0xc2, 0xca, 0xcf, 0xd4, 0xdc, 0xd7, 0xd7, 0xdc, 0xe1, 0xea, 0xef, 0x19,
0x1e, 0x1e, 0x19, 0x14, 0x0b, 0x06, 0x1c, 0x1c, 0x07, 0xf8, 0xf3, 0xed, 0xef, 0xf1, 0xf9, 0xfd,
0x15, 0x36, 0x36, 0x36, 0x3c, 0x41, 0x42, 0x3c, 0x30, 0x27, 0x27, 0x21, 0x1d, 0x1c, 0xf3, 0xef,
0xf1, 0xf6, 0xf6, 0xf6, 0xf7, 0xfb, 0x02, 0x06, 0xf0, 0xee, 0xec, 0xec, 0xec, 0xec, 0xf1, 0xfa,
0xf9, 0xf8, 0xf8, 0xe3, 0xe9, 0xec, 0xec, 0xec, 0xec, 0xe6, 0xe5, 0x83, 0x3f, 0xc8, 0xc3, 0xbb,
0xb8, 0xb7, 0xbd, 0xc3, 0xc8, 0xd1, 0xd3, 0xd5, 0xd9, 0xdc, 0xfc, 0xee, 0xe6, 0xde, 0xe5, 0xec,
0xec, 0xec, 0xf4, 0xf9, 0x07, 0x0c, 0x14, 0x14, 0x14, 0x0c, 0x11, 0x1a, 0x1f, 0x24, 0x24, 0x1f,
0xf5, 0xf0, 0xe8, 0xe3, 0xde, 0xde, 0xe3, 0x01, 0x11, 0x28, 0x2c, 0x2d, 0x37, 0x3c, 0x41, 0x49,
0x48, 0x43, 0x1a, 0x01, 0x08, 0x16, 0x1b, 0x14, 0x0c, 0x0c, 0x14, 0x1b, 0x15, 0x1d, 0x09, 0x06,
0x04, 0x19, 0x1b, 0x20, 0x2a, 0x2f, 0x33, 0x32, 0x2e, 0x44, 0x46, 0x4a, 0x4d, 0x02, 0x04, 0x09,
0x3a, 0x3b, 0x3c, 0x3d, 0x28, 0x2f, 0x1b, 0x13, 0x52, 0x50, 0x4e, 0x4f, 0x83, 0x0c, 0xf6, 0xf6,
0xf4, 0xf2, 0xf3, 0xf5, 0xf6, 0xf7, 0xf5, 0xf4, 0xf6, 0xfb, 0xfc, 0x82, 0x3f, 0x05, 0x07, 0x08,
0x14, 0x16, 0x18, 0x18, 0x18, 0x18, 0x16, 0x14, 0x22, 0x1f, 0x1f, 0x1f, 0x1f, 0x1f, 0x1a, 0x1a,
0xe6, 0xe6, 0xe6, 0xe6, 0xe6, 0xeb, 0xeb, 0xf0, 0xf0, 0xf2, 0xf6, 0xf7, 0xf7, 0xf8, 0xf8, 0xf7,
0xf6, 0xef, 0xe8, 0xe8, 0xe8, 0xe8, 0xe7, 0xe7, 0xec, 0xee, 0xf0, 0xef, 0xef, 0xf0, 0xf4, 0xf3,
0xf4, 0xf4, 0xf4, 0xf4, 0xf4, 0xf4, 0xf6, 0xf7, 0xf7, 0xf8, 0xf8, 0xf8, 0xf8, 0x07, 0xf8, 0xf5,
0x0a, 0x0b, 0x0b, 0x0a, 0x07, 0x05, 0x83, 0x01, 0x01, 0x03, 0x83, 0x3f, 0x14, 0x14, 0x14, 0x13,
0x14, 0x12, 0x10, 0x0f, 0x0d, 0x0c, 0x0d, 0x0f, 0x0f, 0x0a, 0x15, 0x18, 0x1a, 0x18, 0x17, 0x17,
0x17, 0x15, 0x13, 0xeb, 0xe9, 0xe7, 0xe7, 0xe7, 0xeb, 0xeb, 0xe6, 0xe6, 0xe6, 0xe6, 0xe6, 0x1a,
0x1a, 0x20, 0x20, 0x20, 0x20, 0x20, 0xfe, 0xfa, 0xf2, 0xf0, 0xf0, 0xee, 0xed, 0xec, 0xea, 0xea,
0xed, 0xf8, 0xff, 0x00, 0x03, 0x04, 0x06, 0x07, 0x07, 0x06, 0x03, 0x01, 0x1d, 0x00, 0xf7, 0xf8,
0xfe, 0xff, 0xfe, 0xfc, 0xfc, 0xfe, 0xff, 0xfe, 0xfe, 0xfd, 0xfb, 0xfb, 0xf9, 0xf8, 0xf6, 0xeb,
0xea, 0xea, 0xe9, 0xe6, 0xe4, 0xe6, 0xe9, 0xf0, 0xf2, 0xf4, 0xf2, 0x83, 0x3f, 0x0a, 0x04, 0xf5,
0xed, 0xf0, 0xf6, 0xf7, 0xf8, 0xf4, 0xf1, 0xfc, 0x10, 0x19, 0xf9, 0xf9, 0xf9, 0x05, 0x0a, 0xf9,
0xef, 0xf3, 0xf9, 0xf9, 0xf9, 0xf9, 0xf3, 0xef, 0x15, 0xf2, 0xf4, 0xf5, 0xf3, 0xf1, 0xe8, 0xe6,
0x0f, 0x0d, 0x0d, 0x0f, 0x11, 0x19, 0x1b, 0x0d, 0x0d, 0xfc, 0xf1, 0xf4, 0xf8, 0xf8, 0xf7, 0xf1,
0xee, 0xf2, 0xf9, 0xf9, 0xf9, 0xf6, 0xf1, 0xf1, 0xfb, 0x01, 0x07, 0x05, 0x09, 0x1d, 0x0d, 0xf1,
0xf6, 0xf9, 0xf9, 0xf9, 0xf9, 0xf8, 0xf8, 0xfe, 0x00, 0xf6, 0xf7, 0xf9, 0xf9, 0xf9, 0xf9, 0xf3,
0xf6, 0xf7, 0xf7, 0xf6, 0x0a, 0x05, 0xf9, 0xf9, 0xf9, 0xf9, 0xfe, 0x01, 0x83, 0x11, 0x0b, 0x06,
0xfe, 0xfb, 0xfd, 0xf9, 0xf5, 0xf1, 0xea, 0xe8, 0xeb, 0xf5, 0xfd, 0x1d, 0xe7, 0xee, 0xf4, 0xef,
0x82, 0x03, 0xfa, 0xf6, 0x0a, 0x06, 0x82, 0x3f, 0x23, 0x21, 0x18, 0x16, 0x14, 0x14, 0x16, 0xed,
0xef, 0xf8, 0xfa, 0xfc, 0xfc, 0xfa, 0x00, 0x0a, 0x18, 0x18, 0x16, 0x0f, 0x0b, 0x07, 0x02, 0x04,
0x06, 0x03, 0x00, 0xfb, 0xf2, 0xed, 0xf2, 0xf6, 0xf6, 0xef, 0xe9, 0xed, 0xfa, 0x05, 0x03, 0x06,
0x00, 0xfd, 0xf9, 0xf6, 0xf9, 0xfb, 0xf9, 0x03, 0x02, 0xfd, 0xfb, 0x09, 0x06, 0x04, 0x03, 0x02,
0xfe, 0xfd, 0x11, 0x0c, 0x12, 0x19, 0xf4, 0xf8, 0x01, 0xfb, 0xf8, 0x83, 0x3f, 0xdf, 0xe2, 0xe6,
0xe9, 0xf3, 0x05, 0x09, 0x0d, 0x04, 0xfa, 0xfd, 0x03, 0x05, 0xea, 0xea, 0xea, 0x08, 0x14, 0x34,
0x48, 0x4c, 0x52, 0x52, 0x52, 0x52, 0x4c, 0x48, 0x42, 0x2c, 0x33, 0x32, 0x2c, 0x26, 0x0e, 0x08,
0xcc, 0xc5, 0xc6, 0xcc, 0xd2, 0xea, 0xf0, 0xfe, 0xfe, 0xfd, 0xfc, 0x05, 0x0d, 0x0b, 0x08, 0xf7,
0xee, 0xdd, 0xca, 0xca, 0xca, 0xbb, 0xac, 0xaf, 0xc5, 0xd7, 0xe5, 0xe0, 0xee, 0x1d, 0xfe, 0x09,
0xfc, 0xea, 0xea, 0xea, 0xe5, 0xe1, 0xdf, 0xe4, 0xe7, 0x0f, 0x10, 0x12, 0x12, 0x12, 0x12, 0x0d,
0x14, 0x15, 0x16, 0x15, 0x14, 0x08, 0xea, 0xea, 0xea, 0xea, 0xef, 0xf2, 0x83, 0x3f, 0x2f, 0x31,
0x33, 0x34, 0x39, 0x2f, 0x24, 0x1a, 0x08, 0x03, 0x04, 0x06, 0x09, 0x24, 0x41, 0x52, 0x60, 0x54,
0x34, 0x34, 0x34, 0x2e, 0x2a, 0xd6, 0xd2, 0xcc, 0xcc, 0xcc, 0xe2, 0xdb, 0xc4, 0xbe, 0xb8, 0xb8,
0xbe, 0xfa, 0x01, 0x18, 0x1e, 0x24, 0x24, 0x1e, 0x00, 0xfe, 0xfd, 0xfc, 0xf8, 0xe5, 0xdb, 0xd1,
0xc5, 0xc9, 0xce, 0xec, 0x00, 0xf2, 0xde, 0xd7, 0xe6, 0xef, 0xe9, 0xd9, 0xcd, 0xd6, 0x1d, 0xf0,
0xdc, 0xdb, 0xf7, 0x00, 0xf6, 0xe3, 0xda, 0xde, 0xe3, 0xe0, 0xb8, 0xb7, 0xb2, 0xb0, 0xe3, 0xdf,
0xdb, 0xb3, 0xb2, 0xae, 0xad, 0xac, 0xa0, 0xae, 0xbf, 0xd2, 0xd6, 0xd7, 0xd5, 0x83, 0x3f, 0x08,
0x0e, 0x19, 0x20, 0x1d, 0x19, 0x19, 0x1a, 0x14, 0x0e, 0x0a, 0x03, 0xff, 0x19, 0x19, 0x19, 0xfc,
0xf1, 0xea, 0xed, 0xe4, 0xd6, 0xd6, 0xd6, 0xd6, 0xe4, 0xed, 0xd8, 0xe2, 0xdf, 0xe0, 0xe3, 0xe6,
0xea, 0xed, 0x10, 0x13, 0x13, 0x10, 0x0d, 0x08, 0x05, 0x1a, 0x1a, 0x1b, 0x1d, 0x1b, 0x1b, 0x1d,
0x1e, 0x23, 0x25, 0x26, 0x29, 0x29, 0x29, 0x2a, 0x2a, 0x29, 0x24, 0x1e, 0x1b, 0x1b, 0x19, 0x1d,
0x19, 0x20, 0x22, 0x29, 0x29, 0x29, 0x29, 0x2a, 0x2b, 0x1c, 0x17, 0x1f, 0x1c, 0x19, 0x19, 0x19,
0x19, 0x1d, 0xfe, 0xfb, 0xfc, 0xff, 0xf1, 0xfc, 0x19, 0x19, 0x19, 0x19, 0x0a, 0x05, 0x83, 0x35,
0xe4, 0xe8, 0xee, 0xf1, 0xf0, 0xf3, 0xf7, 0xf6, 0xf3, 0xf7, 0xf5, 0xf1, 0xef, 0xd8, 0xe6, 0xd7,
0xcc, 0xd7, 0xde, 0xde, 0xde, 0xec, 0xf5, 0x0b, 0x14, 0x22, 0x22, 0x22, 0x1d, 0x20, 0x24, 0x27,
0x2a, 0x29, 0x26, 0xf0, 0xed, 0xe9, 0xe6, 0xe3, 0xe3, 0xe6, 0x00, 0xfe, 0xfd, 0xfe, 0xff, 0x05,
0x08, 0x0b, 0x0d, 0x0c, 0x09, 0x03, 0x81, 0x25, 0x03, 0x04, 0x00, 0xfd, 0xff, 0x05, 0x08, 0x05,
0x03, 0x08, 0x02, 0x07, 0x00, 0x03, 0x07, 0x0a, 0x04, 0x00, 0x06, 0xff, 0x02, 0x0a, 0x0e, 0x03,
0x06, 0x0a, 0x27, 0x2a, 0x34, 0x37, 0x29, 0x34, 0x29, 0x1a, 0x26, 0x1f, 0x19, 0x1e, 0x83, 0x2e,
0x0a, 0x08, 0x05, 0x04, 0x03, 0x01, 0x01, 0x00, 0x02, 0x02, 0x03, 0x04, 0x06, 0xfb, 0xfb, 0xfb,
0xf8, 0xf7, 0xf3, 0xf0, 0xee, 0xee, 0xee, 0xee, 0xee, 0xee, 0xf0, 0xf7, 0xf7, 0xf7, 0xf7, 0xf7,
0xf7, 0xfa, 0xfa, 0x09, 0x09, 0x09, 0x09, 0x09, 0x06, 0x06, 0x0b, 0x0b, 0x07, 0x03, 0x02, 0x81,
0x1a, 0x01, 0x02, 0x03, 0x09, 0x10, 0x10, 0x10, 0x10, 0x11, 0x11, 0x0d, 0x0d, 0x0b, 0x0c, 0x0c,
0x0b, 0x02, 0x01, 0xfe, 0xfe, 0xfe, 0xff, 0x00, 0x01, 0x00, 0xff, 0x01, 0x84, 0x0c, 0x02, 0xfc,
0xfb, 0xfb, 0xfc, 0xf7, 0xf8, 0xfb, 0xfb, 0xfb, 0xfb, 0xfa, 0xf9, 0x83, 0x3d, 0xf3, 0xf2, 0xf0,
0xf0, 0xef, 0xf1, 0xf2, 0xf3, 0xf5, 0xf5, 0xf6, 0xf7, 0xf7, 0x02, 0xf9, 0xf6, 0xf5, 0xf6, 0xfa,
0xfa, 0xfa, 0xfb, 0xfd, 0x04, 0x05, 0x06, 0x06, 0x06, 0x06, 0x05, 0x09, 0x09, 0x08, 0x08, 0x09,
0xfa, 0xfa, 0xf6, 0xf7, 0xf7, 0xf7, 0xf7, 0x01, 0x05, 0x0b, 0x0c, 0x0c, 0x0e, 0x0f, 0x10, 0x11,
0x11, 0x10, 0x06, 0x01, 0x00, 0xff, 0xff, 0xfe, 0xfd, 0xfc, 0xfd, 0x82, 0x1c, 0x03, 0x02, 0xfe,
0x00, 0x03, 0x08, 0x0c, 0x0b, 0x09, 0x0a, 0x08, 0x08, 0x0a, 0x0b, 0x02, 0x03, 0x03, 0x0d, 0x0d,
0x0f, 0x0f, 0x0a, 0x0b, 0x0a, 0x08, 0x11, 0x10, 0x0f, 0x10, 0x83, 0x3f, 0xf0, 0xf3, 0xfd, 0x00,
0x03, 0x08, 0x09, 0x0a, 0x06, 0x04, 0x01, 0xfb, 0xfa, 0x0a, 0x0a, 0x0a, 0x13, 0x16, 0x18, 0x19,
0x1b, 0x1f, 0x1f, 0x1f, 0x1f, 0x1b, 0x19, 0x16, 0x12, 0x15, 0x15, 0x12, 0x0f, 0x0b, 0x09, 0xf4,
0xf1, 0xf1, 0xf4, 0xf6, 0xfa, 0xfd, 0xf2, 0xf2, 0xfd, 0x04, 0x06, 0x09, 0x09, 0x08, 0x03, 0x02,
0xf6, 0xe5, 0xe5, 0xe5, 0xe2, 0xe0, 0xe0, 0xe1, 0xe9, 0xec, 0xed, 0xf0, 0x1d, 0xf2, 0x07, 0x08,
0x07, 0x05, 0x05, 0x05, 0x05, 0x03, 0xff, 0xfd, 0x08, 0x0a, 0x0a, 0x0a, 0x0a, 0x0a, 0x08, 0x03,
0x04, 0x04, 0x04, 0x0f, 0x0c, 0x0a, 0x0a, 0x0a, 0x0a, 0x0d, 0x0e, 0x83, 0x3f, 0x1c, 0x1e, 0x23,
0x24, 0x24, 0x21, 0x1f, 0x1c, 0x18, 0x17, 0x16, 0x14, 0x12, 0x02, 0x09, 0x0c, 0x11, 0x0e, 0x0a,
0x0a, 0x0a, 0x06, 0x04, 0xfd, 0xfa, 0xf6, 0xf6, 0xf6, 0xfa, 0xf7, 0xf3, 0xf1, 0xee, 0xee, 0xf1,
0x06, 0x08, 0x0c, 0x0f, 0x11, 0x11, 0x0f, 0x00, 0xf7, 0xec, 0xea, 0xe9, 0xe4, 0xe2, 0xe0, 0xdc,
0xdc, 0xdf, 0xf3, 0x00, 0xfb, 0xf5, 0xf3, 0xf7, 0xfb, 0xf9, 0xf5, 0xf3, 0xf6, 0x1d, 0xfc, 0xfd,
0xfe, 0xf4, 0xf3, 0xf1, 0xea, 0xe9, 0xe7, 0xe7, 0xe9, 0xde, 0xdc, 0xdb, 0xda, 0xff, 0xfe, 0xfb,
0xe3, 0xe2, 0xe3, 0xe2, 0xec, 0xe9, 0xf3, 0xf7, 0xd7, 0xd8, 0xd9, 0xd9, 0x83, 0x2e, 0x0a, 0x08,
0x05, 0x04, 0x03, 0x01, 0x01, 0x00, 0x01, 0x02, 0x03, 0x04, 0x06, 0xfb, 0xfb, 0xfb, 0xf7, 0xf7,
0xf3, 0xf0, 0xee, 0xee, 0xee, 0xee, 0xee, 0xee, 0xf0, 0xf7, 0xf7, 0xf8, 0xf8, 0xf7, 0xf6, 0xfb,
0xfa, 0x09, 0x08, 0x08, 0x09, 0x0a, 0x05, 0x06, 0x0b, 0x0b, 0x06, 0x03, 0x02, 0x81, 0x15, 0x01,
0x02, 0x03, 0x09, 0x10, 0x10, 0x10, 0x10, 0x11, 0x11, 0x0d, 0x0d, 0x0b, 0x0c, 0x0c, 0x0b, 0x02,
0x01, 0xfe, 0xfe, 0xfe, 0xff, 0x82, 0x01, 0xff, 0x01, 0x84, 0x0c, 0x01, 0xfc, 0xfb, 0xfb, 0xfc,
0xf7, 0xf7, 0xfb, 0xfb, 0xfb, 0xfb, 0xfa, 0xf9, 0x83, 0x3d, 0xf3, 0xf1, 0xef, 0xf0, 0xef, 0xf1,
0xf2, 0xf3, 0xf5, 0xf5, 0xf6, 0xf7, 0xf7, 0x02, 0xf9, 0xf7, 0xf5, 0xf6, 0xfa, 0xfa, 0xfa, 0xfb,
0xfd, 0x04, 0x05, 0x06, 0x06, 0x06, 0x06, 0x05, 0x09, 0x09, 0x08, 0x08, 0x09, 0xfa, 0xfa, 0xf6,
0xf7, 0xf7, 0xf7, 0xf7, 0x01, 0x05, 0x0a, 0x0c, 0x0c, 0x0e, 0x0f, 0x10, 0x11, 0x11, 0x0f, 0x07,
0x01, 0x01, 0xff, 0xff, 0xfe, 0xfd, 0xfc, 0xfe, 0x82, 0x1c, 0x03, 0x02, 0xff, 0x00, 0x03, 0x08,
0x0c, 0x0b, 0x08, 0x0a, 0x08, 0x08, 0x0a, 0x0b, 0x02, 0x03, 0x04, 0x0d, 0x0d, 0x0f, 0x0f, 0x0a,
0x0b, 0x09, 0x08, 0x11, 0x10, 0x0f, 0x10, 0x83, 0x3f, 0xec, 0xf0, 0xfb, 0x00, 0x04, 0x09, 0x0a,
0x0c, 0x07, 0x04, 0x01, 0xfa, 0xf8, 0x0c, 0x0c, 0x0c, 0x17, 0x1b, 0x1e, 0x1e, 0x21, 0x26, 0x26,
0x26, 0x26, 0x21, 0x1e, 0x1b, 0x16, 0x1a, 0x1a, 0x16, 0x13, 0x0e, 0x0a, 0xf1, 0xed, 0xee, 0xf1,
0xf4, 0xf9, 0xfc, 0xef, 0xef, 0xfc, 0x05, 0x08, 0x0c, 0x0a, 0x09, 0x04, 0x02, 0xf3, 0xdf, 0xdf,
0xdf, 0xda, 0xd8, 0xd7, 0xdb, 0xe2, 0xe8, 0xe8, 0xec, 0x1d, 0xef, 0x08, 0x0b, 0x09, 0x06, 0x06,
0x06, 0x06, 0x03, 0xff, 0xfc, 0x0a, 0x0b, 0x0c, 0x0c, 0x0c, 0x0c, 0x09, 0x04, 0x04, 0x05, 0x05,
0x12, 0x0e, 0x0c, 0x0c, 0x0c, 0x0c, 0x10, 0x11, 0x83, 0x3f, 0x23, 0x25, 0x2b, 0x2c, 0x2d, 0x2a,
0x26, 0x22, 0x1d, 0x1c, 0x1b, 0x18, 0x16, 0x02, 0x0b, 0x10, 0x15, 0x11, 0x0c, 0x0c, 0x0c, 0x07,
0x04, 0xfc, 0xf9, 0xf4, 0xf4, 0xf4, 0xf9, 0xf5, 0xf1, 0xed, 0xe9, 0xea, 0xed, 0x07, 0x0a, 0x0f,
0x12, 0x15, 0x15, 0x12, 0xff, 0xf6, 0xe7, 0xe5, 0xe5, 0xde, 0xdb, 0xd8, 0xd3, 0xd4, 0xd7, 0xf0,
0xff, 0xfb, 0xf3, 0xef, 0xf3, 0xf9, 0xf8, 0xf3, 0xef, 0xf3, 0x1d, 0xfa, 0xfc, 0xfe, 0xf1, 0xef,
0xec, 0xe6, 0xe3, 0xe1, 0xe1, 0xe4, 0xd6, 0xd5, 0xd3, 0xd1, 0xff, 0xfe, 0xfa, 0xdc, 0xdc, 0xdb,
0xda, 0xe7, 0xe3, 0xf0, 0xf4, 0xcd, 0xce, 0xd0, 0xcf, 0x83, 0x3f, 0xf9, 0xfd, 0x08, 0x0d, 0x0b,
0x07, 0x06, 0x05, 0x08, 0x0b, 0x03, 0xf5, 0xef, 0x05, 0x05, 0x05, 0xfc, 0xf9, 0x05, 0x0c, 0x09,
0x05, 0x05, 0x05, 0x05, 0x09, 0x0c, 0xf1, 0x0a, 0x09, 0x08, 0x09, 0x0a, 0x11, 0x12, 0xf6, 0xf7,
0xf6, 0xf6, 0xf5, 0xee, 0xed, 0xf7, 0xf7, 0x03, 0x0b, 0x08, 0x06, 0x06, 0x06, 0x0b, 0x0d, 0x0a,
0x05, 0x05, 0x05, 0x07, 0x0b, 0x0b, 0x03, 0x00, 0xfb, 0xfd, 0xfa, 0x1d, 0xf7, 0x0b, 0x06, 0x05,
0x05, 0x05, 0x05, 0x06, 0x06, 0x01, 0x00, 0x07, 0x07, 0x05, 0x05, 0x05, 0x05, 0x09, 0x07, 0x07,
0x07, 0x07, 0xf9, 0xfc, 0x05, 0x05, 0x05, 0x05, 0x01, 0xff, 0x83, 0x11, 0xf8, 0xfb, 0x01, 0x04,
0x02, 0x05, 0x08, 0x0b, 0x0f, 0x11, 0x0f, 0x08, 0x02, 0xec, 0x12, 0x0d, 0x08, 0x0c, 0x82, 0x03,
0x04, 0x07, 0xf9, 0xfc, 0x82, 0x3f, 0xe8, 0xe9, 0xf0, 0xf1, 0xf1, 0xf1, 0xf1, 0x0d, 0x0c, 0x05,
0x04, 0x03, 0x03, 0x04, 0x00, 0xf9, 0xef, 0xef, 0xf1, 0xf5, 0xf8, 0xfb, 0xff, 0xfd, 0xfb, 0xfe,
0x00, 0x04, 0x0a, 0x0d, 0x0a, 0x07, 0x07, 0x0c, 0x10, 0x0d, 0x05, 0xfd, 0xfe, 0xfc, 0x00, 0x02,
0x04, 0x07, 0x05, 0x04, 0x05, 0xfe, 0xfe, 0x02, 0x04, 0xfa, 0xfc, 0xfd, 0xfe, 0xfe, 0x02, 0x02,
0xf4, 0xf8, 0xf3, 0xef, 0x08, 0x06, 0x01, 0x04, 0x06, 0x83, 0x3f, 0xfe, 0xfc, 0xfa, 0xf8, 0xf9,
0xfa, 0xfa, 0xfa, 0xfb, 0xfd, 0xfe, 0xff, 0x00, 0xfa, 0xfa, 0xfa, 0x02, 0x04, 0x06, 0x05, 0x07,
0x0b, 0x0b, 0x0b, 0x0b, 0x07, 0x05, 0x0a, 0x08, 0x09, 0x08, 0x07, 0x06, 0x06, 0x05, 0xfc, 0xfb,
0xfb, 0xfc, 0xfd, 0xfe, 0xff, 0xfa, 0xfa, 0xfa, 0xf9, 0xf9, 0xf9, 0xf9, 0xf9, 0xf7, 0xf7, 0xf7,
0xf6, 0xf6, 0xf6, 0xf5, 0xf6, 0xf6, 0xf7, 0xf9, 0xf9, 0xf9, 0xfa, 0x1d, 0xfa, 0xf8, 0xf7, 0xf6,
0xf6, 0xf6, 0xf5, 0xf6, 0xf6, 0xf9, 0xfa, 0xf8, 0xf9, 0xfa, 0xfa, 0xfa, 0xfa, 0xf9, 0x01, 0x02,
0x01, 0x00, 0x04, 0x02, 0xfa, 0xfa, 0xfa, 0xfa, 0xfe, 0xff, 0x83, 0x35, 0x07, 0x06, 0x05, 0x04,
0x03, 0x03, 0x02, 0x02, 0x04, 0x02, 0x03, 0x04, 0x04, 0x0a, 0x07, 0x0a, 0x0c, 0x0a, 0x09, 0x09,
0x09, 0x05, 0x03, 0xfd, 0xfb, 0xf8, 0xf8, 0xf8, 0xf9, 0xf8, 0xf7, 0xf6, 0xf5, 0xf6, 0xf7, 0x04,
0x05, 0x06, 0x07, 0x07, 0x07, 0x07, 0x00, 0x01, 0x00, 0x01, 0x00, 0xfe, 0xfe, 0xfd, 0xfd, 0xfd,
0xfe, 0xff, 0x81, 0x0b, 0xff, 0xff, 0x00, 0x01, 0x00, 0xfe, 0xfe, 0xff, 0xff, 0xfe, 0xff, 0xfe,
0x81, 0x17, 0xfe, 0xfe, 0xff, 0x00, 0xff, 0x00, 0xff, 0xfe, 0xfd, 0xff, 0xff, 0xfd, 0xf6, 0xf5,
0xf3, 0xf2, 0xf6, 0xf4, 0xf6, 0xfa, 0xf7, 0xf8, 0xfa, 0xf9, 0x83, 0x00, 0x80, 0x19, 0x00, 0x68,
0x00, 0x0e, 0x00, 0x0d, 0x00, 0x34, 0x20, 0x09, 0x00, 0x34, 0x20, 0x06, 0x00, 0x25, 0x20, 0x05,
0x00, 0x36, 0x00, 0x02, 0x00, 0x2f, 0x00, 0x01, 0x00, 0x37, 0x00, 0x00, 0x00, 0x0a, 0x00, 0x14,
0x00, 0x0a, 0x00, 0x18, 0x00, 0x0c, 0x00, 0x0c, 0x00, 0x0a, 0x00, 0x0f, 0x00, 0x05, 0x00, 0x17,
0x00, 0x0a, 0x00, 0x0e, 0x00, 0x37, 0x00, 0x0b, 0x00, 0x37, 0x00, 0x08, 0x00, 0x37, 0x00, 0x0a,
0x00, 0x31, 0x20, 0x07, 0x00, 0x36, 0x00, 0x04, 0x00, 0x2e, 0x20, 0x03, 0x00, 0x0a, 0x00, 0x16,
0x00, 0x0a, 0x00, 0x13, 0x00, 0x0a, 0x00, 0x15, 0x00, 0x0a, 0x00, 0x12, 0x00, 0x0a, 0x00, 0x11,
0x00, 0x0a, 0x00, 0x10, 0x00, 0x94, 0x40, 0x00, 0xd2, 0x87, 0x93, 0x40, 0x00, 0x86, 0x80, 0x40,
0xff, 0x7a, 0x86, 0x10, 0x0f, 0x02, 0x02, 0x01, 0x01, 0x02, 0x02, 0x01, 0x02, 0x02, 0x01, 0x02,
0x01, 0x01, 0x03, 0x01, 0x01, 0x0f, 0x0e, 0x09, 0x09, 0x07, 0xf1, 0xef, 0xef, 0xf1, 0x07, 0x09,
0x0b, 0x0e, 0x04, 0x04, 0xfe, 0x04, 0x0f, 0xf2, 0xee, 0xee, 0xef, 0xfb, 0xfe, 0x02, 0x05, 0x11,
0x12, 0x12, 0x0e, 0x00, 0x04, 0x00, 0xfc, 0x10, 0x0f, 0x00, 0x01, 0x04, 0x01, 0x01, 0x01, 0x02,
0x02, 0x01, 0x01, 0x01, 0x03, 0x02, 0x03, 0x01, 0x01, 0x0f, 0xe4, 0xe4, 0xf3, 0xf6, 0xf8, 0x10,
0x17, 0x13, 0x10, 0xf8, 0xf6, 0xec, 0xfe, 0xfe, 0xf0, 0xfe, 0x0f, 0xf1, 0x0f, 0x1c, 0x1b, 0x19,
0x0b, 0x03, 0xf7, 0xf5, 0xe7, 0xe5, 0xe4, 0x00, 0x0a, 0x00, 0xf6, 0x0b, 0x0a, 0x02, 0x04, 0x02,
0x04, 0x01, 0x04, 0x02, 0x01, 0x03, 0x01, 0x01, 0x0a, 0x10, 0x0b, 0xf6, 0xf5, 0xf6, 0x0c, 0x10,
0x09, 0x08, 0x02, 0x08, 0x0a, 0xf6, 0xf3, 0xfc, 0x03, 0x04, 0x0d, 0x0a, 0x01, 0x02, 0x00, 0xfe,
0x82, 0x16, 0xfa, 0xf6, 0xf5, 0xf2, 0xf1, 0x0d, 0x0b, 0x09, 0x09, 0x0b, 0x0d, 0xf1, 0xf2, 0xf5,
0xf6, 0xfa, 0x00, 0xec, 0xec, 0xec, 0xec, 0x27, 0xec, 0x83, 0x19, 0xf1, 0x15, 0x12, 0x0b, 0x0b,
0x0b, 0x0c, 0x0d, 0xfa, 0xfb, 0x01, 0x05, 0x0b, 0x0c, 0xf9, 0xfa, 0xfb, 0xfb, 0xfb, 0xf4, 0x03,
0x03, 0x03, 0xde, 0x03, 0x28, 0x83, 0x13, 0x34, 0x34, 0x34, 0x2e, 0x2a, 0x29, 0x26, 0x25, 0xad,
0xab, 0xa9, 0xa9, 0xab, 0xad, 0x25, 0x26, 0x29, 0x2a, 0x2e, 0x34, 0x83, 0x00, 0x02, 0x84, 0x13,
0x4c, 0xb4, 0xb1, 0xaa, 0xaa, 0xaa, 0xab, 0xac, 0xf7, 0xf8, 0xfe, 0x02, 0x08, 0x09, 0x54, 0x55,
0x56, 0x56, 0x56, 0x4f, 0x89, 0x19, 0xde, 0xde, 0xde, 0xec, 0xf5, 0xf8, 0xff, 0x02, 0x20, 0x25,
0x2b, 0x2b, 0x25, 0x20, 0x02, 0xff, 0xf8, 0xf5, 0xec, 0xde, 0x0c, 0x0c, 0x0c, 0x0c, 0xe9, 0x0c,
0x83, 0x13, 0xed, 0x13, 0x1e, 0x2a, 0x2a, 0x2a, 0x29, 0x27, 0x13, 0x10, 0x05, 0xfb, 0xf0, 0xed,
0xd9, 0xd7, 0xd6, 0xd6, 0xd6, 0xe2, 0x82, 0x02, 0x17, 0x00, 0xe9, 0x83, 0x94, 0x00, 0xfa, 0x87,
0x93, 0x02, 0xfc, 0x00, 0x04, 0x86, 0x94, 0x00, 0xf2, 0x87, 0x93, 0x02, 0xf6, 0x00, 0x0a, 0x86,
0x93, 0x02, 0xff, 0xf9, 0xff, 0x86, 0x93, 0x02, 0xfd, 0xff, 0x01, 0x86, 0x94, 0x00, 0x3b, 0x87,
0x93, 0x02, 0x25, 0x00, 0xdb, 0x86, 0x94, 0x00, 0x02, 0x87, 0x9d, 0x94, 0x00, 0xdd, 0x87, 0x93,
0x02, 0xe9, 0x00, 0x17, 0x86, 0x19, 0xf9, 0xf9, 0xf9, 0xfb, 0xfc, 0xfb, 0xfd, 0xfd, 0x08, 0x08,
0x09, 0x09, 0x08, 0x08, 0xfd, 0xfd, 0xfb, 0xfc, 0xfb, 0xf9, 0xfe, 0xfe, 0xfe, 0xfe, 0x01, 0xfe,
0x83, 0x13, 0xfa, 0x07, 0x06, 0x09, 0x09, 0x09, 0x09, 0x09, 0x03, 0x02, 0x01, 0xff, 0xfe, 0xfe,
0xf8, 0xf7, 0xf7, 0xf7, 0xf7, 0xfa, 0x82, 0x02, 0xfe, 0x00, 0x02, 0x83, 0x19, 0x0e, 0x0e, 0x0e,
0x0a, 0x08, 0x06, 0x05, 0x04, 0xf8, 0xf6, 0xf5, 0xf5, 0xf6, 0xf8, 0x04, 0x05, 0x06, 0x08, 0x0a,
0x0e, 0x01, 0x01, 0x01, 0x01, 0x08, 0x01, 0x83, 0x13, 0x08, 0xf9, 0xf5, 0xf2, 0xf2, 0xf2, 0xf3,
0xf4, 0xfb, 0xfc, 0xfe, 0x02, 0x04, 0x06, 0x0d, 0x0d, 0x0e, 0x0e, 0x0e, 0x0b, 0x82, 0x02, 0xfb,
0x00, 0x05, 0x83, 0x19, 0xf9, 0xf9, 0xf9, 0xfb, 0xfc, 0xfb, 0xfd, 0xfd, 0x08, 0x08, 0x09, 0x09,
0x08, 0x08, 0xfd, 0xfd, 0xfb, 0xfc, 0xfb, 0xf9, 0xfe, 0xfe, 0xfe, 0xfe, 0x01, 0xfe, 0x83, 0x13,
0xfa, 0x07, 0x06, 0x09, 0x09, 0x09, 0x09, 0x09, 0x03, 0x02, 0x01, 0xff, 0xfe, 0xfe, 0xf8, 0xf7,
0xf7, 0xf7, 0xf7, 0xfa, 0x82, 0x02, 0xfe, 0x00, 0x02, 0x83, 0x0f, 0x0e, 0x00, 0x01, 0x05, 0x01,
0x01, 0x01, 0x02, 0x01, 0x01, 0x01, 0x01, 0x05, 0x03, 0x01, 0x01, 0x0e, 0x11, 0x11, 0x06, 0x05,
0xf6, 0xf5, 0xf2, 0xf5, 0xf6, 0x05, 0x06, 0x01, 0x01, 0x0a, 0x01, 0x0e, 0x09, 0xf7, 0xef, 0xf1,
0xf9, 0xfb, 0x02, 0x05, 0x07, 0x0f, 0x11, 0x00, 0xfa, 0x00, 0x06, 0x82, 0x16, 0x04, 0x07, 0x07,
0x0a, 0x0b, 0xf7, 0xf8, 0xfa, 0xfa, 0xf8, 0xf7, 0x0b, 0x0a, 0x07, 0x07, 0x04, 0x00, 0x0e, 0x0e,
0x0e, 0x0e, 0xe5, 0x0e, 0x83, 0x19, 0x0b, 0xf1, 0xf3, 0xf8, 0xf8, 0xf8, 0xf8, 0xf7, 0x04, 0x04,
0xff, 0xfd, 0xf8, 0xf8, 0x05, 0x04, 0x04, 0x04, 0x04, 0x09, 0xfe, 0xfe, 0xfe, 0x18, 0xfe, 0xe4,
0x83, 0x0e, 0x0d, 0x00, 0x01, 0x01, 0x04, 0x02, 0x02, 0x01, 0x02, 0x02, 0x03, 0x02, 0x03, 0x01,
0x01, 0x0d, 0x09, 0x09, 0x09, 0x00, 0xf8, 0xf5, 0xf5, 0xf8, 0x00, 0x05, 0xfd, 0xfd, 0x06, 0xfd,
0x0d, 0x05, 0xfb, 0xf8, 0xf6, 0xfb, 0xff, 0x01, 0x05, 0x0a, 0x0b, 0x00, 0xfa, 0x00, 0x06, 0x94,
0x00, 0xe9, 0x87, 0x93, 0x02, 0xf2, 0x00, 0x0f, 0x86, 0x94, 0x00, 0xf1, 0x87, 0x93, 0x02, 0xf8,
0x00, 0x09, 0x86, 0x94, 0x00, 0x05, 0x87, 0x93, 0x02, 0x04, 0x00, 0xfc, 0x86, 0x94, 0x00, 0x1c,
0x87, 0x93, 0x02, 0x13, 0x00, 0xed, 0x86, 0x94, 0x00, 0xc4, 0x87, 0x93, 0x02, 0xdb, 0x00, 0x25,
0x86, 0x94, 0x00, 0xf7, 0x87, 0x93, 0x02, 0xfb, 0x00, 0x05, 0x86, 0x00, 0x80, 0x0c, 0x00, 0x34,
0x00, 0x28, 0x20, 0x09, 0x00, 0x28, 0x20, 0x06, 0x00, 0x19, 0x20, 0x05, 0x00, 0x29, 0x00, 0x02,
0x00, 0x2c, 0x00, 0x01, 0x00, 0x2c, 0x00, 0x00, 0x00, 0x2c, 0x00, 0x0b, 0x00, 0x2c, 0x00, 0x08,
0x00, 0x2c, 0x00, 0x0a, 0x00, 0x25, 0x20, 0x07, 0x00, 0x29, 0x00, 0x04, 0x00, 0x22, 0x20, 0x03,
0x00, 0x0c, 0x0b, 0x02, 0x02, 0x01, 0x01, 0x02, 0x02, 0x01, 0x02, 0x02, 0x01, 0x02, 0x01, 0x0b,
0x0e, 0x09, 0x09, 0x07, 0xf1, 0xef, 0xef, 0xf1, 0x07, 0x09, 0x0b, 0x0e, 0x0b, 0xf2, 0xee, 0xee,
0xef, 0xfb, 0xfe, 0x02, 0x05, 0x11, 0x12, 0x12, 0x0e, 0x0c, 0x0b, 0x00, 0x01, 0x04, 0x01, 0x01,
0x01, 0x02, 0x02, 0x01, 0x01, 0x01, 0x03, 0x0b, 0xe4, 0xe4, 0xf3, 0xf6, 0xf8, 0x10, 0x17, 0x13,
0x10, 0xf8, 0xf6, 0xec, 0x0b, 0xf1, 0x0f, 0x1c, 0x1b, 0x19, 0x0b, 0x03, 0xf7, 0xf5, 0xe7, 0xe5,
0xe4, 0x07, 0x06, 0x02, 0x04, 0x02, 0x04, 0x01, 0x04, 0x02, 0x06, 0x10, 0x0b, 0xf6, 0xf5, 0xf6,
0x0c, 0x10, 0x06, 0xf6, 0xf3, 0xfc, 0x03, 0x04, 0x0d, 0x0a, 0x82, 0x0f, 0xfa, 0xf6, 0xf5, 0xf2,
0xf1, 0x0d, 0x0b, 0x09, 0x09, 0x0b, 0x0d, 0xf1, 0xf2, 0xf5, 0xf6, 0xfa, 0x84, 0x13, 0xf1, 0x15,
0x12, 0x0b, 0x0b, 0x0b, 0x0c, 0x0d, 0xfa, 0xfb, 0x01, 0x05, 0x0b, 0x0c, 0xf9, 0xfa, 0xfb, 0xfb,
0xfb, 0xf4, 0x83, 0x13, 0x34, 0x34, 0x34, 0x2e, 0x2a, 0x29, 0x26, 0x25, 0xad, 0xab, 0xa9, 0xa9,
0xab, 0xad, 0x25, 0x26, 0x29, 0x2a, 0x2e, 0x34, 0x83, 0x13, 0x4c, 0xb4, 0xb1, 0xaa, 0xaa, 0xaa,
0xab, 0xac, 0xf7, 0xf8, 0xfe, 0x02, 0x08, 0x09, 0x54, 0x55, 0x56, 0x56, 0x56, 0x4f, 0x83, 0x13,
0xde, 0xde, 0xde, 0xec, 0xf5, 0xf8, 0xff, 0x02, 0x20, 0x25, 0x2b, 0x2b, 0x25, 0x20, 0x02, 0xff,
0xf8, 0xf5, 0xec, 0xde, 0x83, 0x13, 0xed, 0x13, 0x1e, 0x2a, 0x2a, 0x2a, 0x29, 0x27, 0x13, 0x10,
0x05, 0xfb, 0xf0, 0xed, 0xd9, 0xd7, 0xd6, 0xd6, 0xd6, 0xe2, 0x83, 0x13, 0xf9, 0xf9, 0xf9, 0xfb,
0xfc, 0xfb, 0xfd, 0xfd, 0x08, 0x08, 0x09, 0x09, 0x08, 0x08, 0xfd, 0xfd, 0xfb, 0xfc, 0xfb, 0xf9,
0x83, 0x13, 0xfa, 0x07, 0x06, 0x09, 0x09, 0x09, 0x09, 0x09, 0x03, 0x02, 0x01, 0xff, 0xfe, 0xfe,
0xf8, 0xf7, 0xf7, 0xf7, 0xf7, 0xfa, 0x83, 0x13, 0x0e, 0x0e, 0x0e, 0x0a, 0x08, 0x06, 0x05, 0x04,
0xf8, 0xf6, 0xf5, 0xf5, 0xf6, 0xf8, 0x04, 0x05, 0x06, 0x08, 0x0a, 0x0e, 0x83, 0x13, 0x08, 0xf9,
0xf5, 0xf2, 0xf2, 0xf2, 0xf3, 0xf4, 0xfb, 0xfc, 0xfe, 0x02, 0x04, 0x06, 0x0d, 0x0d, 0x0e, 0x0e,
0x0e, 0x0b, 0x83, 0x13, 0xf9, 0xf9, 0xf9, 0xfb, 0xfc, 0xfb, 0xfd, 0xfd, 0x08, 0x08, 0x09, 0x09,
0x08, 0x08, 0xfd, 0xfd, 0xfb, 0xfc, 0xfb, 0xf9, 0x83, 0x13, 0xfa, 0x07, 0x06, 0x09, 0x09, 0x09,
0x09, 0x09, 0x03, 0x02, 0x01, 0xff, 0xfe, 0xfe, 0xf8, 0xf7, 0xf7, 0xf7, 0xf7, 0xfa, 0x83, 0x0b,
0x0a, 0x00, 0x01, 0x05, 0x01, 0x01, 0x01, 0x02, 0x01, 0x01, 0x01, 0x01, 0x0a, 0x11, 0x11, 0x06,
0x05, 0xf6, 0xf5, 0xf2, 0xf5, 0xf6, 0x05, 0x06, 0x0a, 0x09, 0xf7, 0xef, 0xf1, 0xf9, 0xfb, 0x02,
0x05, 0x07, 0x0f, 0x11, 0x82, 0x0f, 0x04, 0x07, 0x07, 0x0a, 0x0b, 0xf7, 0xf8, 0xfa, 0xfa, 0xf8,
0xf7, 0x0b, 0x0a, 0x07, 0x07, 0x04, 0x84, 0x13, 0x0b, 0xf1, 0xf3, 0xf8, 0xf8, 0xf8, 0xf8, 0xf7,
0x04, 0x04, 0xff, 0xfd, 0xf8, 0xf8, 0x05, 0x04, 0x04, 0x04, 0x04, 0x09, 0x83, 0x0a, 0x09, 0x00,
0x01, 0x01, 0x04, 0x02, 0x02, 0x01, 0x02, 0x02, 0x03, 0x09, 0x09, 0x09, 0x09, 0x00, 0xf8, 0xf5,
0xf5, 0xf8, 0x00, 0x05, 0x09, 0x05, 0xfb, 0xf8, 0xf6, 0xfb, 0xff, 0x01, 0x05, 0x0a, 0x0b, 0x00,
0x80, 0x19, 0x00, 0x68, 0x00, 0x20, 0x20, 0x0d, 0x00, 0x32, 0x00, 0x09, 0x00, 0x61, 0x20, 0x06,
0x00, 0x31, 0x00, 0x05, 0x00, 0x32, 0x00, 0x02, 0x00, 0x52, 0x20, 0x01, 0x00, 0x32, 0x00, 0x00,
0x00, 0x2c, 0x20, 0x14, 0x00, 0x20, 0x20, 0x18, 0x00, 0x58, 0x20, 0x0c, 0x00, 0x2c, 0x20, 0x0f,
0x00, 0x2c, 0x20, 0x17, 0x00, 0x20, 0x20, 0x0e, 0x00, 0x32, 0x00, 0x0b, 0x00, 0x61, 0x20, 0x08,
0x00, 0x32, 0x00, 0x0a, 0x00, 0x61, 0x20, 0x07, 0x00, 0x51, 0x20, 0x04, 0x00, 0x32, 0x00, 0x03,
0x00, 0x2c, 0x20, 0x16, 0x00, 0x2c, 0x20, 0x13, 0x00, 0x2c, 0x20, 0x15, 0x00, 0x2c, 0x20, 0x12,
0x00, 0x32, 0x20, 0x11, 0x00, 0x34, 0x20, 0x10, 0x18, 0x17, 0x00, 0x03, 0x01, 0x03, 0x01, 0x03,
0x01, 0x03, 0x01, 0x03, 0x01, 0x03, 0x01, 0x03, 0x01, 0x03, 0x02, 0x02, 0x02, 0x02, 0x02, 0x02,
0x02, 0x02, 0x0e, 0x0d, 0x00, 0x07, 0x01, 0x07, 0x01, 0x07, 0x01, 0x07, 0x01, 0x02, 0x02, 0x02,
0x02, 0x04, 0x0d, 0x28, 0x28, 0xd8, 0xd8, 0x28, 0x28, 0xd8, 0xd8, 0x28, 0xd8, 0x28, 0xd8, 0x28,
0x28, 0x8d, 0x17, 0xfa, 0x04, 0x04, 0xfa, 0xfa, 0xf0, 0xf0, 0xfa, 0x06, 0x10, 0x10, 0x06, 0x06,
0xfc, 0xfc, 0x06, 0xfa, 0xfa, 0x06, 0x06, 0x06, 0x06, 0xfa, 0xfa, 0x17, 0x10, 0x06, 0xfa, 0xf0,
0xf0, 0xfa, 0x06, 0x10, 0x10, 0x06, 0xfa, 0xf0, 0xf0, 0xfa, 0x06, 0x10, 0x06, 0xfa, 0x06, 0xfa,
0xfa, 0x06, 0xfa, 0x06, 0x00, 0x01, 0x1a, 0x0e, 0x83, 0x13, 0x0e, 0x1a, 0x04, 0x10, 0x1e, 0x1e,
0x1e, 0x1e, 0x10, 0x04, 0xfc, 0xf0, 0xe2, 0xe2, 0xe2, 0xe2, 0xf0, 0xfc, 0xe6, 0xf2, 0x83, 0x11,
0xf2, 0xe6, 0x1a, 0x04, 0x04, 0x1a, 0xfc, 0xe6, 0xe6, 0xfc, 0xfc, 0xfc, 0xfc, 0xfc, 0x1a, 0x1a,
0x1a, 0x1a, 0x83, 0x2f, 0xe3, 0xe3, 0xf1, 0xfd, 0x05, 0x11, 0x1f, 0x1f, 0x1f, 0x1f, 0x11, 0x05,
0xfd, 0xf1, 0xe3, 0xe3, 0xe3, 0xe3, 0xf1, 0xfd, 0x05, 0x11, 0x1f, 0x1f, 0x1f, 0x1f, 0x11, 0x05,
0xfd, 0xf1, 0xe3, 0xe3, 0xfd, 0xfd, 0x05, 0x05, 0xfd, 0xfd, 0x05, 0x05, 0x05, 0x05, 0xfd, 0xfd,
0x05, 0x05, 0xfd, 0xfd, 0x83, 0x80, 0x0f, 0x08, 0x08, 0x00, 0x10, 0x08, 0x08, 0x10, 0xf0, 0xf8,
0xf8, 0xf0, 0x00, 0xf8, 0xf8, 0x00, 0x10, 0x81, 0x02, 0xf0, 0xf0, 0xf0, 0x81, 0x17, 0xf8, 0xf0,
0x10, 0x08, 0x08, 0x10, 0xf0, 0xf8, 0xf8, 0xf0, 0x10, 0x08, 0x08, 0x10, 0xf0, 0xf8, 0xf0, 0x10,
0xf0, 0x10, 0x10, 0xf0, 0x10, 0xf0, 0x04, 0xf1, 0x05, 0x05, 0xf1, 0x14, 0x81, 0x01, 0x14, 0xec,
0x81, 0x0c, 0xec, 0x0f, 0xfb, 0xfb, 0x0f, 0x14, 0xf1, 0x0f, 0xec, 0xec, 0xec, 0xf1, 0xf1, 0x80,
0x01, 0xec, 0x14, 0x81, 0x01, 0x14, 0xec, 0x81, 0x01, 0xec, 0x14, 0x81, 0x0a, 0x14, 0xec, 0x00,
0xec, 0x14, 0xec, 0x14, 0x14, 0xec, 0x14, 0xec, 0x00, 0x0e, 0xe6, 0xfc, 0x1a, 0x1a, 0x1a, 0x1a,
0xfc, 0xe6, 0x00, 0xea, 0xcc, 0xcc, 0xcc, 0xcc, 0xea, 0x81, 0x0f, 0x16, 0x34, 0x34, 0x34, 0x34,
0x16, 0x00, 0x1a, 0x04, 0xe6, 0xe6, 0xe6, 0xe6, 0x04, 0x1a, 0xe6, 0x81, 0x03, 0xe6, 0x00, 0x1a,
0x1a, 0x84, 0x03, 0xe6, 0xe6, 0xe6, 0xe6, 0x83, 0x02, 0x34, 0x34, 0x16, 0x81, 0x05, 0xea, 0xcc,
0xcc, 0xcc, 0xcc, 0xea, 0x81, 0x05, 0x16, 0x34, 0x34, 0x34, 0x34, 0x16, 0x81, 0x05, 0xea, 0xcc,
0xcc, 0xcc, 0xcc, 0xea, 0x81, 0x02, 0x16, 0x34, 0x34, 0x93, 0x17, 0x2d, 0xff, 0xff, 0x2d, 0x0f,
0x3d, 0x3d, 0x0f, 0xf1, 0xc3, 0xc3, 0xf1, 0xd3, 0x01, 0x01, 0xd3, 0x0f, 0x2d, 0xd3, 0xf1, 0xf1,
0xf1, 0x2d, 0x2d, 0x17, 0xc3, 0xf1, 0x0f, 0x3d, 0x3d, 0x0f, 0xf1, 0xc3, 0xc3, 0xf1, 0x0f, 0x3d,
0x3d, 0x0f, 0xf1, 0xc3, 0xf1, 0x0f, 0xf1, 0x0f, 0x0f, 0xf1, 0x0f, 0xf1, 0x14, 0x13, 0x00, 0x07,
0x01, 0x07, 0x01, 0x07, 0x01, 0x07, 0x01, 0x02, 0x02, 0x02, 0x02, 0x01, 0x01, 0x01, 0x01, 0x01,
0x01, 0x01, 0x13, 0xfb, 0xfb, 0x05, 0x05, 0xfb, 0xfb, 0x05, 0x05, 0xfb, 0x05, 0xfb, 0x05, 0xfb,
0x05, 0x05, 0xfb, 0xfb, 0x05, 0x05, 0xfb, 0x93, 0x0e, 0x0d, 0x00, 0x07, 0x01, 0x07, 0x01, 0x07,
0x01, 0x07, 0x01, 0x02, 0x02, 0x02, 0x02, 0x04, 0x0d, 0xf5, 0xf5, 0x0b, 0x0b, 0xf5, 0xf5, 0x0b,
0x0b, 0xf5, 0x0b, 0xf5, 0x0b, 0xf5, 0xf5, 0x8d, 0x1c, 0x1b, 0x00, 0x03, 0x01, 0x03, 0x01, 0x03,
0x01, 0x03, 0x01, 0x03, 0x01, 0x03, 0x01, 0x03, 0x01, 0x03, 0x02, 0x02, 0x02, 0x02, 0x01, 0x01,
0x01, 0x01, 0x01, 0x01, 0x01, 0x01, 0x1b, 0xfc, 0xfc, 0xfc, 0xfc, 0x04, 0x04, 0x04, 0x04, 0xfc,
0xfc, 0xfc, 0xfc, 0x04, 0x04, 0x04, 0x04, 0x04, 0xfc, 0x04, 0xfc, 0xfc, 0x14, 0x14, 0xfc, 0xfc,
0x14, 0x14, 0xfc, 0x1b, 0x24, 0x24, 0xdc, 0xdc, 0xdc, 0xdc, 0x24, 0x24, 0x24, 0x24, 0xdc, 0xdc,
0xdc, 0xdc, 0x24, 0x24, 0x24, 0xdc, 0x24, 0xdc, 0xdc, 0xdc, 0x24, 0x24, 0xdc, 0xdc, 0x24, 0x24,
0x14, 0x13, 0x00, 0x07, 0x01, 0x07, 0x01, 0x07, 0x01, 0x07, 0x01, 0x02, 0x02, 0x02, 0x02, 0x01,
0x01, 0x01, 0x01, 0x01, 0x01, 0x01, 0x13, 0xf6, 0xf6, 0x0a, 0x0a, 0xf6, 0xf6, 0x0a, 0x0a, 0xf6,
0x0a, 0xf6, 0x0a, 0xf6, 0x2d, 0x2d, 0xf6, 0xf6, 0x2d, 0x2d, 0xf6, 0x93, 0x14, 0x13, 0x00, 0x07,
0x01, 0x07, 0x01, 0x07, 0x01, 0x07, 0x01, 0x02, 0x02, 0x02, 0x02, 0x01, 0x01, 0x01, 0x01, 0x01,
0x01, 0x01, 0x13, 0xe6, 0xe6, 0x1a, 0x1a, 0xe6, 0xe6, 0x1a, 0x1a, 0xe6, 0x1a, 0xe6, 0x1a, 0xe6,
0x34, 0x34, 0xe6, 0xe6, 0x34, 0x34, 0xe6, 0x93, 0x0e, 0x0d, 0x00, 0x07, 0x01, 0x07, 0x01, 0x07,
0x01, 0x07, 0x01, 0x02, 0x02, 0x02, 0x02, 0x04, 0x0d, 0xf1, 0xf1, 0x0f, 0x0f, 0xf1, 0xf1, 0x0f,
0x0f, 0xf1, 0x0f, 0xf1, 0x0f, 0xf1, 0xf1, 0x8d, 0x17, 0x03, 0xfe, 0xfe, 0x03, 0x03, 0x08, 0x08,
0x03, 0xfd, 0xf8, 0xf8, 0xfd, 0xfd, 0x02, 0x02, 0xfd, 0x03, 0x03, 0xfd, 0xfd, 0xfd, 0xfd, 0x03,
0x03, 0x17, 0xf8, 0xfd, 0x03, 0x08, 0x08, 0x03, 0xfd, 0xf8, 0xf8, 0xfd, 0x03, 0x08, 0x08, 0x03,
0xfd, 0xf8, 0xfd, 0x03, 0xfd, 0x03, 0x03, 0xfd, 0x03, 0xfd, 0x00, 0x01, 0xf3, 0xf9, 0x83, 0x13,
0xf9, 0xf3, 0xfe, 0xf8, 0xf1, 0xf1, 0xf1, 0xf1, 0xf8, 0xfe, 0x02, 0x08, 0x0f, 0x0f, 0x0f, 0x0f,
0x08, 0x02, 0x0d, 0x07, 0x83, 0x11, 0x07, 0x0d, 0xf3, 0xfe, 0xfe, 0xf3, 0x02, 0x0d, 0x0d, 0x02,
0x02, 0x02, 0x02, 0x02, 0xf3, 0xf3, 0xf3, 0xf3, 0x83, 0x2f, 0x0f, 0x0f, 0x08, 0x02, 0xfe, 0xf7,
0xf1, 0xf1, 0xf1, 0xf1, 0xf7, 0xfe, 0x02, 0x08, 0x0f, 0x0f, 0x0f, 0x0f, 0x08, 0x02, 0xfe, 0xf7,
0xf1, 0xf1, 0xf1, 0xf1, 0xf7, 0xfe, 0x02, 0x08, 0x0f, 0x0f, 0x02, 0x02, 0xfe, 0xfe, 0x02, 0x02,
0xfe, 0xfe, 0xfe, 0xfe, 0x02, 0x02, 0xfe, 0xfe, 0x02, 0x02, 0x83, 0x17, 0x03, 0xfe, 0xfe, 0x03,
0x03, 0x08, 0x08, 0x03, 0xfd, 0xf8, 0xf8, 0xfd, 0xfd, 0x02, 0x02, 0xfd, 0x03, 0x03, 0xfd, 0xfd,
0xfd, 0xfd, 0x03, 0x03, 0x17, 0xf8, 0xfd, 0x03, 0x08, 0x08, 0x03, 0xfd, 0xf8, 0xf8, 0xfd, 0x03,
0x08, 0x08, 0x03, 0xfd, 0xf8, 0xfd, 0x03, 0xfd, 0x03, 0x03, 0xfd, 0x03, 0xfd, 0x00, 0x01, 0xf0,
0xf8, 0x83, 0x13, 0xf8, 0xf0, 0xfe, 0xf6, 0xee, 0xee, 0xee, 0xee, 0xf6, 0xfe, 0x02, 0x0a, 0x12,
0x12, 0x12, 0x12, 0x0a, 0x02, 0x10, 0x08, 0x83, 0x11, 0x08, 0x10, 0xf0, 0xfe, 0xfe, 0xf0, 0x02,
0x10, 0x10, 0x02, 0x02, 0x02, 0x02, 0x02, 0xf0, 0xf0, 0xf0, 0xf0, 0x83, 0x2f, 0x12, 0x12, 0x09,
0x02, 0xfd, 0xf5, 0xed, 0xed, 0xed, 0xed, 0xf5, 0xfd, 0x02, 0x09, 0x12, 0x12, 0x12, 0x12, 0x09,
0x02, 0xfd, 0xf5, 0xed, 0xed, 0xed, 0xed, 0xf5, 0xfd, 0x02, 0x09, 0x12, 0x12, 0x02, 0x02, 0xfd,
0xfd, 0x02, 0x02, 0xfd, 0xfd, 0xfd, 0xfd, 0x02, 0x02, 0xfd, 0xfd, 0x02, 0x02, 0x83, 0x1a, 0x19,
0x00, 0x03, 0x01, 0x03, 0x01, 0x03, 0x01, 0x03, 0x01, 0x03, 0x01, 0x03, 0x01, 0x01, 0x02, 0x01,
0x02, 0x01, 0x02, 0x02, 0x02, 0x02, 0x02, 0x02, 0x02, 0x02, 0x04, 0x0b, 0xfd, 0xfd, 0x0b, 0xf2,
0x81, 0x01, 0xf2, 0x0e, 0x81, 0x0e, 0x0e, 0xf6, 0xfb, 0x04, 0x04, 0xfb, 0xf6, 0xf2, 0x0b, 0xf6,
0x0e, 0x0e, 0x0e, 0x0b, 0x0b, 0x80, 0x01, 0x0e, 0xf2, 0x81, 0x01, 0xf2, 0x0e, 0x81, 0x01, 0x0e,
0xf2, 0x82, 0x01, 0xf2, 0x0e, 0x81, 0x07, 0x0e, 0xf2, 0x0e, 0xf2, 0xf2, 0x0e, 0xf2, 0x0e, 0x00,
0xf5, 0x81, 0x09, 0xf5, 0xfc, 0xf1, 0xf1, 0xfc, 0x04, 0x0f, 0x0f, 0x04, 0x0b, 0x81, 0x08, 0x0b,
0xfc, 0xf5, 0x0b, 0x04, 0x04, 0x04, 0xf5, 0xf5, 0x17, 0x0f, 0x04, 0xfc, 0xf1, 0xf1, 0xfc, 0x04,
0x0f, 0x0f, 0x04, 0xfc, 0xf1, 0xf1, 0xfc, 0x04, 0x0f, 0x04, 0xfc, 0x04, 0xfc, 0xfc, 0x04, 0xfc,
0x04, 0x14, 0x13, 0x00, 0x07, 0x01, 0x07, 0x01, 0x07, 0x01, 0x07, 0x01, 0x02, 0x02, 0x02, 0x02,
0x01, 0x01, 0x01, 0x01, 0x01, 0x01, 0x01, 0x13, 0x0a, 0x0a, 0xf6, 0xf6, 0x0a, 0x0a, 0xf6, 0xf6,
0x0a, 0xf6, 0x0a, 0xf6, 0x0a, 0xe5, 0xe5, 0x0a, 0x0a, 0xe5, 0xe5, 0x0a, 0x93, 0x14, 0x13, 0x00,
0x07, 0x01, 0x07, 0x01, 0x07, 0x01, 0x07, 0x01, 0x02, 0x02, 0x02, 0x02, 0x01, 0x01, 0x01, 0x01,
0x01, 0x01, 0x01, 0x13, 0x10, 0x10, 0xf0, 0xf0, 0x10, 0x10, 0xf0, 0xf0, 0x10, 0xf0, 0x10, 0xf0,
0x10, 0xf5, 0xf5, 0x10, 0x10, 0xf5, 0xf5, 0x10, 0x93, 0x14, 0x13, 0x00, 0x07, 0x01, 0x07, 0x01,
0x07, 0x01, 0x07, 0x01, 0x02, 0x02, 0x02, 0x02, 0x01, 0x01, 0x01, 0x01, 0x01, 0x01, 0x01, 0x13,
0x12, 0x12, 0xee, 0xee, 0x12, 0x12, 0xee, 0xee, 0x12, 0xee, 0x12, 0xee, 0x12, 0xe1, 0xe1, 0x12,
0x12, 0xe1, 0xe1, 0x12, 0x93, 0x14, 0x13, 0x00, 0x01, 0x04, 0x01, 0x01, 0x01, 0x07, 0x01, 0x07,
0x01, 0x01, 0x04, 0x01, 0x01, 0x01, 0x02, 0x02, 0x02, 0x02, 0x04, 0x13, 0x11, 0x10, 0x11, 0x10,
0x11, 0xef, 0xef, 0x11, 0x11, 0xef, 0xf0, 0xef, 0xf0, 0xef, 0x11, 0xef, 0x11, 0xef, 0x11, 0x11,
0x93, 0x17, 0x16, 0x00, 0x07, 0x01, 0x07, 0x01, 0x07, 0x01, 0x01, 0x04, 0x01, 0x01, 0x01, 0x02,
0x02, 0x02, 0x02, 0x01, 0x01, 0x01, 0x01, 0x01, 0x01, 0x01, 0x16, 0x11, 0x11, 0xee, 0xee, 0x12,
0x12, 0xee, 0xef, 0xee, 0xef, 0xee, 0x11, 0xee, 0x12, 0xee, 0x12, 0xc3, 0xc3, 0x12, 0x11, 0xc3,
0xc3, 0x11, 0x96, 0x00, 0x2f, 0x16, 0x16, 0x17, 0x17, 0x17, 0x17, 0x16, 0x16, 0xea, 0xea, 0xe9,
0xe9, 0xe9, 0xe9, 0xea, 0xea, 0x16, 0x16, 0x17, 0x17, 0x17, 0x17, 0x16, 0x16, 0xea, 0xea, 0xe9,
0xe9, 0xe9, 0xe9, 0xea, 0xea, 0x16, 0xea, 0xea, 0x16, 0x16, 0xea, 0xea, 0x16, 0x16, 0xed, 0xed,
0x16, 0x16, 0xed, 0xed, 0x16, 0x83, 0xb3, 0x00, 0x80, 0x0d, 0x00, 0x38, 0x00, 0x22, 0x00, 0x09,
0x00, 0x45, 0x20, 0x06, 0x00, 0x22, 0x00, 0x05, 0x00, 0x22, 0x00, 0x02, 0x00, 0x41, 0x20, 0x01,
0x00, 0x28, 0x20, 0x00, 0x00, 0x14, 0x20, 0x0c, 0x00, 0x40, 0x20, 0x0b, 0x00, 0x45, 0x20, 0x08,
0x00, 0x40, 0x20, 0x0a, 0x00, 0x40, 0x20, 0x07, 0x00, 0x38, 0x20, 0x04, 0x00, 0x28, 0x20, 0x03,
0x10, 0x0f, 0x00, 0x03, 0x01, 0x03, 0x01, 0x03, 0x01, 0x03, 0x01, 0x03, 0x01, 0x03, 0x01, 0x03,
0x01, 0x03, 0x0f, 0xf5, 0xff, 0xff, 0xf5, 0xff, 0xf5, 0xf5, 0xff, 0x01, 0x0b, 0x0b, 0x01, 0x0b,
0x01, 0x01, 0x0b, 0x0f, 0x10, 0x06, 0xfa, 0xf0, 0xf0, 0xfa, 0x06, 0x10, 0x10, 0x06, 0xfa, 0xf0,
0xf0, 0xfa, 0x06, 0x10, 0x00, 0x1f, 0x0f, 0x03, 0xf5, 0xf5, 0xf5, 0xf5, 0x03, 0x0f, 0x0f, 0x1b,
0x29, 0x29, 0x29, 0x29, 0x1b, 0x0f, 0xf1, 0xe5, 0xd7, 0xd7, 0xd7, 0xd7, 0xe5, 0xf1, 0xf1, 0xfd,
0x0b, 0x0b, 0x0b, 0x0b, 0xfd, 0xf1, 0x83, 0x1f, 0xe3, 0xe3, 0xf1, 0xfd, 0x05, 0x11, 0x1f, 0x1f,
0x1f, 0x1f, 0x11, 0x05, 0xfd, 0xf1, 0xe3, 0xe3, 0xe3, 0xe3, 0xf1, 0xfd, 0x05, 0x11, 0x1f, 0x1f,
0x1f, 0x1f, 0x11, 0x05, 0xfd, 0xf1, 0xe3, 0xe3, 0x83, 0x0f, 0xfc, 0x04, 0x04, 0xfc, 0x14, 0x0c,
0x0c, 0x14, 0xec, 0xf4, 0xf4, 0xec, 0x04, 0xfc, 0xfc, 0x04, 0x0f, 0xf8, 0xf0, 0x10, 0x08, 0x08,
0x10, 0xf0, 0xf8, 0xf8, 0xf0, 0x10, 0x08, 0x08, 0x10, 0xf0, 0xf8, 0x0f, 0xe7, 0xfb, 0xfb, 0xe7,
0x1e, 0x0a, 0x0a, 0x1e, 0xe2, 0xf6, 0xf6, 0xe2, 0x19, 0x05, 0x05, 0x19, 0x80, 0x01, 0xec, 0x14,
0x81, 0x01, 0x14, 0xec, 0x81, 0x01, 0xec, 0x14, 0x81, 0x02, 0x14, 0xec, 0x00, 0x00, 0x01, 0xcc,
0xe2, 0x83, 0x13, 0xe2, 0xcc, 0x1a, 0x04, 0xe6, 0xe6, 0xe6, 0xe6, 0x04, 0x1a, 0xe6, 0xfc, 0x1a,
0x1a, 0x1a, 0x1a, 0xfc, 0xe6, 0x34, 0x1e, 0x83, 0x01, 0x1e, 0x34, 0x83, 0x02, 0x34, 0x34, 0x16,
0x81, 0x05, 0xea, 0xcc, 0xcc, 0xcc, 0xcc, 0xea, 0x81, 0x05, 0x16, 0x34, 0x34, 0x34, 0x34, 0x16,
0x81, 0x05, 0xea, 0xcc, 0xcc, 0xcc, 0xcc, 0xea, 0x81, 0x02, 0x16, 0x34, 0x34, 0x83, 0x0c, 0x0b,
0x01, 0x02, 0x01, 0x05, 0x02, 0x01, 0x05, 0x02, 0x01, 0x05, 0x02, 0x01, 0x0b, 0x0b, 0xf0, 0xf0,
0x31, 0x4c, 0x4c, 0xcf, 0xb4, 0xb4, 0xf5, 0x10, 0x10, 0x0b, 0xc3, 0xf1, 0x0f, 0x3d, 0x0f, 0xf1,
0xc3, 0xf1, 0x0f, 0x3d, 0x0f, 0xf1, 0x08, 0x07, 0x03, 0x01, 0x07, 0x01, 0x07, 0x01, 0x07, 0x01,
0x87, 0x07, 0x24, 0xdc, 0xdc, 0x24, 0x24, 0xdc, 0xdc, 0x24, 0x14, 0x13, 0x00, 0x01, 0x02, 0x01,
0x02, 0x01, 0x01, 0x03, 0x01, 0x03, 0x01, 0x01, 0x02, 0x01, 0x02, 0x01, 0x01, 0x03, 0x01, 0x03,
0x10, 0x06, 0x03, 0x01, 0x01, 0x03, 0x06, 0x01, 0x06, 0x06, 0x01, 0x00, 0xfd, 0xfb, 0xfb, 0xfd,
0x00, 0xfb, 0x81, 0x00, 0xfb, 0x13, 0xf8, 0xf8, 0xfd, 0x03, 0x08, 0x08, 0x08, 0x03, 0xfd, 0xf8,
0xf8, 0xf8, 0xfd, 0x03, 0x08, 0x08, 0x08, 0x03, 0xfd, 0xf8, 0x00, 0x1f, 0xf9, 0xff, 0x06, 0x06,
0x06, 0x06, 0xff, 0xf9, 0xf9, 0xf2, 0xec, 0xec, 0xec, 0xec, 0xf2, 0xf9, 0x08, 0x0e, 0x15, 0x15,
0x15, 0x15, 0x0e, 0x08, 0x08, 0x01, 0xfb, 0xfb, 0xfb, 0xfb, 0x01, 0x08, 0x83, 0x1f, 0x0f, 0x0f,
0x08, 0x02, 0xfe, 0xf7, 0xf1, 0xf1, 0xf1, 0xf1, 0xf7, 0xfe, 0x02, 0x08, 0x0f, 0x0f, 0x0f, 0x0f,
0x08, 0x02, 0xfe, 0xf7, 0xf1, 0xf1, 0xf1, 0xf1, 0xf7, 0xfe, 0x02, 0x08, 0x0f, 0x0f, 0x83, 0x14,
0x13, 0x00, 0x01, 0x02, 0x01, 0x02, 0x01, 0x01, 0x03, 0x01, 0x03, 0x01, 0x01, 0x02, 0x01, 0x02,
0x01, 0x01, 0x03, 0x01, 0x03, 0x10, 0x06, 0x03, 0x01, 0x01, 0x03, 0x06, 0x01, 0x06, 0x06, 0x01,
0x00, 0xfd, 0xfb, 0xfb, 0xfd, 0x00, 0xfb, 0x81, 0x00, 0xfb, 0x13, 0xf8, 0xf8, 0xfd, 0x03, 0x08,
0x08, 0x08, 0x03, 0xfd, 0xf8, 0xf8, 0xf8, 0xfd, 0x03, 0x08, 0x08, 0x08, 0x03, 0xfd, 0xf8, 0x14,
0x13, 0x01, 0x02, 0x01, 0x01, 0x03, 0x01, 0x01, 0x01, 0x01, 0x02, 0x02, 0x01, 0x02, 0x01, 0x01,
0x01, 0x03, 0x01, 0x01, 0x01, 0x13, 0xfe, 0x07, 0x07, 0x07, 0xf7, 0xef, 0xe7, 0xe7, 0xe7, 0xef,
0x09, 0x11, 0x19, 0x19, 0x19, 0x11, 0x02, 0xf9, 0xf9, 0xf9, 0x13, 0x12, 0x02, 0xfd, 0xf5, 0xed,
0xed, 0xf5, 0xfd, 0x02, 0x12, 0x12, 0x12, 0x02, 0xfd, 0xf5, 0xed, 0xed, 0xf5, 0xfd, 0x02, 0x12,
0x11, 0x00, 0x03, 0x01, 0x03, 0x01, 0x03, 0x01, 0x03, 0x01, 0x03, 0x01, 0x03, 0x01, 0x01, 0x02,
0x01, 0x02, 0x01, 0x11, 0x12, 0x04, 0x04, 0x12, 0xeb, 0xf9, 0xf9, 0xeb, 0x15, 0x07, 0x07, 0x15,
0xef, 0xf4, 0xfd, 0xfd, 0xf4, 0xef, 0x80, 0x01, 0x0e, 0xf2, 0x81, 0x01, 0xf2, 0x0e, 0x81, 0x01,
0x0e, 0xf2, 0x82, 0x01, 0xf2, 0x0e, 0x81, 0x0c, 0x0b, 0x03, 0x01, 0x05, 0x02, 0x01, 0x02, 0x05,
0x01, 0x05, 0x02, 0x01, 0x02, 0x0b, 0x04, 0x04, 0xf4, 0xed, 0xed, 0xf4, 0x13, 0x13, 0x03, 0xfc,
0xfc, 0x03, 0x0b, 0x04, 0xfc, 0xf1, 0xfc, 0x04, 0x0f, 0x04, 0xfc, 0xf1, 0xfc, 0x04, 0x0f, 0x00,
0x80, 0x0c, 0x00, 0x34, 0x00, 0x65, 0x20, 0x09, 0x00, 0x65, 0x20, 0x06, 0x00, 0x34, 0x20, 0x05,
0x00, 0x32, 0x00, 0x02, 0x00, 0x4c, 0x20, 0x01, 0x00, 0x65, 0x20, 0x00, 0x00, 0x65, 0x20, 0x0b,
0x00, 0x65, 0x20, 0x08, 0x00, 0x65, 0x20, 0x0a, 0x00, 0x65, 0x20, 0x07, 0x00, 0x32, 0x00, 0x04,
0x00, 0x65, 0x20, 0x03, 0x18, 0x17, 0x00, 0x03, 0x01, 0x03, 0x01, 0x03, 0x01, 0x03, 0x01, 0x03,
0x01, 0x03, 0x01, 0x03, 0x01, 0x03, 0x01, 0x03, 0x01, 0x03, 0x01, 0x03, 0x01, 0x03, 0x00, 0x16,
0xf1, 0xf4, 0xf6, 0xf6, 0xf6, 0xf6, 0xf4, 0xf1, 0xf1, 0xee, 0xec, 0xec, 0xec, 0xec, 0xee, 0xf1,
0x00, 0x03, 0x05, 0x05, 0x05, 0x05, 0x03, 0x81, 0x16, 0xfd, 0xfb, 0xfb, 0xfb, 0xfb, 0xfd, 0x00,
0x0f, 0x12, 0x14, 0x14, 0x14, 0x14, 0x12, 0x0f, 0x0f, 0x0c, 0x0a, 0x0a, 0x0a, 0x0a, 0x0c, 0x0f,
0x83, 0x2f, 0x14, 0x14, 0x12, 0x0f, 0xf1, 0xee, 0xec, 0xec, 0xec, 0xec, 0xee, 0xf1, 0x0f, 0x12,
0x14, 0x14, 0x14, 0x14, 0x12, 0x0f, 0xf1, 0xee, 0xec, 0xec, 0xec, 0xec, 0xee, 0xf1, 0x0f, 0x12,
0x14, 0x14, 0x14, 0x14, 0x12, 0x0f, 0xf1, 0xee, 0xec, 0xec, 0xec, 0xec, 0xee, 0xf1, 0x0f, 0x12,
0x14, 0x14, 0x83, 0x00, 0x16, 0x13, 0x0e, 0x06, 0x06, 0x06, 0x06, 0x0e, 0x13, 0x13, 0x18, 0x20,
0x20, 0x20, 0x20, 0x18, 0x13, 0x00, 0xfb, 0xf3, 0xf3, 0xf3, 0xf3, 0xfb, 0x81, 0x16, 0x05, 0x0d,
0x0d, 0x0d, 0x0d, 0x05, 0x00, 0xed, 0xe8, 0xe0, 0xe0, 0xe0, 0xe0, 0xe8, 0xed, 0xed, 0xf2, 0xfa,
0xfa, 0xfa, 0xfa, 0xf2, 0xed, 0x83, 0x2f, 0xe0, 0xe0, 0xe8, 0xed, 0xf6, 0xfb, 0x03, 0x03, 0x03,
0x03, 0xfb, 0xf6, 0xed, 0xe8, 0xe0, 0xe0, 0xe0, 0xe0, 0xe8, 0xed, 0x13, 0x18, 0x20, 0x20, 0x20,
0x20, 0x18, 0x13, 0xed, 0xe8, 0xe0, 0xe0, 0xe0, 0xe0, 0xe8, 0xed, 0x0a, 0x0f, 0x17, 0x17, 0x17,
0x17, 0x0f, 0x0a, 0xed, 0xe8, 0xe0, 0xe0, 0x83, 0x10, 0x0f, 0x01, 0x02, 0x01, 0x05, 0x02, 0x01,
0x05, 0x04, 0x04, 0x04, 0x04, 0x02, 0x02, 0x04, 0x02, 0x02, 0x0f, 0xee, 0xf0, 0xf0, 0xe2, 0xe0,
0xe0, 0x06, 0x08, 0xfa, 0xf8, 0x1e, 0x20, 0x20, 0x12, 0x10, 0x10, 0x0f, 0x20, 0x1c, 0x2c, 0x28,
0x2c, 0x1c, 0x20, 0xe2, 0xe0, 0x1e, 0x20, 0x1c, 0xea, 0xe8, 0xec, 0x1e, 0x04, 0x0a, 0x14, 0x14,
0x0a, 0x0a, 0x81, 0x03, 0x0a, 0x00, 0x0a, 0x0a, 0x81, 0x03, 0xf6, 0xf6, 0x00, 0xf6, 0x81, 0x04,
0xf6, 0xf6, 0xec, 0xec, 0xf6, 0x80, 0x01, 0xf6, 0x0a, 0x81, 0x01, 0x0a, 0xf6, 0x81, 0x01, 0xf6,
0x0a, 0x81, 0x01, 0x0a, 0xf6, 0x81, 0x01, 0xf6, 0x0a, 0x81, 0x02, 0x0a, 0xf6, 0x00, 0x18, 0x17,
0x00, 0x03, 0x01, 0x03, 0x01, 0x03, 0x01, 0x03, 0x01, 0x03, 0x01, 0x03, 0x01, 0x03, 0x01, 0x03,
0x01, 0x03, 0x02, 0x02, 0x01, 0x03, 0x02, 0x02, 0x00, 0xf6, 0x81, 0x11, 0xf6, 0xd6, 0xcc, 0xcc,
0xd6, 0x10, 0x1a, 0x1a, 0x10, 0xf0, 0xe6, 0xe6, 0xf0, 0x2a, 0x34, 0x34, 0x2a, 0x0a, 0x81, 0x00,
0x0a, 0x17, 0x34, 0x2a, 0xcc, 0xc2, 0xc2, 0xcc, 0x2a, 0x34, 0x34, 0x2a, 0xd6, 0xcc, 0xcc, 0xd6,
0x2a, 0x34, 0x34, 0x2a, 0xdc, 0xd6, 0xd6, 0xe0, 0x2e, 0x34, 0x00, 0x2f, 0x1a, 0x11, 0x03, 0x03,
0x03, 0x03, 0x11, 0x1a, 0x0b, 0x14, 0x22, 0x22, 0x22, 0x22, 0x14, 0x0b, 0x08, 0xff, 0xf1, 0xf1,
0xf1, 0xf1, 0xff, 0x08, 0xf8, 0x01, 0x0f, 0x0f, 0x0f, 0x0f, 0x01, 0xf8, 0xf5, 0xec, 0xde, 0xde,
0xde, 0xde, 0xec, 0xf5, 0xe6, 0xef, 0xfd, 0xfd, 0xfd, 0xfd, 0xef, 0xe6, 0x83, 0x2f, 0xde, 0xde,
0xec, 0xf5, 0xf7, 0x00, 0x0e, 0x0e, 0x0e, 0x0e, 0x00, 0xf7, 0xf5, 0xec, 0xde, 0xde, 0xde, 0xde,
0xec, 0xf5, 0x0b, 0x14, 0x22, 0x22, 0x22, 0x22, 0x14, 0x0b, 0xf5, 0xec, 0xde, 0xde, 0xde, 0xde,
0xec, 0xf5, 0x0b, 0x14, 0x22, 0x22, 0x22, 0x22, 0x14, 0x0b, 0xf5, 0xec, 0xde, 0xde, 0x83, 0x00,
0x16, 0x08, 0x06, 0x05, 0x05, 0x05, 0x05, 0x06, 0x08, 0x08, 0x09, 0x0a, 0x0a, 0x0a, 0x0a, 0x09,
0x08, 0x00, 0xfe, 0xfe, 0xfe, 0xfe, 0xfe, 0xfe, 0x81, 0x16, 0x02, 0x03, 0x03, 0x03, 0x03, 0x02,
0x00, 0xf9, 0xf7, 0xf6, 0xf6, 0xf6, 0xf6, 0xf7, 0xf9, 0xf9, 0xfa, 0xfb, 0xfb, 0xfb, 0xfb, 0xfa,
0xf9, 0x83, 0x2f, 0xf6, 0xf6, 0xf7, 0xf9, 0x08, 0x09, 0x0a, 0x0a, 0x0a, 0x0a, 0x09, 0x08, 0xf9,
0xf7, 0xf6, 0xf6, 0xf6, 0xf6, 0xf7, 0xf9, 0x08, 0x09, 0x0a, 0x0a, 0x0a, 0x0a, 0x09, 0x08, 0xf9,
0xf7, 0xf6, 0xf6, 0xf6, 0xf6, 0xf7, 0xf9, 0x08, 0x09, 0x0a, 0x0a, 0x0a, 0x0a, 0x09, 0x08, 0xf9,
0xf7, 0xf6, 0xf6, 0x83, 0x00, 0x16, 0xf7, 0xf9, 0xfd, 0xfd, 0xfd, 0xfd, 0xf9, 0xf7, 0xf7, 0xf4,
0xf0, 0xf0, 0xf0, 0xf0, 0xf4, 0xf7, 0x00, 0x03, 0x07, 0x07, 0x07, 0x07, 0x03, 0x81, 0x16, 0xfd,
0xfa, 0xfa, 0xfa, 0xfa, 0xfd, 0x00, 0x0a, 0x0c, 0x10, 0x10, 0x10, 0x10, 0x0c, 0x0a, 0x0a, 0x07,
0x03, 0x03, 0x03, 0x03, 0x07, 0x0a, 0x83, 0x2f, 0x10, 0x10, 0x0c, 0x0a, 0x05, 0x02, 0xff, 0xff,
0xff, 0xff, 0x02, 0x05, 0x0a, 0x0c, 0x10, 0x10, 0x10, 0x10, 0x0c, 0x0a, 0xf7, 0xf4, 0xf0, 0xf0,
0xf0, 0xf0, 0xf4, 0xf7, 0x0a, 0x0c, 0x10, 0x10, 0x10, 0x10, 0x0c, 0x0a, 0xfb, 0xf8, 0xf5, 0xf5,
0xf5, 0xf5, 0xf8, 0xfb, 0x0a, 0x0c, 0x10, 0x10, 0x83, 0x00, 0x16, 0x08, 0x06, 0x05, 0x05, 0x05,
0x05, 0x06, 0x08, 0x08, 0x09, 0x0a, 0x0a, 0x0a, 0x0a, 0x09, 0x08, 0x00, 0xfe, 0xfe, 0xfe, 0xfe,
0xfe, 0xfe, 0x81, 0x16, 0x02, 0x03, 0x03, 0x03, 0x03, 0x02, 0x00, 0xf9, 0xf7, 0xf6, 0xf6, 0xf6,
0xf6, 0xf7, 0xf9, 0xf9, 0xfa, 0xfb, 0xfb, 0xfb, 0xfb, 0xfa, 0xf9, 0x83, 0x2f, 0xf6, 0xf6, 0xf7,
0xf9, 0x08, 0x09, 0x0a, 0x0a, 0x0a, 0x0a, 0x09, 0x08, 0xf9, 0xf7, 0xf6, 0xf6, 0xf6, 0xf6, 0xf7,
0xf9, 0x08, 0x09, 0x0a, 0x0a, 0x0a, 0x0a, 0x09, 0x08, 0xf9, 0xf7, 0xf6, 0xf6, 0xf6, 0xf6, 0xf7,
0xf9, 0x08, 0x09, 0x0a, 0x0a, 0x0a, 0x0a, 0x09, 0x08, 0xf9, 0xf7, 0xf6, 0xf6, 0x83, 0x00, 0x16,
0xf4, 0xf7, 0xfc, 0xfc, 0xfc, 0xfc, 0xf7, 0xf4, 0xf4, 0xf2, 0xec, 0xec, 0xec, 0xec, 0xf2, 0xf4,
0x00, 0x03, 0x08, 0x08, 0x08, 0x08, 0x03, 0x81, 0x16, 0xfd, 0xf8, 0xf8, 0xf8, 0xf8, 0xfd, 0x00,
0x0c, 0x0e, 0x14, 0x14, 0x14, 0x14, 0x0e, 0x0c, 0x0c, 0x09, 0x04, 0x04, 0x04, 0x04, 0x09, 0x0c,
0x83, 0x2f, 0x14, 0x14, 0x0e, 0x0c, 0x06, 0x04, 0xfe, 0xfe, 0xfe, 0xfe, 0x04, 0x06, 0x0c, 0x0e,
0x14, 0x14, 0x14, 0x14, 0x0e, 0x0c, 0xf4, 0xf2, 0xec, 0xec, 0xec, 0xec, 0xf2, 0xf4, 0x0c, 0x0e,
0x14, 0x14, 0x14, 0x14, 0x0e, 0x0c, 0xfa, 0xf7, 0xf2, 0xf2, 0xf2, 0xf2, 0xf7, 0xfa, 0x0c, 0x0e,
0x14, 0x14, 0x83, 0x04, 0xf9, 0xf2, 0xf2, 0xf9, 0xf9, 0x81, 0x03, 0xf9, 0x00, 0xf9, 0xf9, 0x81,
0x03, 0x07, 0x07, 0x00, 0x07, 0x81, 0x04, 0x07, 0x07, 0x0e, 0x0e, 0x07, 0x80, 0x01, 0x07, 0xf9,
0x81, 0x01, 0xf9, 0x07, 0x81, 0x01, 0x07, 0xf9, 0x81, 0x01, 0xf9, 0x07, 0x81, 0x01, 0x07, 0xf9,
0x81, 0x02, 0xf9, 0x07, 0x00, 0x00, 0x2f, 0xfa, 0xfb, 0xff, 0xff, 0xff, 0xff, 0xfb, 0xfa, 0xfd,
0xfb, 0xf8, 0xf8, 0xf8, 0xf8, 0xfb, 0xfd, 0xfe, 0x00, 0x04, 0x04, 0x04, 0x04, 0x00, 0xfe, 0x02,
0x00, 0xfc, 0xfc, 0xfc, 0xfc, 0x00, 0x02, 0x03, 0x05, 0x09, 0x09, 0x09, 0x09, 0x05, 0x03, 0x07,
0x05, 0x01, 0x01, 0x01, 0x01, 0x05, 0x07, 0x83, 0x2f, 0x09, 0x09, 0x05, 0x03, 0x02, 0x00, 0xfd,
0xfd, 0xfd, 0xfd, 0x00, 0x02, 0x03, 0x05, 0x09, 0x09, 0x09, 0x09, 0x05, 0x03, 0xfd, 0xfb, 0xf8,
0xf8, 0xf8, 0xf8, 0xfb, 0xfd, 0x03, 0x05, 0x09, 0x09, 0x09, 0x09, 0x05, 0x03, 0xfd, 0xfb, 0xf8,
0xf8, 0xf8, 0xf8, 0xfb, 0xfd, 0x03, 0x05, 0x09, 0x09, 0x83, 0x00, 0x00
};

#endif // VMP_MATERIAL_SYMBOLS_DATA_H
